ID,施設・サービス名,種類名,タグ,障害福祉サービス等事業所番号,法人の名称,事業所名カナ,郵便番号,所在地,指定年月日,電話番号,FAX番号,移動・地域活動支援事業所番号,地域活動支援事業の定員,法人の種類,身体,知的,精神,難病,障害児,給食,入浴,送迎
23900110001024,グランエミシス中川下之一色,共同生活援助,中川,2321300382,株式会社エナジィー,グランエミシスナカガワシモノイッシキ,454-0945,愛知県名古屋市中川区下之一色町字西ノ切61番地の7,2021/12/1,052-890-3940,052-890-3941,,,営利法人,,,,,,,,
23900110000423,グループホーム　ロンド・ベル,共同生活援助,北,2327300287,一般社団法人でぃすかばりー,グループホーム ロンド・ベル,462-0014,愛知県名古屋市北区楠味鋺五丁目2311番地,2021/12/1,052-325-8550,052-325-8560,,,社団・財団,,,,,,,,
23900110002279,ふくふく,共同生活援助,南,2328100199,合同会社福祉家,フクフク,457-0012,愛知県名古屋市南区菊住二丁目16番22号,2021/12/1,052-824-0054,052-433-4170,,,営利法人,,,,,,,,
23900110000361,マリアナちゃん,共同生活援助,中村,2320100320,一般社団法人アースエンジェルケアサポート,マリアナチャン,453-0058,愛知県名古屋市中村区城屋敷町4丁目5番地の1,2021/11/1,052-411-3815,052-412-9575,,,社団・財団,,,,,,,,
23900110000010,あい・らいふ,共同生活援助,緑,2328500174,ＦＧマネジメント株式会社,アイ・ライフ,458-0037,愛知県名古屋市緑区潮見が丘一丁目45番地,2021/11/1,080-1610-0790,052-737-7303,,,営利法人,,,,,,,,
23900110001089,こだまのいえ中村稲葉地,共同生活援助,中村,2320100304,株式会社クリードケア,コダマノイエナカムライナバジ,453-0057,愛知県名古屋市中村区稲葉地本通2丁目13番地の2,2021/10/1,052-770-9408,052-911-5035,,,営利法人,,,,,,,,
23900110000195,ソーシャルインクルーホーム名古屋熊野町,共同生活援助(日中サービス支援型),中村,2320100312,ソーシャルインクルー株式会社,ソーシャルインクルーホームナゴヤクマノチョウ,453-0814,愛知県名古屋市中村区熊野町3丁目1番地,2021/10/1,052-482-3336,052-482-3337,,,営利法人,,,,,,,,
23900110001513,ひまわりの家２,共同生活援助,中川,2321300374,株式会社ひまわり,ヒマワリノイエニ,454-0904,愛知県名古屋市中川区八田本町26番地フローラルガーデン601,2021/10/1,052-750-5175,052-750-5176,,,営利法人,,,,,,,,
23900110003026,グループホームあいりす,共同生活援助,天白,2326400286,特定非営利活動法人Ｓｏｃｉａｌ　Ｇｏｏｄ,グループホームアイリス,468-0001,愛知県名古屋市天白区植田山四丁目1008番地の2,2021/10/1,052-846-7900,052-846-7901,,,非営利法人（NPO）,,,,,,,,
23900110001488,デイズグループホーム名古屋千種,共同生活援助,千種,2327100141,株式会社ハルカデイズ,デイズグループホームナゴヤチクサ,464-0851,愛知県名古屋市千種区今池南9丁目12番地,2021/10/1,052-734-4011,052-734-4011,,,営利法人,,,,,,,,
23900110003108,ＲｕＲｉエン,共同生活援助,中川,2321300366,特定非営利活動法人くらし応援ネットワーク,ルリエン,454-0844,愛知県名古屋市中川区葉池町2丁目2番地,2021/9/1,052-387-6259,052-387-6259,,,非営利法人（NPO）,,,,,,,,
23900110001737,らぽーる瑞穂,共同生活援助,瑞穂,2321400117,株式会社レグザーク,ラポールミズホ,467-0875,愛知県名古屋市瑞穂区御劔町1丁目10番地,2021/9/1,052-882-3556,052-882-3556,,,営利法人,,,,,,,,
23900110002188,グループホームひがし,共同生活援助,天白,2326400278,合同会社ひがし企画,グループホームヒガシ,468-0041,愛知県名古屋市天白区保呂町1501番地コンフォート森山101号室・201号室,2021/9/1,052-847-9669,052-847-9670,,,営利法人,,,,,,,,
23900110001803,グループホームふわふわ北,共同生活援助,北,2327300279,株式会社恵,グループホームフワフワキタ,462-0015,愛知県名古屋市北区中味鋺三丁目1003番地の1,2021/9/1,052-903-7007,052-903-7007,,,営利法人,,,,,,,,
23900110003150,セブンデイズめいせい,共同生活援助,西,2320200179,特定非営利活動法人セブンデイズ,セブンデイズメイセイ,451-0064,愛知県名古屋市西区名西一丁目9番35号,2021/8/1,080-9981-9467,052-401-1285,,,非営利法人（NPO）,,,,,,,,
23900110002697,寛政の里,共同生活援助,港,2321200194,社会福祉法人昌明福祉会,カンセイノサト,455-0066,愛知県名古屋市港区寛政町6丁目25番地　寛政の里2階,2021/8/1,052-381-0032,052-381-0084,,,社会福祉法人（社協以外）,,,,,,,,
23900110001705,アイリス大森,共同生活援助,守山,2327600348,株式会社ライフフロムナウ,アイリスオオモリ,463-0023,愛知県名古屋市守山区今尻町607番地,2021/8/1,052-799-6626,052-799-6626,,,営利法人,,,,,,,,
23900110002191,にじ色ハウス,共同生活援助,守山,2327600355,合同会社ピュアスマイル,ニジイロハウス,463-0002,愛知県名古屋市守山区大字中志段味字大洞口2741番地の8,2021/8/1,052-750-2598,052-720-0735,,,営利法人,,,,,,,,
23900110002657,障害者グループホームなの花畑,共同生活援助,緑,2328500166,社会福祉法人貴愛会,ショウガイシャグループホームナノハナバタケ,458-0849,愛知県名古屋市緑区大清水東306番地,2021/8/1,052-879-4976,052-879-4922,,,社会福祉法人（社協以外）,,,,,,,,
23900110003624,憩い,共同生活援助,北,2327300261,有限会社愛東住郷,イコイ,462-0015,愛知県名古屋市北区中味鋺二丁目939番地,2021/7/1,070-8399-2169,052-601-7016,,,営利法人,,,,,,,,
23900110000324,まごころの杜ＤＲ．ＩＷＡＯグループホーム名古屋1,共同生活援助,中村,2320100296,医療法人陽明会,マゴコロノモリドクターイワオグループホームナゴヤイチ,453-0855,愛知県名古屋市中村区烏森町1丁目57番地,2021/6/1,052-526-5125,052-526-5126,,,医療法人,,,,,,,,
23900110001817,キツラノホーム,共同生活援助,瑞穂,2321400109,株式会社幸栄,キツラノホーム,467-0004,愛知県名古屋市瑞穂区松月町3丁目48番地の3,2021/6/1,052-718-4013,052-718-4013,,,営利法人,,,,,,,,
23900110000943,Ｇｉｆｔしおがま,共同生活援助,天白,2326400252,株式会社アンプル,ギフトシオガマ,468-0073,愛知県名古屋市天白区塩釜口一丁目825番地の1　プリマ塩釜3012号室,2021/6/1,052-808-9500,052-800-8701,,,営利法人,,,,,,,,
23900110002229,グループホームそよ風,共同生活援助,天白,2326400260,合同会社ラファール,グループホームソヨカゼ,468-0836,愛知県名古屋市天白区相川一丁目18番地の1,2021/6/1,050-3578-9292,052-308-1530,,,営利法人,,,,,,,,
23900110000330,グループホーム　リバンス,共同生活援助,守山,2327600330,一般社団法人　まごころ福祉会,グループホーム リバンス,463-0036,愛知県名古屋市守山区向台三丁目1204番地,2021/5/1,052-778-8400,052-307-4380,,,社団・財団,,,,,,,,
23900110003720,暮らしっく,共同生活援助,名東,2328000167,絆プロジェクト株式会社,クラシック,465-0086,愛知県名古屋市名東区代万町2丁目58番地の3,2021/5/1,052-784-6410,052-784-6411,,,営利法人,,,,,,,,
23900110000425,みんなのいえ,共同生活援助,中村,2320100288,一般社団法人なごや障がい者サポート協会,ミンナノイエ,453-0014,愛知県名古屋市中村区則武二丁目26番19号,2021/4/1,052-433-7771,052-433-7772,,,社団・財団,,,,,,,,
23900110001596,ＮＥＸＵＳ枇杷島,共同生活援助(日中サービス支援型),西,2320200161,株式会社マザーズ,ネクサスビワジマ,451-0053,愛知県名古屋市西区枇杷島二丁目19番39号,2021/4/1,052-325-3322,052-325-3323,,,営利法人,,,,,,,,
23900110000381,グループホームいこい,共同生活援助,天白,2326400245,一般社団法人いこい,グループホームイコイ,468-0003,愛知県名古屋市天白区鴻の巣二丁目801番地　ドミール藤治101号,2021/4/1,052-875-4151,052-875-4152,,,社団・財団,,,,,,,,
23900110000244,クライスハイム名古屋事業所,共同生活援助,千種,2327100133,ミナノワ株式会社,クライスハイムナゴヤジギョウショ,464-0850,愛知県名古屋市千種区今池二丁目19番8号,2021/4/1,052-439-6350,052-439-6351,,,営利法人,,,,,,,,
23900110001632,たまねぎ,共同生活援助,北,2327300253,株式会社みんなの福祉村,タマネギ,462-0011,愛知県名古屋市北区五反田町140番地の1,2021/4/1,052-508-7620,052-508-7620,,,営利法人,,,,,,,,
23900110001909,ピースハウス,共同生活援助,守山,2327600306,株式会社未来サポート,ピースハウス,463-0008,愛知県名古屋市守山区小幡北2520番地,2021/4/1,052-737-8152,052-737-8152,,,営利法人,,,,,,,,
23900110000619,ＡＧ　Ｈｏｕｓｅ,共同生活援助,守山,2327600314,株式会社ＡＧ,エージーハウス,463-0035,愛知県名古屋市守山区森孝一丁目1717番地,2021/4/1,052-526-2004,052-308-3485,,,営利法人,,,,,,,,
23900110001809,グループホームゆうＡ,共同生活援助,守山,2327600322,株式会社結,グループホームユウエー,463-0023,愛知県名古屋市守山区今尻町1209番地,2021/4/1,052-737-6667,052-737-6670,,,営利法人,,,,,,,,
23900110003014,春夏秋冬,共同生活援助,名東,2328000159,特定非営利活動法人Ｈａｎｄｓ,シュンカシュウトウ,465-0051,愛知県名古屋市名東区社が丘二丁目602番地　3Ｆ,2021/4/1,052-705-6667,052-433-8585,,,非営利法人（NPO）,,,,,,,,
23900110000245,みらいろほーむ黒沢台,共同生活援助,緑,2328500158,みらいろ株式会社,ミライロホームクロサワダイ,458-0003,愛知県名古屋市緑区黒沢台三丁目833番地,2021/4/1,052-680-9338,052-680-9339,,,営利法人,,,,,,,,
23900110001030,ウィズ,共同生活援助,中村,2320100270,株式会社エバーアフター,ウィズ,453-0044,愛知県名古屋市中村区鳥居通4丁目16番地　3F,2021/3/1,052-433-9399,052-433-9399,,,営利法人,,,,,,,,
23900110000091,マイホーム,共同生活援助,港,2321200186,ヴァンライズ有限会社,マイホーム,455-0051,愛知県名古屋市港区中川本町5丁目1番地の1,2021/3/1,090-5459-3178,052-301-3069,,,営利法人,,,,,,,,
23900110001821,よこいの家,共同生活援助,中村,2320100262,株式会社志穏,ヨコイノイエ,453-0866,愛知県名古屋市中村区横井一丁目69番地　102号室,2021/2/1,052-700-9602,052-700-9617,,,営利法人,,,,,,,,
23900110003346,虹望寮�V,共同生活援助,守山,2327600298,特定非営利活動法人虹望会,コウボウリョウスリー,463-0067,愛知県名古屋市守山区守山三丁目2番52号,2021/2/1,052-791-1839,050-5116-7397,,,非営利法人（NPO）,,,,,,,,
23900110000099,ウェルホーム２４,共同生活援助,中村,2320100254,ウェルフェア２４合同会社,ウェルホームニジュウヨン,453-0828,愛知県名古屋市中村区中村本町3丁目33番地の2,2021/1/1,052-766-7024,052-766-3371,,,営利法人,,,,,,,,
23900110002074,グループホームＪＯＹ�V,共同生活援助,天白,2326400237,合同会社Ｒｈｙｚｍ,グループホームジョイスリー,468-0012,愛知県名古屋市天白区向が丘三丁目1012番地　メイワマンション101号,2021/1/1,052-875-5922,072-237-1134,,,営利法人,,,,,,,,
23900110002225,障害者グループホームライフアップ,共同生活援助,南,2328100181,合同会社ライフアップ,ショウガイシャグループホームライフアップ,457-0805,愛知県名古屋市南区三吉町2丁目20番地,2021/1/1,052-611-5578,052-611-5578,,,営利法人,,,,,,,,
23900110000831,障がい者グループホーム　ＳＵＮＳ名古屋,共同生活援助,中村,2320100247,株式会社ＳＵＮＳ,ショウガイシャグループホーム SUNSナゴヤ,453-0057,愛知県名古屋市中村区稲葉地本通1丁目33番地,2020/12/1,052-887-6428,052-887-6428,,,営利法人,,,,,,,,
23900110003271,グループホームひなた�W,共同生活援助,中川,2321300358,特定非営利活動法人ライフパートナー,グループホームヒナタフォー,454-0941,愛知県名古屋市中川区前田西町二丁目402番地,2020/12/1,052-364-6272,052-364-6273,,,非営利法人（NPO）,,,,,,,,
23900110001618,みらいえ名古屋,共同生活援助,名東,2328000142,株式会社ミクルライフサポート,ミライエナゴヤ,465-0053,愛知県名古屋市名東区極楽二丁目92番地,2020/12/1,052-977-7607,052-977-7607,,,営利法人,,,,,,,,
23900110000833,障がい者グループホームＳＵＮＳ,共同生活援助,中村,2320100239,株式会社ＳＵＮＳ,ショウガイシャグループホームサンズ,453-0863,愛知県名古屋市中村区八社一丁目133番地　ensoleill八社Ｄ棟,2020/11/1,052-887-6428,052-887-6428,,,営利法人,,,,,,,,
23900110001220,リボンハウス,共同生活援助,名東,2328000134,株式会社ジョイフルハーツ,リボンハウス,465-0095,愛知県名古屋市名東区高社一丁目16番地　東昭ビル　312,2020/11/1,052-778-1238,052-308-8295,,,営利法人,,,,,,,,
23900110001510,ひまわりの家,共同生活援助,中村,2320100221,株式会社ひまわり,ヒマワリノイエ,453-0061,愛知県名古屋市中村区日比津町3丁目1番22号,2020/10/1,052-990-7773,052-990-7772,,,営利法人,,,,,,,,
23900110001828,順風の家,共同生活援助,西,2320200146,株式会社順風の里,ジュンプウノイエ,451-0021,愛知県名古屋市西区天塚町1丁目12番地,2020/10/1,080-3675-8050,052-935-8050,,,営利法人,,,,,,,,
23900110000996,グランエミシス上小田井,共同生活援助(日中サービス支援型),西,2320200153,株式会社エイルサポート,グランエミシスカミオタイ,452-0843,愛知県名古屋市西区平中町2番地の2,2020/10/1,052-750-1010,052-750-1011,,,営利法人,,,,,,,,
23900110000364,グループホームさくら,共同生活援助,中川,2321300341,一般社団法人あいち障がい者・高齢者地域生活支援機構,グループホームサクラ,454-0957,愛知県名古屋市中川区かの里二丁目701番地　県営包里住宅3棟115号室,2020/10/1,052-269-8228,052-269-8221,,,社団・財団,,,,,,,,
23900110001757,グループホームワンズ植田山,共同生活援助,天白,2326400211,株式会社ワンズ,グループホームワンズウエダヤマ,468-0001,愛知県名古屋市天白区植田山一丁目308番地,2020/10/1,052-715-7907,052-715-7908,,,営利法人,,,,,,,,
23900110002389,障害者グループホーム大,共同生活援助,守山,2327600280,社会福祉法人１９８０,ショウガイシャグループホームヒロ,463-0093,愛知県名古屋市守山区城土町373番地の1,2020/10/1,052-737-1135,052-737-1135,,,社会福祉法人（社協以外）,,,,,,,,
23900110000017,みるふぃーゆ香流,共同生活援助(日中サービス支援型),名東,2328000126,ICC・I株式会社,ミルフィーユカナレ,465-0004,愛知県名古屋市名東区香南一丁目405番地,2020/10/1,052-737-4445,052-737-4446,,,営利法人,,,,,,,,
23900110000009,フォルテシモ,共同生活援助,緑,2328500141,FFサポート株式会社,フォルテシモ,458-0031,愛知県名古屋市緑区旭出二丁目1308番地,2020/10/1,052-846-2034,052-308-5067,,,営利法人,,,,,,,,
23900110002149,たいよう,共同生活援助,港,2321200178,合同会社たいよう,タイヨウ,455-0055,愛知県名古屋市港区品川町2丁目45番地の8,2020/9/1,052-880-8702,052-880-8702,,,営利法人,,,,,,,,
23900110000046,フォルトゥーナ,共同生活援助,中川,2321300333,ＳＴＡＹＧＯＬＤ株式会社,フォルトゥーナ,454-0954,愛知県名古屋市中川区江松一丁目1707番地,2020/9/1,052-303-7077,052-303-7077,,,営利法人,,,,,,,,
23900110002494,グループホーム凪の丘,共同生活援助,守山,2327600272,社会福祉法人ひまわり福祉会,グループホームナギノオカ,463-0031,愛知県名古屋市守山区本地が丘1202番地の1,2020/9/1,080-7211-1978,0561-53-9520,,,社会福祉法人（社協以外）,,,,,,,,
23900110001645,花は花グループホーム,共同生活援助,熱田,2321100048,株式会社メディケア,ハナハハナグループホーム,456-0068,愛知県名古屋市熱田区神野町1丁目85番地,2020/8/1,052-717-7123,052-717-7123,,,営利法人,,,,,,,,
23900110001797,グループホームふわふわ港,共同生活援助,港,2321200160,株式会社恵,グループホームフワフワミナト,455-0881,愛知県名古屋市港区船頭場一丁目137番地の1,2020/8/1,052-304-8227,052-304-8228,,,営利法人,,,,,,,,
23900110002148,ソラリス,共同生活援助,中川,2321300325,合同会社ソラリス,ソラリス,454-0982,愛知県名古屋市中川区西伏屋二丁目1212番地の2,2020/8/1,052-854-6410,052-3588-6813,,,営利法人,,,,,,,,
23900110002063,Ｏｐｅｎ　Ｈｏｍｅｓ,共同生活援助,瑞穂,2321400091,合同会社ＯｐｅｎＡｒｍｓ,オープンホームズ,467-0052,愛知県名古屋市瑞穂区片坂町2丁目48番地の4,2020/8/1,080-1590-9616,052-621-0704,,,営利法人,,,,,,,,
23900110000657,エル・コンフォート表山ＮＥＸＴ,共同生活援助,天白,2326400203,株式会社ＤＩＰＰＳ,エルコンフォートオモテヤマネクスト,468-0069,愛知県名古屋市天白区表山一丁目1753番地　悠幸ビル1Ｆ,2020/8/1,052-838-7455,052-838-7455,,,営利法人,,,,,,,,
23900110000846,Ｗａｎ　Ｌｉｆｅ　Ｈａｒｍｏｎｙ,共同生活援助,緑,2328500133,株式会社Ｗａｎ　Ｌｉｆｅ　Ｈａｒｍｏｎｙ,ワンライフハーモニー,458-0014,愛知県名古屋市緑区神沢一丁目515番地,2020/8/1,050-5875-4317,020-4664-1458,,,営利法人,,,,,,,,
23900110001487,デイズグループホーム名古屋,共同生活援助,瑞穂,2321400083,株式会社ハルカデイズ,デイズグループホームナゴヤ,467-0822,愛知県名古屋市瑞穂区大喜町3丁目24番地の1,2020/7/1,052-842-4700,052-842-4700,,,営利法人,,,,,,,,
23900110001702,グループホーム和み,共同生活援助,千種,2327100125,株式会社ライフサポート,グループホームナゴミ,464-0008,愛知県名古屋市千種区宮根台二丁目7番5号,2020/7/1,052-886-0142,052-886-0142,,,営利法人,,,,,,,,
23900110002102,グループホーム　エールダンジュ,共同生活援助,守山,2327600264,合同会社エール,グループホーム エールダンジュ,463-0036,愛知県名古屋市守山区向台二丁目2505番地の4,2020/7/1,052-726-9191,052-737-4223,,,営利法人,,,,,,,,
23900110002881,ふきあげグループホーム,共同生活援助,瑞穂,2321400075,社会福祉法人名古屋手をつなぐ育成会,フキアゲグループホーム,467-0015,愛知県名古屋市瑞穂区十六町2丁目47番地の1　十六町テラスハウス東側,2020/6/1,052-841-1558,052-841-1558,,,社会福祉法人（社協以外）,,,,,,,,
23900110003144,スポＮＡＧＯレジデンス,共同生活援助,中,2326100035,特定非営利活動法人スポＮＡＧＯネクスト,スポナゴレジデンス,460-0003,愛知県名古屋市中区錦二丁目13番27号　アゼット第3ビル3階,2020/6/1,052-211-7410,052-211-7410,,,非営利法人（NPO）,,,,,,,,
23900110001801,グループホームふわふわ天白,共同生活援助,天白,2326400195,株式会社恵,グループホームフワフワテンパク,468-0024,愛知県名古屋市天白区大根町33番地,2020/6/1,052-680-7287,052-680-7288,,,営利法人,,,,,,,,
23900110002854,名身連グループホーム中村,共同生活援助,中村,2320100205,社会福祉法人名古屋市身体障害者福祉連合会,メイシンレングループホームナカムラ,453-0848,愛知県名古屋市中村区荒輪井町1丁目14番地　名身連あらわいセンター内,2020/5/1,052-526-0393,052-526-1748,,,社会福祉法人（社協以外）,,,,,,,,
23900110003131,博愛の宿　規俊荘,共同生活援助,中村,2320100213,特定非営利活動法人ささしまサポートセンター,ハクアイノヤド キシュンソウ,453-0069,愛知県名古屋市中村区橋下町3番18号,2020/5/1,052-888-5658,052-888-5658,,,非営利法人（NPO）,,,,,,,,
23900110000742,GH SURPASS,共同生活援助,中川,2321300317,株式会社IR,ジーエイチ サーパス,454-0981,愛知県名古屋市中川区吉津二丁目209番地の3　2F,2020/5/1,052-485-5788,052-431-1081,,,営利法人,,,,,,,,
23900110001594,NEXUS岩塚,共同生活援助(日中サービス支援型),中村,2320100197,株式会社マザーズ,ネクサスイワツカ,453-0862,愛知県名古屋市中村区岩塚町字林高寺東29番地の1,2020/4/1,052-413-5507,052-413-5508,,,営利法人,,,,,,,,
23900110003194,指定共同生活介護なつめ,共同生活援助,港,2321200152,特定非営利活動法人バウムカウンセリングルーム,シテイキョウドウセイカツカイゴナツメ,455-0861,愛知県名古屋市港区大西一丁目92番地の2,2020/4/1,052-302-0020,052-302-0020,,,非営利法人（NPO）,,,,,,,,
23900110002654,ホームフキノトウ,共同生活援助,守山,2327600249,社会福祉法人観寿々会,ホームフキノトウ,463-0080,愛知県名古屋市守山区川西一丁目306番地,2020/4/1,052-758-0181,052-758-0181,,,社会福祉法人（社協以外）,,,,,,,,
23900110002950,町北ホーム,共同生活援助,守山,2327600256,社会福祉法人名北福祉会,マチキタホーム,463-0074,愛知県名古屋市守山区町北15番10号,2020/4/1,052-715-5533,052-715-5534,,,社会福祉法人（社協以外）,,,,,,,,
23900110001834,グループホームおやこうこう　篠原,共同生活援助(日中サービス支援型),中川,2321300309,株式会社親孝行,グループホームオヤコウコウ シノハラ,454-0833,愛知県名古屋市中川区上脇町2丁目120番地,2020/2/1,052-364-7711,052-364-7721,,,営利法人,,,,,,,,
23900110001626,アイル保呂,共同生活援助,天白,2326400187,株式会社ミトス,アイルホロ,468-0041,愛知県名古屋市天白区保呂町517番地の2,2020/2/1,052-875-8026,052-875-8036,,,営利法人,,,,,,,,
23900110003036,グループホーム癒庵,共同生活援助,北,2327300246,特定非営利活動法人アヴェニール,グループホームユアン,462-0016,愛知県名古屋市北区西味鋺三丁目618番地,2020/1/1,052-982-8525,052-982-8526,,,非営利法人（NPO）,,,,,,,,
23900110000399,ココイク名東本通,共同生活援助,名東,2328000118,一般社団法人こころすみか,ココイクメイトウホンドオリ,465-0087,愛知県名古屋市名東区名東本通3丁目9番地,2020/1/1,052-715-7717,052-715-7717,,,社団・財団,,,,,,,,
23900110000142,ウィードフラワー名古屋,共同生活援助,緑,2328500125,ギブアンドギブ合同会社,ウィードフラワーナゴヤ,458-0013,愛知県名古屋市緑区ほら貝一丁目237番地の2,2019/12/1,052-846-4159,052-307-4555,,,営利法人,,,,,,,,
23900110001819,みらいのたね名古屋,共同生活援助,中川,2321300291,株式会社黒たまごジャパン,ミライノタネナゴヤ,454-0962,愛知県名古屋市中川区戸田三丁目1407番地,2019/11/1,052-748-0668,052-748-0668,,,営利法人,,,,,,,,
23900110001693,コミュニティライフ植田,共同生活援助,天白,2326400179,株式会社ライフ,コミュニティライフウエダ,468-0009,愛知県名古屋市天白区元植田二丁目1610番地,2019/11/1,052-746-0020,052-746-0021,,,営利法人,,,,,,,,
23900110000976,ＢＬＵＥ　ＳＫＹ,共同生活援助,北,2327300238,株式会社ウィング,ブルースカイ,462-0022,愛知県名古屋市北区川中町6番36号,2019/11/1,052-533-9133,052-533-9122,,,営利法人,,,,,,,,
23900110001246,あしたば,共同生活援助,中川,2321300275,株式会社セイブ,アシタバ,454-0997,愛知県名古屋市中川区万場三丁目1312番地の2,2019/10/1,052-432-2322,052-432-1013,,,営利法人,,,,,,,,
23900110002162,方丈庵,共同生活援助,中川,2321300283,合同会社にんぷう舎,ホウジョウアン,454-0981,愛知県名古屋市中川区吉津一丁目908番地　ビラージュA1・102号室,2019/10/1,052-462-8446,052-462-8447,,,営利法人,,,,,,,,
23900110001022,グランエミシス新守山,共同生活援助(日中サービス支援型),守山,2327600231,株式会社エナジィー,グランエミシスシンモリヤマ,463-0070,愛知県名古屋市守山区新守山1516番地,2019/10/1,052-737-8834,052-737-8835,,,営利法人,,,,,,,,
23900110003693,寛政の家,共同生活援助,港,2321200145,有限会社菩提,カンセイノイエ,455-0066,愛知県名古屋市港区寛政町7丁目3番地,2019/8/1,052-387-7006,052-387-7006,,,営利法人,,,,,,,,
23900110003303,フランシール,共同生活援助,中川,2321300267,特定非営利活動法人花の樹,フランシール,454-0953,愛知県名古屋市中川区富田町大字榎津字郷北1807番地の1,2019/8/1,052-655-5427,052-655-5428,,,非営利法人（NPO）,,,,,,,,
23900110003334,日向,共同生活援助,緑,2328500117,特定非営利活動法人地域共生とうかい,ヒナタ,459-8001,愛知県名古屋市緑区大高町字元屋敷5番地の5,2019/8/1,052-888-5800,052-888-5801,,,非営利法人（NPO）,,,,,,,,
23900110003270,グループホーム　ひなた�V,共同生活援助,中川,2321300259,特定非営利活動法人ライフパートナー,グループホーム ヒナタ3,454-0943,愛知県名古屋市中川区大当郎三丁目2501番地,2019/6/1,052-387-5535,052-387-5536,,,非営利法人（NPO）,,,,,,,,
23900110001869,あかり,共同生活援助,南,2328500109,株式会社燈,アカリ,457-0841,愛知県名古屋市南区豊田一丁目14番10号,2019/6/1,052-898-4152,052-307-3307,,,営利法人,,,,,,,,
23900110000515,共同生活援助事業所キャン,共同生活援助,中川,2321300242,一般社団法人福祉のチカラ,キョウドウセイカツエンジョジギョウショキャン,454-0877,愛知県名古屋市中川区八田町1709番地　SKYマンション八田101,2019/5/1,052-398-6234,052-398-6234,,,社団・財団,,,,,,,,
23900110003187,ナチュラルホーム,共同生活援助,天白,2326400153,特定非営利活動法人ナチュラル,ナチュラルホーム,468-0045,愛知県名古屋市天白区野並四丁目22番地の1,2019/5/1,052-875-8877,052-875-8877,,,非営利法人（NPO）,,,,,,,,
23900110000856,グループホームＬＩＦＥ　ＯＮ,共同生活援助,天白,2326400161,株式会社ＷＯＲＫ　ＯＮ,グループホームライフオン,468-0014,愛知県名古屋市天白区中平三丁目2305番地,2019/5/1,052-846-6586,052-846-6587,,,営利法人,,,,,,,,
23900110001914,ふくろうテラス,共同生活援助,中川,2321300234,株式会社名学館ホールディングス,フクロウテラス,454-0014,愛知県名古屋市中川区柳川町8番6号,2019/4/1,052-307-7272,052-728-0173,,,営利法人,,,,,,,,
23900110003450,地域生活支援しっぽの家,共同生活援助,東,2327200065,有限会社ＡＡｍｎ,チイキセイカツシエンシッポノイエ,461-0001,愛知県名古屋市東区泉二丁目20番26号　ＡＡビル2階3階,2019/4/1,052-937-8367,052-852-5830,,,営利法人,,,,,,,,
23900110000418,グループホームたんぽぽ,共同生活援助,守山,2327600223,一般社団法人たんぽぽ,グループホームタンポポ,463-0068,愛知県名古屋市守山区瀬古三丁目142番地,2019/4/1,052-768-6977,052-768-6978,,,社団・財団,,,,,,,,
23900110001799,グループホームふわふわ守山,共同生活援助,守山,2327600215,株式会社恵,グループホームフワフワモリヤマ,463-0001,愛知県名古屋市守山区大字上志段味字道光331番地,2019/3/1,052-726-6131,052-726-6132,,,営利法人,,,,,,,,
23900110000252,サニーホーム,共同生活援助,緑,2328500091,ラフテル株式会社,サニーホーム,458-0025,愛知県名古屋市緑区鳥澄三丁目1818番地,2019/3/1,052-805-6260,052-805-6265,,,営利法人,,,,,,,,
23900110003192,指定共同生活介護すみれ,共同生活援助,中川,2321300226,特定非営利活動法人バウムカウンセリングルーム,シテイキョウドウセイカツカイゴスミレ,454-0954,愛知県名古屋市中川区江松四丁目650番地,2019/2/1,052-665-6690,052-665-6690,,,非営利法人（NPO）,,,,,,,,
23900110001766,ケアホームオアシス大樹,共同生活援助,北,2327300220,株式会社医療給食,ケアホームオアシスダイジュ,462-0051,愛知県名古屋市北区中切町5丁目27番地の1,2019/2/1,052-917-0232,052-917-0233,,,営利法人,,,,,,,,
23900110000960,こだまのいえ千種南ケ丘,共同生活援助,千種,2327100117,株式会社いせむつ,コダマノイエチクサミナミガオカ,464-0042,愛知県名古屋市千種区南ケ丘1丁目7番7号　サザンヒルズＢ2階,2019/1/1,052-982-7733,052-982-6664,,,営利法人,,,,,,,,
23900110003236,MO-YA-CO　HOUSE　OONO,共同生活援助,北,2327300212,特定非営利活動法人ポパイ,モーヤーコ ハウス オオノ,462-0035,愛知県名古屋市北区大野町3丁目18番地の1,2019/1/1,052-908-3330,052-908-3330,,,非営利法人（NPO）,,,,,,,,
23900110003190,指定共同生活介護あさひ,共同生活援助,北,2327300204,特定非営利活動法人バウムカウンセリングルーム,シテイキョウドウセイカツカイゴアサヒ,462-0036,愛知県名古屋市北区長喜町3丁目13番地,2018/12/1,052-915-8899,052-915-8899,,,非営利法人（NPO）,,,,,,,,
23900110002126,グループホーム　ｐｏｃｏ　ａ　ｐｏｃｏ,共同生活援助,南,2328100173,合同会社さらい,グループホーム ポコ ア ポコ,457-0862,愛知県名古屋市南区内田橋一丁目35番24号　シャンポール南陽1階,2018/12/1,052-825-6070,052-825-6070,,,営利法人,,,,,,,,
23900110000007,グループホームアドハウス,共同生活援助,緑,2328500083,bring up株式会社,グループホームアドハウス,458-0001,愛知県名古屋市緑区梅里一丁目25番地,2018/12/1,052-680-9301,052-680-9302,,,営利法人,,,,,,,,
23900110003106,LiTaEn,共同生活援助,中川,2321300218,特定非営利活動法人くらし応援ネットワーク,リタエン,454-0835,愛知県名古屋市中川区八家町2丁目115番地の2,2018/11/1,052-351-9972,052-351-9972,,,非営利法人（NPO）,,,,,,,,
23900110002068,グループホームねむの木,共同生活援助,昭和,2326200058,合同会社PHILOX,グループホームネムノキ,466-0051,愛知県名古屋市昭和区御器所三丁目9番6号,2018/11/1,052-825-7773,052-825-7774,,,営利法人,,,,,,,,
23900110001520,こだまのいえ宝神,共同生活援助,港,2321200137,株式会社ファーストステップ,コダマノイエホウジン,455-0832,愛知県名古屋市港区宝神四丁目2101番地の6,2018/10/1,052-389-3066,052-389-3066,,,営利法人,,,,,,,,
23900110002277,グループホーム　さわやかな風,共同生活援助,中川,2321300192,合同会社爽風,グループホーム サワヤカナカゼ,454-0983,愛知県名古屋市中川区東春田一丁目62番地,2018/10/1,052-526-3102,052-526-3122,,,営利法人,,,,,,,,
23900110001566,らいふはうす,共同生活援助,中川,2321300200,株式会社フローラ,ライフハウス,454-0921,愛知県名古屋市中川区中郷一丁目33番地,2018/10/1,052-655-6226,052-655-6225,,,営利法人,,,,,,,,
23900110002113,だいふくハウス,共同生活援助,天白,2326400146,合同会社きんぷく,ダイフクハウス,468-0041,愛知県名古屋市天白区保呂町2432番地,2018/10/1,052-893-6333,052-893-6333,,,営利法人,,,,,,,,
23900110000022,ＫＡＮＡＤＥホーム,共同生活援助,守山,2327600207,ＫＯＳＥ株式会社,カナデホーム,463-0025,愛知県名古屋市守山区元郷二丁目105番地,2018/10/1,052-798-0222,052-798-0222,,,営利法人,,,,,,,,
23900110001870,日進サンウォーク,共同生活援助,名東,2328000100,株式会社日進サンウォーク,ニッシンサンウォーク,465-0011,愛知県名古屋市名東区山の手二丁目1313番地,2018/10/1,052-799-6006,052-799-6007,,,営利法人,,,,,,,,
23900110001540,共同生活援助にじの木,共同生活援助,港,2321200129,株式会社ふくしLabo．,キョウドウセイカツエンジョニジノキ,455-0054,愛知県名古屋市港区遠若町1丁目76番地の134,2018/9/1,052-651-7802,052-651-7802,,,営利法人,,,,,,,,
23900110000045,憩の家,共同生活援助,天白,2326400138,solis合同会社,イコイノイエ,468-0074,愛知県名古屋市天白区八幡山1219番地　クレスト八幡山201号室,2018/9/1,052-875-7888,052-875-7887,,,営利法人,,,,,,,,
23900110001701,グループホーム 陽だまり,共同生活援助,名東,2328000092,株式会社ライフケアサービス,グループホーム ヒダマリ,465-0068,愛知県名古屋市名東区牧の里三丁目501番地　高針住宅4棟310号室312号室,2018/9/1,052-870-8425,052-870-8426,,,営利法人,,,,,,,,
23900110000534,和楽,共同生活援助,南,2328100165,一般社団法人和楽,ワラク,457-0071,愛知県名古屋市南区千竈通5丁目4番地の1　三宝住産ビル4FC号,2018/9/1,052-613-7499,052-613-7499,,,社団・財団,,,,,,,,
23900110000071,グループホーム　イーリス名古屋,共同生活援助,緑,2328500067,アイエルサポート株式会社,グループホーム イーリスナゴヤ,458-0816,愛知県名古屋市緑区横吹町1912番地の3,2018/9/1,052-875-7780,052-875-7781,,,営利法人,,,,,,,,
23900110001796,グループホームふわふわ,共同生活援助,緑,2328500075,株式会社恵,グループホームフワフワ,458-0925,愛知県名古屋市緑区桶狭間南1412番地,2018/9/1,052-602-5170,052-602-5171,,,営利法人,,,,,,,,
23900110001479,ふくの森,共同生活援助,守山,2327600199,株式会社ハピカム,フクノモリ,463-0002,愛知県名古屋市守山区大字中志段味字大洞口2741番地の7,2018/8/1,052-736-5510,052-736-5520,,,営利法人,,,,,,,,
23900110001352,たろちゃんち,共同生活援助,名東,2328000084,株式会社ナゴヤ鴨ガシラランド,タロチャンチ,465-0097,愛知県名古屋市名東区平和が丘四丁目243番地　1号室,2018/8/1,052-737-1566,052-784-2051,,,営利法人,,,,,,,,
23900110000090,樫の木　やなぎはら,共同生活援助,北,2327300196,あんしんワークス株式会社,カシノキ ヤナギハラ,462-0845,愛知県名古屋市北区柳原四丁目9番3号,2018/5/1,052-886-2102,052-886-2102,,,営利法人,,,,,,,,
23900110002262,笑満花,共同生活援助,南,2328100157,合同会社笑満花,エミカ,457-0865,愛知県名古屋市南区氷室町4番11号,2018/5/1,052-887-4529,052-308-8619,,,営利法人,,,,,,,,
23900110001225,シルバーステーション,共同生活援助,港,2321200111,株式会社シルバーステーション,シルバーステーション,455-0861,愛知県名古屋市港区大西一丁目81番地,2018/4/1,052-387-6131,052-387-6132,,,営利法人,,,,,,,,
23900110001218,グループホーム　ＡＬＯＨＡ,共同生活援助,名東,2328000076,株式会社シャレトン・シャ,グループホーム アロハ,465-0073,愛知県名古屋市名東区高針原一丁目402番地の7,2018/3/1,052-784-4111,052-784-4111,,,営利法人,,,,,,,,
23900110003503,ｏｈａｎａハウス,共同生活援助,中村,2320100171,有限会社オールパーパス,オハナハウス,453-0032,愛知県名古屋市中村区塩池町1丁目2番15号,2017/12/1,052-887-5108,052-308-8619,,,営利法人,,,,,,,,
23900110003362,名古屋さくらホーム,共同生活援助,北,2327300188,特定非営利活動法人名古屋さくら会,ナゴヤサクラホーム,462-0024,愛知県名古屋市北区鳩岡二丁目22番14号,2017/12/1,052-508-5406,052-508-5407,,,非営利法人（NPO）,,,,,,,,
23900110000151,グループホーム駒,共同生活援助,天白,2326400120,ケアプランコマ株式会社,グループホームコマ,468-0055,愛知県名古屋市天白区池場一丁目205番地,2017/11/1,052-893-7974,052-893-7979,,,営利法人,,,,,,,,
23900110001765,ケアホームオアシス大空,共同生活援助,北,2327300162,株式会社医療給食,ケアホームオアシスオオゾラ,462-0051,愛知県名古屋市北区中切町5丁目28番地,2017/11/1,052-981-2224,052-981-2225,,,営利法人,,,,,,,,
23900110002177,グループホーム　ピースケア,共同生活援助,北,2327300170,合同会社ピースケア,グループホーム ピースケア,462-0024,愛知県名古屋市北区鳩岡二丁目21番16号,2017/11/1,052-325-8602,052-325-8603,,,営利法人,,,,,,,,
23900110003328,グループホームちぐさ,共同生活援助,千種,2327100109,特定非営利活動法人伸生,グループホームチグサ,464-0083,愛知県名古屋市千種区北千種一丁目2番6号　中日ビル408号,2017/9/1,052-700-5630,052-652-0076,,,非営利法人（NPO）,,,,,,,,
23900110001274,グループホームなごみ,共同生活援助,北,2327300154,株式会社ソードワン,グループホームナゴミ,462-0047,愛知県名古屋市北区金城町4丁目12番地の10,2017/9/1,052-990-8885,052-262-8488,,,営利法人,,,,,,,,
23900110000918,あゆみ中村,共同生活援助,中村,2320100163,株式会社アバンセライフサポート,アユミナカムラ,453-0828,愛知県名古屋市中村区中村本町3丁目52番地,2017/8/1,052-486-7155,052-486-7156,,,営利法人,,,,,,,,
23900110000449,グループホームフラワー,共同生活援助,中川,2321300184,一般社団法人みらい,グループホームフラワー,454-0971,愛知県名古屋市中川区富田町大字千音寺字東福正4834番地の1エトワールリッツ204号,2017/8/1,052-352-0677,052-352-0677,,,社団・財団,,,,,,,,
23900110001933,ツリーハウス,共同生活援助,瑞穂,2321400067,株式会社鈴隆,ツリーハウス,467-0014,愛知県名古屋市瑞穂区白羽根町2丁目51番地の10,2017/8/1,052-918-2898,052-918-2898,,,営利法人,,,,,,,,
23900110000478,グループホームまごころ,共同生活援助,中川,2321300176,一般社団法人市民福祉ネット,グループホームマゴコロ,454-0946,愛知県名古屋市中川区一色新町三丁目825番地リバーサイド三日月102号室、105号室,2017/7/1,052-387-5392,052-387-5393,,,社団・財団,,,,,,,,
23900110002268,グループホーム・ベル南,共同生活援助,南,2328100140,合同会社誠援会,グループホーム・ベルミナミ,457-0823,愛知県名古屋市南区元塩町3丁目1番地の5　オーキッドマンション星崎104号室・401号室,2017/6/1,052-611-1900,052-711-5700,,,営利法人,,,,,,,,
23900110002743,ありんこホーム,共同生活援助,昭和,2326200041,社会福祉法人池内福祉会,アリンコホーム,466-0064,愛知県名古屋市昭和区鶴舞二丁目4番6号,2017/4/1,052-881-1780,052-881-1781,,,社会福祉法人（社協以外）,,,,,,,,
23900110003347,なんくるhome,共同生活援助,天白,2326400112,特定非営利活動法人任,ナンクルホーム,468-0047,愛知県名古屋市天白区井の森町28番地,2017/4/1,052-746-0202,052-746-0209,,,非営利法人（NPO）,,,,,,,,
23900110003344,虹望寮,共同生活援助,守山,2327600181,特定非営利活動法人虹望会,コウボウリョウ,463-0055,愛知県名古屋市守山区西新12番32号　サニー瓢箪山101、103、106、203、205、206号室,2017/4/1,052-791-1839,050-3730-6622,,,非営利法人（NPO）,,,,,,,,
23900110000847,すずらん瀬古東,共同生活援助,守山,2327600173,株式会社Welfareすずらん,スズランセコヒガシ,463-0090,愛知県名古屋市守山区瀬古東二丁目117番地,2017/2/1,052-795-6225,052-795-6225,,,営利法人,,,,,,,,
23900110003020,ふれんずハウス,共同生活援助,中,2326100027,特定非営利活動法人ＩＬ＆Ｐアシスト,フレンズハウス,460-0021,愛知県名古屋市中区平和一丁目10番8号　ラ・メゾン平和205号室,2017/1/1,052-332-7310,052-332-7315,,,非営利法人（NPO）,,,,,,,,
23900110003345,虹望寮�U,共同生活援助,守山,2327600165,特定非営利活動法人虹望会,コウボウリョウツー,463-0076,愛知県名古屋市守山区鳥羽見一丁目21番29号　レオパレス矢田第2　102、103、105、106、107、108、203、204、205号室,2016/12/1,052-715-4545,050-3730-6622,,,非営利法人（NPO）,,,,,,,,
23900110003118,らくえん,共同生活援助,中川,2321300150,特定非営利活動法人くらし応援ネットワーク,ラクエン,454-0867,愛知県名古屋市中川区広田町2丁目14番地の1,2016/11/1,052-387-5688,052-387-5689,,,非営利法人（NPO）,,,,,,,,
23900110001020,あおばの家,共同生活援助,西,2320200138,株式会社エナジィー,アオバノイエ,451-0041,愛知県名古屋市西区幅下一丁目10番27号,2016/10/1,052-551-3305,052-551-3306,,,営利法人,,,,,,,,
23900110000722,とわのひかり,共同生活援助,瑞穂,2321400059,株式会社ＨＫマネジメント,トワノヒカリ,467-0017,愛知県名古屋市瑞穂区東栄町3丁目20番地の2,2016/9/1,052-893-6171,052-893-6271,,,営利法人,,,,,,,,
23900110001760,グループホーム　どりぃーむ,共同生活援助,南,2328100132,株式会社愛林会,グループホーム ドリイーム,457-0863,愛知県名古屋市南区豊二丁目13番27号　第二清和ビル2F,2016/7/1,052-618-6433,052-618-6488,,,営利法人,,,,,,,,
23900110003132,ホーム心音,共同生活援助,南,2328100124,特定非営利活動法人さぽさん,ホームココロネ,457-0806,愛知県名古屋市南区鳴浜町7丁目2番地の18,2016/5/1,052-619-7233,052-380-2545,,,非営利法人（NPO）,,,,,,,,
23900110000323,グループホームコスモス,共同生活援助,中村,2320100155,医療法人北林会,グループホームコスモス,453-0053,愛知県名古屋市中村区中村町9丁目52番地,2016/4/1,052-462-9920,052-462-9940,,,医療法人,,,,,,,,
23900110003269,グループホーム　ひなた�U,共同生活援助,熱田,2321100030,特定非営利活動法人ライフパートナー,グループホーム ヒナタツー,456-0071,愛知県名古屋市熱田区明野町16番11号,2016/2/1,052-684-6105,052-684-6106,,,非営利法人（NPO）,,,,,,,,
23900110003193,指定共同生活介護つくし,共同生活援助,港,2321200095,特定非営利活動法人バウムカウンセリングルーム,シテイキョウドウセイカツカイゴツクシ,455-0873,愛知県名古屋市港区春田野二丁目1006番地の1,2016/1/1,052-302-7776,052-302-7222,,,非営利法人（NPO）,,,,,,,,
23900110002666,共同生活体　東,共同生活援助,北,2327300147,社会福祉法人共生福祉会,キョウドウセイカツタイ ヒガシ,462-0828,愛知県名古屋市北区東水切町４丁目４２番地の８,2015/12/1,052-912-1618,,,,社会福祉法人（社協以外）,,,,,,,,
23900110001767,ケアホームオアシス大地,共同生活援助,北,2327300139,株式会社医療給食,ケアホームオアシスダイチ,462-0051,愛知県名古屋市北区中切町6丁目12番地,2015/11/1,052-938-3499,052-981-7982,,,営利法人,,,,,,,,
23900110003284,わと和　グループホーム,共同生活援助,中村,2320100148,特定非営利活動法人わと和,ワトワ グループホーム,453-0064,愛知県名古屋市中村区草薙町1丁目89番地の2,2015/10/1,052-419-6431,052-419-6432,,,非営利法人（NPO）,,,,,,,,
23900110003263,グループホーム　ヤナギハラ,共同生活援助,北,2327300121,特定非営利活動法人ライフステーション・あいち,グループホーム ヤナギハラ,462-0845,愛知県名古屋市北区柳原四丁目4番4号　中杉ビル504号,2015/9/1,052-912-2311,052-912-2316,,,非営利法人（NPO）,,,,,,,,
23900110002761,てふてふホーム,共同生活援助,名東,2328000068,社会福祉法人飛翔,テフテフホーム,465-0032,愛知県名古屋市名東区藤が丘33番地の1,2015/6/1,052-710-0177,052-880-0177,,,社会福祉法人（社協以外）,,,,,,,,
23900110003149,セブンデイズなごや,共同生活援助,中村,2320100122,特定非営利活動法人セブンデイズ,セブンデイズナゴヤ,450-0003,愛知県名古屋市中村区名駅南五丁目9番3号　第15和興ビル2F,2015/4/1,052-332-1130,052-332-1130,,,非営利法人（NPO）,,,,,,,,
23900110000917,あゆみ上小田井,共同生活援助,西,2320200120,株式会社アバンセライフサポート,アユミカミオタイ,452-0815,愛知県名古屋市西区八筋町332番地,2015/4/1,052-506-7360,052-506-7361,,,営利法人,,,,,,,,
23900110002583,ゆたか生活支援事業所かさでら,共同生活援助,南,2328100116,社会福祉法人ゆたか福祉会,ユタカセイカツシエンジギョウショカサデラ,457-0821,愛知県名古屋市南区弥次ヱ町4丁目63-1,2015/4/1,052-618-7171,052-618-7170,,,社会福祉法人（社協以外）,,,,,,,,
23900110003268,グループホーム　ひなた,共同生活援助,港,2321200087,特定非営利活動法人ライフパートナー,グループホーム ヒナタ,455-0873,愛知県名古屋市港区春田野一丁目1202番地1Ｆ,2015/2/1,052-309-3262,052-309-3263,,,非営利法人（NPO）,,,,,,,,
23900110003115,くぅえん,共同生活援助,中川,2320100114,特定非営利活動法人くらし応援ネットワーク,クゥエン,454-0043,愛知県名古屋市中川区牛立町3丁目9番地の1,2014/10/1,052-363-0006,052-363-0006,,,非営利法人（NPO）,,,,,,,,
23900110003172,碧第1ホーム,共同生活援助,守山,2327600140,特定非営利活動法人つくし,ミドリダイイチホーム,463-0076,愛知県名古屋市守山区鳥羽見二丁目3番13号,2014/6/1,052-795-7010,052-795-7010,,,非営利法人（NPO）,,,,,,,,
23900110002757,ケアホームあじま,共同生活援助,北,2327300105,社会福祉法人楠福祉会,ケアホームアジマ,462-0014,愛知県名古屋市北区楠味鋺二丁目211番地,2014/5/1,052-903-0565,052-903-0565,,,社会福祉法人（社協以外）,,,,,,,,
23900110002557,グループホーム明,共同生活援助,中村,2320100031,社会福祉法人やまびこ福祉会,グループホームメイ,453-0845,愛知県名古屋市中村区宮塚町60番地の2,2014/4/1,052-419-1660,052-419-1661,,,社会福祉法人（社協以外）,,,,,,,,
23900110002618,ぽるとわーる,共同生活援助,中村,2320100106,社会福祉法人ゆめネット,ポルトワール,453-0835,愛知県名古屋市中村区上石川町1丁目2番地,2014/4/1,052-414-7522,052-414-7522,,,社会福祉法人（社協以外）,,,,,,,,
23900110002631,笹塚グループホーム,共同生活援助,西,2320200039,社会福祉法人よつ葉の会,ササヅカグループホーム,451-0077,愛知県名古屋市西区笹塚町２丁目５５番地の３,2014/4/1,052-523-5817,052-523-5818,,,社会福祉法人（社協以外）,,,,,,,,
23900110002440,パルハウス,共同生活援助,西,2320200070,社会福祉法人エゼル福祉会,パルハウス,452-0813,愛知県名古屋市西区赤城町146,2014/4/1,052-502-7731,052-505-6082,,,社会福祉法人（社協以外）,,,,,,,,
23900110002632,上堀越グループホーム,共同生活援助,西,2320200096,社会福祉法人よつ葉の会,カミホリコシグループホーム,451-0084,愛知県名古屋市西区上堀越町三丁目57番地,2014/4/1,052-532-6411,052-532-6411,,,社会福祉法人（社協以外）,,,,,,,,
23900110002629,笠取グループホーム,共同生活援助,西,2320200104,社会福祉法人よつ葉の会,カサトリグループホーム,451-0072,愛知県名古屋市西区笠取町4丁目77番地,2014/4/1,052-522-8204,052-522-8204,,,社会福祉法人（社協以外）,,,,,,,,
23900110002912,グループホームサンホープ,共同生活援助,西,2320200112,社会福祉法人名肢会,グループホームサンホープ,452-0822,愛知県名古屋市西区中小田井五丁目38番地,2014/4/1,052-325-5746,052-325-5746,,,社会福祉法人（社協以外）,,,,,,,,
23900110002582,ゆたか生活支援事業所あつた,共同生活援助,熱田,2321100022,社会福祉法人ゆたか福祉会,ユタカセイカツシエンジギョウショアツタ,456-0046,愛知県名古屋市熱田区木之免町909番地,2014/4/1,052-671-0067,052-684-6339,,,社会福祉法人（社協以外）,,,,,,,,
23900110002476,グループホームスマイル,共同生活援助,港,2321200079,社会福祉法人すぎな,グループホームスマイル,455-0882,愛知県名古屋市港区小賀須三丁目1617番地,2014/4/1,052-309-7375,052-309-7376,,,社会福祉法人（社協以外）,,,,,,,,
23900110002455,ケアホームさくらんぼ,共同生活援助,中川,2321300028,社会福祉法人さくらんぼの会,ケアホームサクランボ,454-0927,愛知県名古屋市中川区打中一丁目１４０番地エトワール第１−Ｂ号室第２−Ｂ号室,2014/4/1,052-352-8331,052-352-8331,,,社会福祉法人（社協以外）,,,,,,,,
23900110003189,にれの家,共同生活援助,瑞穂,2321400018,特定非営利活動法人にれの森,ニレノイエ,467-0877,愛知県名古屋市瑞穂区雁道町３丁目２番地の４,2014/4/1,052-889-1377,052-889-1377,,,非営利法人（NPO）,,,,,,,,
23900110003105,ともにハウス,共同生活援助,昭和,2326200033,特定非営利活動法人きらら,トモニハウス,466-0027,愛知県名古屋市昭和区阿由知通5丁目19番地　庄京ビル　2A号室,2014/4/1,052-851-5556,052-851-5556,,,非営利法人（NPO）,,,,,,,,
23900110000492,ドーミトリー夕陽,共同生活援助,天白,2326400096,一般社団法人生活文化研究会蔵想,ドーミトリーセキヨウ,468-0014,愛知県名古屋市天白区中平四丁目1304番地　第2晴真マンション103号,2014/4/1,052-680-9988,052-680-9990,,,社団・財団,,,,,,,,
23900110002529,平針ほっとらいふ,共同生活援助,天白,2326400104,社会福祉法人ほっとはむ,ヒラバリホットライフ,468-0011,愛知県名古屋市天白区平針一丁目1907番地,2014/4/1,052-808-3677,052-808-3660,,,社会福祉法人（社協以外）,,,,,,,,
23900110002723,うえのホーム,共同生活援助,千種,2327100026,社会福祉法人千種福祉会,ウエノホーム,464-0086,愛知県名古屋市千種区萱場二丁目１４番３号キャストふかがわ106・107・108,2014/4/1,052-711-1239,052-711-1239,,,社会福祉法人（社協以外）,,,,,,,,
23900110003114,かれん,共同生活援助,中村,2327100075,特定非営利活動法人くらし応援ネットワーク,カレン,453-0065,愛知県名古屋市中村区靖国町1丁目121番地　エクセル寿201号,2014/4/1,052-413-2829,052-413-2829,,,非営利法人（NPO）,,,,,,,,
23900110003224,ケアホームきまま,共同生活援助,北,2327300022,特定非営利活動法人フレンド愛,ケアホームキママ,462-0844,愛知県名古屋市北区清水二丁目２番９号,2014/4/1,052-931-5453,052-931-5457,,,非営利法人（NPO）,,,,,,,,
23900110002951,友の家ホーム,共同生活援助,北,2327300063,社会福祉法人名北福祉会,トモノイエホーム,462-0065,愛知県名古屋市北区喜惣治1丁目384番地1,2014/4/1,052-982-7681,052-982-7682,,,社会福祉法人（社協以外）,,,,,,,,
23900110003056,グループホームにい・さんのいえ,共同生活援助,北,2327300089,特定非営利活動法人いっぽハウス,グループホームニイ・サンノイエ,462-0834,愛知県名古屋市北区長田町4丁目74番地の3,2014/4/1,052-916-8971,052-916-8971,,,非営利法人（NPO）,,,,,,,,
23900110002556,ケアホームオアシス,共同生活援助,北,2327300097,社会福祉法人やすらぎの郷,ケアホームオアシス,462-0016,愛知県名古屋市北区西味鋺一丁目901番地の15,2014/4/1,052-901-5559,052-901-5999,,,社会福祉法人（社協以外）,,,,,,,,
23900110002450,ケアホームあおぞら,共同生活援助,守山,2327600033,社会福祉法人ゲマインダハウス,ケアホームアオゾラ,463-0001,愛知県名古屋市守山区上志段味字東谷2097番地の2,2014/4/1,052-736-2255,052-736-6899,,,社会福祉法人（社協以外）,,,,,,,,
23900110003188,なないろホーム,共同生活援助,守山,2327600074,特定非営利活動法人なないろ,ナナイロホーム,463-0003,愛知県名古屋市守山区下志段味字島の口1748番地の6,2014/4/1,052-736-4243,052-736-0426,,,非営利法人（NPO）,,,,,,,,
23900110000106,い〜まFamilia森孝,共同生活援助,守山,2327600090,エム・オーヒューマンサービス株式会社,イーマファミリアモリタカ,463-0035,愛知県名古屋市守山区森孝3丁目1503番1　2階,2014/4/1,052-739-5092,052-739-5093,,,営利法人,,,,,,,,
23900110000304,きずな,共同生活援助,守山,2327600124,医療法人八誠会,キズナ,463-0073,愛知県名古屋市守山区守牧町128番地1,2014/4/1,052-796-1550,052-796-1550,,,医療法人,,,,,,,,
23900110003260,第１ケアホーム　ゆきやなぎ,共同生活援助,名東,2328000050,特定非営利活動法人ゆきやなぎ,ダイイチケアホーム ユキヤナギ,465-0008,愛知県名古屋市名東区猪子石原二丁目304番地,2014/4/1,052-772-2230,052-772-2230,,,非営利法人（NPO）,,,,,,,,
23900110002787,ホーム社会館,共同生活援助,南,2328100041,社会福祉法人名古屋キリスト教社会館,ホームシャカイカン,457-0802,愛知県名古屋市南区要町1丁目20番地,2014/4/1,052-611-0707,052-746-0869,,,社会福祉法人（社協以外）,,,,,,,,
23900110003045,ほっと家,共同生活援助,南,2328100082,特定非営利活動法人あたたかい心,ホットハウス,457-0077,愛知県名古屋市南区立脇町5丁目33番地,2014/4/1,052-693-7115,052-693-7125,,,非営利法人（NPO）,,,,,,,,
23900110002512,ドエルデザイン,共同生活援助,緑,2328500026,社会福祉法人ぶなの森,ドエルデザイン,458-0022,愛知県名古屋市緑区小坂二丁目2215番地,2014/4/1,052-879-3327,052-879-3328,,,社会福祉法人（社協以外）,,,,,,,,
23900110002778,ケアホームたんぽぽ,共同生活援助,緑,2328500034,社会福祉法人夢未来,ケアホームタンポポ,458-0015,愛知県名古屋市緑区篠の風2丁目193番地ー2,2014/4/1,052-876-8108,052-876-8108,,,社会福祉法人（社協以外）,,,,,,,,
23900110003298,グループホームあいむ,共同生活援助,守山,2327600132,特定非営利活動法人愛夢,グループホームアイム,463-0057,愛知県名古屋市守山区中新4番21号サンシティ小幡202号,2014/3/1,052-739-6499,052-739-6499,,,非営利法人（NPO）,,,,,,,,
23900110003110,ＺＥＮ,共同生活援助,熱田,2321300101,特定非営利活動法人くらし応援ネットワーク,ゼン,456-0075,愛知県名古屋市熱田区青池町1丁目14番地,2013/10/1,052-684-8550,052-684-8550,,,非営利法人（NPO）,,,,,,,,
23900110001041,プチシャトー池場,共同生活援助,天白,2326400088,株式会社エムズ東海,プチシャトーイケバ,468-0055,愛知県名古屋市天白区池場五丁目414番地,2013/4/1,052-853-9959,052-853-9969,,,営利法人,,,,,,,,
23900110002454,グループホームきらきら,共同生活援助,中川,2321300093,社会福祉法人さくらんぼの会,グループホームキラキラ,454-0945,愛知県名古屋市中川区下之一色町字権野143番地の2カーサエテルノ201号,2013/3/1,052-301-4201,,,,社会福祉法人（社協以外）,,,,,,,,
23900110003583,ケアホーム稲穂の家,共同生活援助,天白,2326400070,有限会社ヒートウィル,ケアホームイナホノイエ,468-0009,愛知県名古屋市天白区元植田一丁目2006番地　エントピアウエダ701号、702号,2013/3/1,052-848-8662,052-800-0625,,,営利法人,,,,,,,,
23900110001782,花とけい,共同生活援助,中村,2320100080,株式会社丸の内ケアセンター,ハナトケイ,453-0832,愛知県名古屋市中村区乾出町2丁目14番地,2013/1/1,052-462-8608,052-462-8608,,,営利法人,,,,,,,,
23900110000866,共同生活援助Ｓｈａｒｅ　Ｈｏｕｓｅ,共同生活援助,千種,2327100083,株式会社ZERO IMPRESSION,キョウドウセイカツエンジョシェアハウス,464-0074,愛知県名古屋市千種区仲田一丁目5番19号,2013/1/1,052-846-4176,052-732-7005,,,営利法人,,,,,,,,
23900110002884,わかみずグループホーム,共同生活援助,千種,2327100091,社会福祉法人名古屋手をつなぐ育成会,ワカミズグループホーム,464-0082,愛知県名古屋市千種区上野三丁目9番15号,2013/1/1,052-722-0018,052-722-0018,,,社会福祉法人（社協以外）,,,,,,,,
23900110001586,マザーケアホーム,共同生活援助,瑞穂,2321400042,株式会社マザー,マザーケアホーム,467-0027,愛知県名古屋市瑞穂区田辺通4丁目27番地の5,2012/11/1,052-836-0294,052-836-0291,,,営利法人,,,,,,,,
23900110003088,祈望の家,共同生活援助,南,2321200061,特定非営利活動法人からし種,キボウノイエ,457-0068,愛知県名古屋市南区南野一丁目21番地の8,2012/10/1,052-611-2022,052-611-2022,,,非営利法人（NPO）,,,,,,,,
23900110000292,グループホーム　ケアホーム　シードマツカゲ,共同生活援助,中川,2321300085,医療法人生生会,グループホーム ケアホーム シードマツカゲ,454-0925,愛知県名古屋市中川区中須町237番地の１,2012/4/1,052-365-9533,052-352-5131,,,医療法人,,,,,,,,
23900110003563,チェリッシュ名古屋ＧＨ,共同生活援助,天白,2326400062,有限会社チェリッシュ企画,チェリッシュナゴヤジーエイチ,468-0024,愛知県名古屋市天白区大根町363番地,2012/4/1,052-804-0755,052-800-9872,,,営利法人,,,,,,,,
23900110003364,ホープ,共同生活援助,北,2327300071,特定非営利活動法人名古屋ダルク,ホープ,462-0825,愛知県名古屋市北区大曽根一丁目11番４号　ユトリロ大曽根303号,2012/1/1,052-915-7284,052-915-7284,,,非営利法人（NPO）,,,,,,,,
23900110003191,指定共同生活介護くるみ,共同生活援助,北,2321200046,特定非営利活動法人バウムカウンセリングルーム,シテイキョウドウセイカツカイゴクルミ,462-0003,愛知県名古屋市北区桐畑町41番地,2011/4/1,052-938-5533,052-938-5533,,,非営利法人（NPO）,,,,,,,,
23900110003661,ケアホームつくし,共同生活援助,南,2328100090,有限会社在釈,ケアホームツクシ,457-0007,愛知県名古屋市南区駈上二丁目8番18号　エスペランス駈上401・403号,2011/4/1,052-693-6610,052-618-6624,,,営利法人,,,,,,,,
23900110002531,天白みんなのホーム,共同生活援助,天白,2326400047,社会福祉法人みどりフレンドリー福祉会,テンパクミンナノホーム,468-0024,愛知県名古屋市天白区大根町75番地 市営おおね荘8号棟406号室・503号室,2011/3/1,052-800-0544,052-800-0545,,,社会福祉法人（社協以外）,,,,,,,,
23900110003116,しーえん,共同生活援助,中川,2321300077,特定非営利活動法人くらし応援ネットワーク,シーエン,454-0845,愛知県名古屋市中川区馬手町1丁目98番地　ヤマトマンション馬手205号,2010/12/1,052-352-0667,052-352-0667,,,非営利法人（NPO）,,,,,,,,
23900110003196,指定共同生活介護ランプ,共同生活援助,中川,2320200088,特定非営利活動法人バウムカウンセリングルーム,シテイキョウドウセイカツカイゴランプ,454-0946,愛知県名古屋市中川区一色新町二丁目2502番地,2010/7/1,052-325-7784,052-9089157,,,非営利法人（NPO）,,,,,,,,
23900110002307,TUTTIホーム,共同生活援助,守山,2327600108,社会福祉法人 TUTTI,トゥッティ ホーム,463-0036,愛知県名古屋市守山区向台3丁目1504 HANAMIZUKI向台103・105号室,2010/5/1,052-772-6006,052-772-6006,,,社会福祉法人（社協以外）,,,,,,,,
23900110002865,あつたグループホーム,共同生活援助,熱田,2321400034,社会福祉法人名古屋手をつなぐ育成会,アツタグループホーム,456-0031,愛知県名古屋市熱田区神宮四丁目４番５号,2010/3/1,052-671-6213,052-671-6239,,,社会福祉法人（社協以外）,,,,,,,,
23900110003175,グループホーム　そら,共同生活援助,中村,2320100056,特定非営利活動法人つばさ福祉会,グループホーム ソラ,453-0066,愛知県名古屋市中村区稲上町2丁目63番地,2010/2/1,052-411-7039,052-411-7039,,,非営利法人（NPO）,,,,,,,,
23900110000313,ケアホーム無心寮,共同生活援助,昭和,2326200025,医療法人福智会,ケアホームムシンリョウ,466-0015,愛知県名古屋市昭和区御器所通２丁目２５番地の２,2008/4/1,052-741-8900,052-741-8930,,,医療法人,,,,,,,,
23900110003016,藤里,共同生活援助,名東,2328000035,特定非営利活動法人Ｈａｎｄｓ,フジサト,465-0036,愛知県名古屋市名東区藤里町３０−１　ＦＳマンション４０１,2008/4/1,052-776-5828,052-704-4220,,,非営利法人（NPO）,,,,,,,,
23900110002585,ゆたか生活支援事業所なるお,共同生活援助,南,2328100017,社会福祉法人ゆたか福祉会,ユタカセイカツシエンジギョウショナルオ,457-0066,愛知県名古屋市南区鳴尾一丁目355番地,2008/4/1,052-825-4539,052-825-5011,,,社会福祉法人（社協以外）,,,,,,,,
23900110003195,指定共同生活介護ミモザ,共同生活援助,西,2320200062,特定非営利活動法人バウムカウンセリングルーム,シテイキョウドウセイカツカイゴミモザ,451-0013,愛知県名古屋市西区江向町6丁目5番地　シャトー伊藤201号,2008/2/1,052-521-2334,052-908-9157,,,非営利法人（NPO）,,,,,,,,
23900110000296,共同生活援助事業所つぼみ,共同生活援助,千種,2327100059,医療法人同心会,キョウドウセイカツエンジョジギョウショツボミ,464-0802,愛知県名古屋市千種区星が丘元町16-20,2007/11/1,052-781-0433,052-781-3607,,,医療法人,,,,,,,,
23900110003251,まちかどのいえ,共同生活援助,港,2321200038,特定非営利活動法人まちかどサポートセンター,マチカドノイエ,455-0074,愛知県名古屋市港区正保町8丁目55番地の1,2007/7/1,052-382-6528,052-382-6528,,,非営利法人（NPO）,,,,,,,,
23900110003125,はらいそホーム,共同生活援助,南,2328100074,特定非営利活動法人ココロ,ハライソホーム,457-0861,愛知県名古屋市南区明治1-5-10,2007/3/1,052-692-1813,052-692-1813,,,非営利法人（NPO）,,,,,,,,
23900110002642,ビブレ,共同生活援助,中村,2320100049,社会福祉法人ラ・エール,ビブレ,453-0031,愛知県名古屋市中村区新富町5丁目3番11号,2007/2/1,052-481-6722,052-481-6722,,,社会福祉法人（社協以外）,,,,,,,,
23900110002421,べにしだ共同生活援助事業所,共同生活援助,中村,2320100015,社会福祉法人あさみどりの会,ベニシダキョウドウセイカツエンジョジギョウショ,453-0841,愛知県名古屋市中村区稲葉地町8丁目73番地,2006/10/1,052-411-7160,052-411-7160,,,社会福祉法人（社協以外）,,,,,,,,
23900110002705,ぱれっとハウス,共同生活援助,中村,2320100023,社会福祉法人親愛の里,パレットハウス,453-0844,愛知県名古屋市中村区小鴨町64番地　さんこおるこがも202,2006/10/1,052-462-9300,052-462-1399,,,社会福祉法人（社協以外）,,,,,,,,
23900110002895,さくらぎホーム,共同生活援助,西,2320200013,社会福祉法人名古屋西福祉会,サクラギホーム,451-0051,愛知県名古屋市西区則武新町二丁目12番10号,2006/10/1,052-583-4461,052-583-4460,,,社会福祉法人（社協以外）,,,,,,,,
23900110003220,グループホームハートイン名古屋,共同生活援助,西,2320200021,特定非営利活動法人ファンタジスタ,グループホームハートインナゴヤ,452-0822,愛知県名古屋市西区中小田井二丁目485番地,2006/10/1,052-502-6177,052-938-5685,,,非営利法人（NPO）,,,,,,,,
23900110002667,共同生活体西,共同生活援助,西,2320200047,社会福祉法人共生福祉会,キョウドウセイカツタイニシ,451-0016,愛知県名古屋市西区庄内通1丁目33番地,2006/10/1,052-521-5472,052-522-7583,,,社会福祉法人（社協以外）,,,,,,,,
23900110003111,いーえん,共同生活援助,中村,2320800010,特定非営利活動法人くらし応援ネットワーク,イーエン,453-0862,愛知県名古屋市中村区岩塚町字郷中89番地の1,2006/10/1,052-412-1725,052-412-1735,,,非営利法人（NPO）,,,,,,,,
23900110002468,シャローム,共同生活援助,中川,2321100014,社会福祉法人さふらん会,シャローム,454-0052,愛知県名古屋市中川区花塚町1丁目54番地の1,2006/10/1,052-355-6980,052-355-6981,,,社会福祉法人（社協以外）,,,,,,,,
23900110002733,ユニオンワークス一色ハウス,共同生活援助,中川,2321200012,社会福祉法人大幸福祉会,ユニオンワークスイシキハウス,454-0946,愛知県名古屋市中川区一色新町三丁目618番地,2006/10/1,052-302-0339,052-302-0339,,,社会福祉法人（社協以外）,,,,,,,,
23900110002538,みなとホーム,共同生活援助,港,2321200020,社会福祉法人みなと福祉会,ミナトホーム,455-0803,愛知県名古屋市港区入場一丁目114番地の1,2006/10/1,052-355-8000,052-355-8008,,,社会福祉法人（社協以外）,,,,,,,,
23900110002866,こもとグループホーム,共同生活援助,中川,2321300010,社会福祉法人名古屋手をつなぐ育成会,コモトグループホーム,454-0833,愛知県名古屋市中川区上脇町1丁目27番地の1　ディアコート上脇301号,2006/10/1,052-355-3288,052-355-3288,,,社会福祉法人（社協以外）,,,,,,,,
23900110003184,グループホームなかよし,共同生活援助,中川,2321300036,特定非営利活動法人なかよし,グループホームナカヨシ,454-0962,愛知県名古屋市中川区戸田三丁目1812番地の１,2006/10/1,052-304-3396,052-304-3397,,,非営利法人（NPO）,,,,,,,,
23900110002584,ゆたか生活支援事業所なかがわ,共同生活援助,中川,2321300044,社会福祉法人ゆたか福祉会,ユタカセイカツシエンジギョウショナカガワ,454-0833,愛知県名古屋市中川区上脇町1丁目32番地の2,2006/10/1,052-354-0678,052-355-7079,,,社会福祉法人（社協以外）,,,,,,,,
23900110002766,友愛ホーム,共同生活援助,中川,2321300051,社会福祉法人富田福祉会,ユウアイホーム,454-0957,愛知県名古屋市中川区かの里一丁目2707番地　フォーナイン富田102号,2006/10/1,052-301-3141,052-301-9944,,,社会福祉法人（社協以外）,,,,,,,,
23900110002894,堀田グループホーム,共同生活援助,瑞穂,2321400026,社会福祉法人名古屋手をつなぐ育成会,ホリタグループホーム,467-0827,愛知県名古屋市瑞穂区下坂町2丁目30番地シティパレス堀田６０３号,2006/10/1,052-883-1871,052-883-1871,,,社会福祉法人（社協以外）,,,,,,,,
23900110000314,澄心荘,共同生活援助,昭和,2326200017,医療法人福智会,チョウシンソウ,466-0006,愛知県名古屋市昭和区北山町3丁目1番地,2006/10/1,052-741-8900,052-741-8930,,,医療法人,,,,,,,,
23900110002769,ラルクホーム,共同生活援助,天白,2326400021,社会福祉法人平針福祉会,ラルクホーム,468-0022,愛知県名古屋市天白区高島二丁目701番地　オデッセイ島田C-201号,2006/10/1,052-805-8381,052-805-8381,,,社会福祉法人（社協以外）,,,,,,,,
23900110002885,塩付グループホーム,共同生活援助,千種,2327100042,社会福祉法人名古屋手をつなぐ育成会,シオツケグループホーム,464-0854,愛知県名古屋市千種区大久手町７丁目２番地ブルーデル千種２Ａ,2006/10/1,052-741-6730,052-741-6730,,,社会福祉法人（社協以外）,,,,,,,,
23900110002683,スターライト,共同生活援助,東,2327200024,社会福祉法人薫徳会,スターライト,461-0038,愛知県名古屋市東区新出来二丁目1番13号　MONOLITH205号,2006/10/1,052-932-1214,052-908-8835,,,社会福祉法人（社協以外）,,,,,,,,
23900110002903,やまぶきホーム,共同生活援助,東,2327200032,社会福祉法人名古屋東福祉協会,ヤマブキホーム,461-0032,愛知県名古屋市東区出来町三丁目19番26号,2006/10/1,052-799-3992,052-799-3996,,,社会福祉法人（社協以外）,,,,,,,,
23900110002668,共同生活体北,共同生活援助,東,2327200040,社会福祉法人共生福祉会,キョウドウセイカツタイキタ,461-0040,愛知県名古屋市東区矢田一丁目5番1号 マリオン大曽根506号,2006/10/1,052-712-5351,052-712-5351,,,社会福祉法人（社協以外）,,,,,,,,
23900110002423,あずまホーム,共同生活援助,守山,2327300030,社会福祉法人あずま福祉会,アズマホーム,463-0097,愛知県名古屋市守山区川村町7番地,2006/10/1,052-792-5081,052-792-5081,,,社会福祉法人（社協以外）,,,,,,,,
23900110002940,めいほくホーム,共同生活援助,守山,2327300048,社会福祉法人名北福祉会,メイホクホーム,463-0070,愛知県名古屋市守山区新守山2205番地,2006/10/1,052-917-7610,052-982-6002,,,社会福祉法人（社協以外）,,,,,,,,
23900110002415,守山ホーム,共同生活援助,守山,2327600025,社会福祉法人あさひ会,モリヤマホーム,463-0092,愛知県名古屋市守山区白沢町16番地,2006/10/1,052-794-1913,052-794-1951,,,社会福祉法人（社協以外）,,,,,,,,
23900110002718,もりたかホーム,共同生活援助,守山,2327600066,社会福祉法人清新会,モリタカホーム,463-0035,愛知県名古屋市守山区森孝二丁目１０２番地ウィンザーハイツ202号,2006/10/1,052-776-7080,052-773-7229,,,社会福祉法人（社協以外）,,,,,,,,
23900110002502,ひまわりホーム,共同生活援助,名東,2328000019,社会福祉法人ひまわり福祉会,ヒマワリホーム,465-0047,愛知県名古屋市名東区小池町468番地の1 サウスサイドアヴェニュービル3階,2006/10/1,052-709-3811,052-709-3812,,,社会福祉法人（社協以外）,,,,,,,,
23900110003311,ドーミトリーあちゃ,共同生活援助,南,2328100033,特定非営利活動法人学習障害児・者の教育と自立の保障をすすめる会,ドーミトリーアチャ,457-0004,愛知県名古屋市南区中江二丁目4番20号,2006/10/1,052-720-4872,052-720-4872,,,非営利法人（NPO）,,,,,,,,
23900110002586,ゆたか生活支援事業所みどり,共同生活援助,緑,2328100058,社会福祉法人ゆたか福祉会,ユタカセイカツシエンジギョウショミドリ,458-0817,愛知県名古屋市緑区諸の木三丁目1002番地,2006/10/1,052-876-8820,052-710-6944,,,社会福祉法人（社協以外）,,,,,,,,
23900110002588,ゆたか生活支援事業所みなみ,共同生活援助,南,2328100066,社会福祉法人ゆたか福祉会,ユタカセイカツシエンジギョウショミナミ,457-0823,愛知県名古屋市南区元塩町2丁目6番地の1,2006/10/1,052-619-6052,052-619-6053,,,社会福祉法人（社協以外）,,,,,,,,
23900110002485,ニコニコホーム,共同生活援助,緑,2328500018,社会福祉法人ニコニコハウス,ニコニコホーム,458-0801,愛知県名古屋市緑区鳴海町字森下3番地の4,2006/10/1,052-891-1103,,,,社会福祉法人（社協以外）,,,,,,,,