,,所在地,名　称,郵便番号,住　所,電話番号,共同生活住居名称,事業者名称,"代表者職名",事業所番号,枝番,指定年月日,
,1,熊本市,医療法人　居中会,862-0938,熊本市長嶺東２丁目１１－９５,096-380-2038,ジョージハウス,医療法人　居中会,理事長,4320100011,1,2006年10月1日,外部サービス利用型
,2,熊本市,医療法人　居中会,862-0938,熊本市長嶺東２丁目１１－９５,096-380-2038,なでしこ,医療法人　居中会,理事長,4320100011,2,2006年10月1日,外部サービス利用型
,3,熊本市南区,森病院,861-4101,熊本市南区近見熊本市南区近見一丁目３番３２号,096-354-0177,グループホームわかば荘,医療法人　森和会,理事長,4320100029,1,2006年10月1日,外部サービス利用型
,4,熊本市,社会福祉法人やまびこ福祉会グループホーム事業,862-0972,熊本市新大江１－１２－１５,096-362-6160,グループホームすばる,社会福祉法人　やまびこ福祉会,理事長,4320100037,1,2006年10月1日,外部サービス利用型
,5,熊本市,社会福祉法人やまびこ福祉会グループホーム事業,862-0972,熊本市新大江１－１２－１５,096-362-6160,グループホームるぽの家,社会福祉法人　やまびこ福祉会,理事長,4320100037,2,2006年10月1日,外部サービス利用型
,6,熊本市,社会福祉法人やまびこ福祉会グループホーム事業,862-0972,熊本市新大江１－１２－１５,096-362-6160,グループホーム　ブルースカイ,社会福祉法人　やまびこ福祉会,理事長,4320100037,3,2006年10月1日,外部サービス利用型
,7,熊本市,社会福祉法人やまびこ福祉会グループホーム事業,862-0972,熊本市新大江１－１２－１５,096-362-6160,グループホームクローバー,社会福祉法人　やまびこ福祉会,理事長,4320100037,4,2006年10月1日,外部サービス利用型
,8,熊本市,オレンジホーム,861-5347,熊本市河内町船津２７１１－２,096-276-1831,オレンジホーム１,特定非営利活動法人　オレンジワークの会,理事長,4320100045,1,2006年10月1日,介護サービス包括型
,9,熊本市,オレンジホーム,861-5347,熊本市河内町船津２７１１－２,096-276-1831,オレンジホーム３,特定非営利活動法人　オレンジワークの会,理事長,4320100045,3,2006年10月1日,介護サービス包括型
,10,熊本市,オレンジホーム,861-5347,熊本市河内町船津２７１１－２,096-276-1831,オレンジホーム２,特定非営利活動法人　オレンジワークの会,理事長,4320100045,4,2006年10月1日,介護サービス包括型
,11,熊本市,オレンジホーム,861-5347,熊本市河内町船津２７１１－２,096-276-1831,オレンジホーム４,特定非営利活動法人　オレンジワークの会,理事長,4320100045,5,2006年10月1日,介護サービス包括型
,12,熊本市北区,ふれあいワーク　グループホーム事業所,861-8007,熊本市北区龍田弓削一丁目５番６８号志水第一ビル１-Ｃ,096-338-4213,ふれあい,社会福祉法人　わくわく,理事長,4320100086,1,2006年10月1日,介護サービス包括型
,13,熊本市北区,ふれあいワーク　グループホーム事業所,861-8007,熊本市北区龍田弓削一丁目５番６８号志水第一ビル１-Ｃ,096-338-4213,さくら　３－Ｂ,社会福祉法人　わくわく,理事長,4320100086,2,2006年10月1日,介護サービス包括型
,14,熊本市北区,ふれあいワーク　グループホーム事業所,861-8007,熊本市北区龍田弓削一丁目５番６８号志水第一ビル１-Ｃ,096-338-4213,さくら　３－Ｃ,社会福祉法人　わくわく,理事長,4320100086,3,2006年10月1日,介護サービス包括型
,15,熊本市北区,ふれあいワーク　グループホーム事業所,861-8007,熊本市北区龍田弓削一丁目５番６８号志水第一ビル１-Ｃ,096-338-4213,かりん　１－Ａ,社会福祉法人　わくわく,理事長,4320100086,4,2006年10月1日,介護サービス包括型
,16,熊本市北区,ふれあいワーク　グループホーム事業所,861-8007,熊本市北区龍田弓削一丁目５番６８号志水第一ビル１-Ｃ,096-338-4213,かりん　１－Ｂ,社会福祉法人　わくわく,理事長,4320100086,5,2006年10月1日,介護サービス包括型
,17,熊本市北区,ふれあいワーク　グループホーム事業所,861-8007,熊本市北区龍田弓削一丁目５番６８号志水第一ビル１-Ｃ,096-338-4213,かりん　１－Ｃ,社会福祉法人　わくわく,理事長,4320100086,6,2006年10月1日,介護サービス包括型
,18,熊本市北区,ふれあいワーク　グループホーム事業所,861-8007,熊本市北区龍田弓削一丁目５番６８号志水第一ビル１-Ｃ,096-338-4213,あんず,社会福祉法人　わくわく,理事長,4320100086,7,2006年10月1日,介護サービス包括型
,19,熊本市北区,ふれあいワーク　グループホーム事業所,861-8007,熊本市北区龍田弓削一丁目５番６８号志水第一ビル１-Ｃ,096-338-4213,さくら　３－Ａ,社会福祉法人　わくわく,理事長,4320100086,8,2006年10月1日,介護サービス包括型
,20,熊本市,済生会グループホーム事業所,861-4127,熊本市内田町３５５５－１,096-223-3330,すみれホーム,社会福祉法人　恩賜財団済生会,支部長,4320100094,1,2006年10月1日,介護サービス包括型
,21,熊本市,済生会グループホーム事業所,861-4127,熊本市内田町３５５５－１,096-223-3330,さいせい並建東館,社会福祉法人　恩賜財団済生会,支部長,4320100094,10,2006年10月1日,介護サービス包括型
,22,熊本市,済生会グループホーム事業所,861-4127,熊本市内田町３５５５－１,096-223-3330,さいせい並建Ⅲ番館,社会福祉法人　恩賜財団済生会,支部長,4320100094,11,2006年10月1日,介護サービス包括型
,23,熊本市,済生会グループホーム事業所,861-4127,熊本市内田町３５５５－１,096-223-3330,さいせい並建Ⅳ番館,社会福祉法人　恩賜財団済生会,支部長,4320100094,12,2006年10月1日,介護サービス包括型
,24,熊本市,済生会グループホーム事業所,861-4127,熊本市内田町３５５５－１,096-223-3330,さいせい内田１番館・わかば,社会福祉法人　恩賜財団済生会,支部長,4320100094,13,2006年10月1日,介護サービス包括型
,25,熊本市,済生会グループホーム事業所,861-4127,熊本市内田町３５５５－１,096-223-3330,さいせい内田２番館,社会福祉法人　恩賜財団済生会,支部長,4320100094,14,2006年10月1日,介護サービス包括型
,26,熊本市,済生会グループホーム事業所,861-4127,熊本市内田町３５５５－１,096-223-3330,さいせい東２番館,社会福祉法人　恩賜財団済生会,支部長,4320100094,15,2006年10月1日,介護サービス包括型
,27,熊本市,済生会グループホーム事業所,861-4127,熊本市内田町３５５５－１,096-223-3330,うちだ１番館・あおぞら,社会福祉法人　恩賜財団済生会,支部長,4320100094,16,2006年10月1日,介護サービス包括型
,28,熊本市,済生会グループホーム事業所,861-4127,熊本市内田町３５５５－１,096-223-3330,さいせい並建Ⅴ番館,社会福祉法人　恩賜財団済生会,支部長,4320100094,17,2006年10月1日,介護サービス包括型
,29,熊本市,済生会グループホーム事業所,861-4127,熊本市内田町３５５５－１,096-223-3330,すずらんホーム,社会福祉法人　恩賜財団済生会,支部長,4320100094,4,2006年10月1日,介護サービス包括型
,30,熊本市,済生会グループホーム事業所,861-4127,熊本市内田町３５５５－１,096-223-3330,さくらホーム,社会福祉法人　恩賜財団済生会,支部長,4320100094,6,2006年10月1日,介護サービス包括型
,31,熊本市,済生会グループホーム事業所,861-4127,熊本市内田町３５５５－１,096-223-3330,あさがおホーム,社会福祉法人　恩賜財団済生会,支部長,4320100094,7,2006年10月1日,介護サービス包括型
,32,熊本市,済生会グループホーム事業所,861-4127,熊本市内田町３５５５－１,096-223-3330,さいせい並建Ⅰ番館,社会福祉法人　恩賜財団済生会,支部長,4320100094,8,2006年10月1日,介護サービス包括型
,33,熊本市,済生会グループホーム事業所,861-4127,熊本市内田町３５５５－１,096-223-3330,さいせい並建Ⅱ番館,社会福祉法人　恩賜財団済生会,支部長,4320100094,9,2006年10月1日,介護サービス包括型
,34,熊本市,しょうぶの里　グループホーム事業所,861-5284,熊本市小島9丁目１４－５８,096-311-4588,ホーム千金甲,社会福祉法人　熊本市手をつなぐ育成会,会長,4320100102,1,2006年10月1日,外部サービス利用型
,35,熊本市,しょうぶの里　グループホーム事業所,861-5284,熊本市小島9丁目１４－５８,096-311-4588,グループホームぎんなん,社会福祉法人　熊本市手をつなぐ育成会,会長,4320100102,2,2006年10月1日,外部サービス利用型
,36,熊本市,しょうぶの里　グループホーム事業所,861-5284,熊本市小島9丁目１４－５８,096-311-4588,グループホームあいりす,社会福祉法人　熊本市手をつなぐ育成会,会長,4320100102,3,2006年10月1日,外部サービス利用型
,37,熊本市,明和学園グループホーム事業所,861-4116,熊本市中無田町６４８番地,096-358-7871,ピース明和,社会福祉法人　勝縁会,理事長,4320100110,1,2006年10月1日,介護サービス包括型
,38,熊本市,明和学園グループホーム事業所,861-4116,熊本市中無田町６４８番地,096-358-7871,リバグリーン明和,社会福祉法人　勝縁会,理事長,4320100110,2,2006年10月1日,介護サービス包括型
,39,熊本市,ゆたか学園グループホーム事業所,861-5272,熊本市中島町７５７番２号,096-212-2005,サンホーム,社会福祉法人　西部福祉会,理事長,4320100128,1,2006年10月1日,外部サービス利用型
,40,熊本市,つばき学園グループホーム事業所,860-0072,熊本市花園７丁目１０９０－２,096-351-0828,つばき寮,社会福祉法人　大輪会,理事長,4320100136,1,2006年10月1日,介護サービス包括型
,41,熊本市,つばき学園グループホーム事業所,860-0072,熊本市花園７丁目１０９０－２,096-351-0828,野ばら寮,社会福祉法人　大輪会,理事長,4320100136,2,2006年10月1日,介護サービス包括型
,42,熊本市,つばき学園グループホーム事業所,860-0072,熊本市花園７丁目１０９０－２,096-351-0828,桃の里,社会福祉法人　大輪会,理事長,4320100136,3,2006年10月1日,介護サービス包括型
,43,熊本市,つばき学園グループホーム事業所,860-0072,熊本市花園７丁目１０９０－２,096-351-0828,南高江,社会福祉法人　大輪会,理事長,4320100136,4,2006年10月1日,介護サービス包括型
,44,熊本市,つばき学園グループホーム事業所,860-0072,熊本市花園７丁目１０９０－２,096-351-0828,柿原,社会福祉法人　大輪会,理事長,4320100136,5,2006年10月1日,介護サービス包括型
,45,熊本市北区,こころみ会グループホーム事業所,860-0083,熊本市北区大窪一丁目８番６号,096-378-5960,大窪台ハイツ,特定非営利活動法人　こころみ会,理事長,4320100151,1,2006年10月1日,外部サービス利用型
,46,熊本市,指定共同生活援助事業所　いこい計画,862-0970,熊本市渡鹿１丁目１番１号,096-288-1342,指定共同生活援助事業所　いこい計画,株式会社熊本地域協働システム研究所,代表取締役,4320100854,1,2010年2月8日,外部サービス利用型
,47,熊本市,指定共同生活援助事業所　いこい計画,862-0970,熊本市渡鹿１丁目１番１号,096-288-1342,明篤館分館,株式会社熊本地域協働システム研究所,代表取締役,4320100854,2,2010年2月8日,外部サービス利用型
,48,熊本市,熊本県あかねホーム,861-8043,熊本市戸島西3丁目4番150号,096-365-3387,熊本県あかねホーム,公益社団法人　熊本県精神科協会,会長,4320100862,1,2010年4月1日,外部サービス利用型
,49,熊本市中央区,グループホーム　わっしょい,860-0046,熊本市中央区横手一丁目2番90号,096-354-6339,グループホーム　わっしょい１,特定非営利活動法人一新福祉会,理事長,4320100888,1,2010年3月1日,外部サービス利用型
,50,熊本市,グループホーム　まんまん,861-8031,熊本市戸島町４５９－１,096-388-1133,ケアホームまんまんA棟,社会福祉法人　託麻会,理事長,4320100953,1,2014年4月1日,介護サービス包括型
,51,熊本市,グループホーム　まんまん,861-8031,熊本市戸島町４５９－１,096-388-1133,ケアホームまんまんB棟,社会福祉法人　託麻会,理事長,4320100953,2,2014年4月1日,介護サービス包括型
,52,熊本市,グループホーム自立応援団,861-5535,熊本市貢町７８０番８,096-288-1752,グループホーム親和荘,特定非営利活動法人自立応援団,理事長,4320100961,1,2010年4月1日,外部サービス利用型
,53,熊本市,グループホーム自立応援団,861-5535,熊本市貢町７８０番８,096-288-1752,オレンジハウス,特定非営利活動法人自立応援団,理事長,4320100961,2,2010年4月1日,外部サービス利用型
,54,熊本市,グループホーム自立応援団,861-5535,熊本市貢町７８０番８,096-288-1752,レガーメ藤崎宮,特定非営利活動法人自立応援団,理事長,4320100961,3,2010年4月1日,外部サービス利用型
,55,熊本市,「はなのいえ」,860-0073,熊本市島崎２丁目２６番４６号,096-355-0890,「はなのいえ」,日本ウイリング株式会社,代表取締役,4320100979,1,2010年4月1日,介護サービス包括型
,56,熊本市,ゆめくらし事業所,861-5503,熊本市明徳町７０７番地１,096-215-9101,オレンジハウス,社会福祉法人　明徳会,理事長,4320101175,1,2011年4月1日,介護サービス包括型
,57,熊本市,ゆめくらし事業所,861-5503,熊本市明徳町７０７番地１,096-215-9101,アクアテラス,社会福祉法人　明徳会,理事長,4320101175,2,2011年4月1日,介護サービス包括型
,58,熊本市,れん,861-8041,熊本市戸島５丁目８番６号,096-380-5752,れん,社会福祉法人　ライン工房,理事長,4320101191,1,2011年4月1日,介護サービス包括型
,59,熊本市,れん,861-8041,熊本市戸島５丁目８番６号,096-380-5752,ゆうゆう館,社会福祉法人　ライン工房,理事長,4320101191,2,2011年4月1日,介護サービス包括型
,60,熊本市,れん,861-8041,熊本市戸島５丁目８番６号,096-380-5752,かなで,社会福祉法人　ライン工房,理事長,4320101191,3,2011年4月1日,介護サービス包括型
,61,熊本市,グループホームロフティ日向,861-8006,熊本市龍田８丁目１８番３０号　１０５号室,0964-32-8522,グループホームロフティ日向Ⅰ,特定非営利法人　ジョブパートナー,理事長,4320101217,1,2011年4月8日,外部サービス利用型
,62,熊本市,グループホームロフティ日向,861-8006,熊本市龍田８丁目１８番３０号　１０５号室,0964-32-8522,グループホームロフティ日向Ⅱ,特定非営利法人　ジョブパートナー,理事長,4320101217,2,2011年4月8日,外部サービス利用型
,63,熊本市,ライフサポートセンター　アメニティ,861-8082,熊本市兎谷２丁目３番２０号,096-341-5800,アメニティ２０１,ＮＰＯ法人　まちくらネットワーク熊本,理事長,4320101332,1,2011年11月1日,介護サービス包括型
,64,熊本市,ライフサポートセンター　アメニティ,861-8082,熊本市兎谷２丁目３番２０号,096-341-5800,アメニティ３０１,ＮＰＯ法人　まちくらネットワーク熊本,理事長,4320101332,2,2011年11月1日,介護サービス包括型
,65,熊本市,ライフサポートセンター　アメニティ,861-8082,熊本市兎谷２丁目３番２０号,096-341-5800,LEAD,ＮＰＯ法人　まちくらネットワーク熊本,理事長,4320101332,3,2011年11月1日,介護サービス包括型
,66,熊本市,第二大江学園グループホーム事業所,862-0970,熊本市渡鹿八丁目１４番５５号,096-372-5252,とろくガーデン,社会福祉法人　肥後自活団,理事長,4320101530,1,2012年3月1日,介護サービス包括型
,67,熊本市,第二大江学園グループホーム事業所,862-0970,熊本市渡鹿八丁目１４番５５号,096-372-5252,とろくコテージ,社会福祉法人　肥後自活団,理事長,4320101530,2,2012年3月1日,介護サービス包括型
,68,熊本市,きらら,861-5347,熊本市河内町船津２７０９－９８,096-277-3055,きらら,社会福祉法人　明悠会,理事長,4320101621,1,2014年4月1日,介護サービス包括型
,69,熊本市,きらら,861-5347,熊本市河内町船津２７０９－９８,096-277-3055,海音,社会福祉法人　明悠会,理事長,4320101621,2,2014年4月1日,介護サービス包括型
,70,熊本市,熊本県コロニー協会グループホーム,860-0051,熊本市二本木三丁目１２番３７号,096-353-1291,きずな,社会福祉法人　熊本県コロニー協会,理事長,4320101639,1,2012年4月1日,外部サービス利用型
,71,熊本市,熊本県コロニー協会グループホーム,860-0051,熊本市二本木三丁目１２番３７号,096-353-1291,きずな野中,社会福祉法人　熊本県コロニー協会,理事長,4320101639,2,2012年4月1日,外部サービス利用型
,72,熊本市,熊本県コロニー協会グループホーム,860-0051,熊本市二本木三丁目１２番３７号,096-353-1291,きずな二本木,社会福祉法人　熊本県コロニー協会,理事長,4320101639,3,2012年4月1日,外部サービス利用型
,73,熊本市,グループホーム　ヴィエント,861-8045,熊本市小山１丁目３番３０号,0964-27-8252,グループホーム　ヴィエント　Ⅰ,ＮＰＯ法人　障がい者支援の会　いきいき,理事長,4320101654,1,2012年4月1日,外部サービス利用型
,74,熊本市,グループホーム すまいる１,861-4133,熊本市島町一丁目４番３号,096-311-3332,ケアホーム すまいる１,社会福祉法人 熊本市社会福祉事業団,理事長,4320101837,1,2014年4月1日,介護サービス包括型
,75,熊本市,グループホームしんせい,861-5273,熊本市西区沖新町３９９５番地４,096-329-6336,グループホームしんせい,社会福祉法人　新生会,理事長,4320102009,1,2013年4月1日,介護サービス包括型
,76,熊本市,グループホームしんせい,861-5273,熊本市西区沖新町３９９５番地４,096-329-6336,グループホームしんせいⅡ,社会福祉法人　新生会,理事長,4320102009,2,2013年4月1日,介護サービス包括型
,77,熊本市,共同生活援助事業所　グループホームきづな,862-0976,熊本市中央区九品寺６丁目６番７９－４０５号,096-371-5175,グループホームきづな４０５,特定非営利活動法人　グループホームきづな,理事長,4320102041,1,2013年4月1日,外部サービス利用型
,78,熊本市,共同生活援助事業所　グループホームきづな,862-0976,熊本市中央区九品寺６丁目６番７９－４０５号,096-371-5175,グループホームきづな４０６,特定非営利活動法人　グループホームきづな,理事長,4320102041,2,2013年4月1日,外部サービス利用型
,79,熊本市,共同生活援助事業所　グループホームきづな,862-0976,熊本市中央区九品寺６丁目６番７９－４０５号,096-371-5175,グループホームきづな５０５,特定非営利活動法人　グループホームきづな,理事長,4320102041,3,2013年4月1日,外部サービス利用型
,80,熊本市,共同生活援助事業所　グループホームきづな,862-0976,熊本市中央区九品寺６丁目６番７９－４０５号,096-371-5175,グループホームきづな５０６号,特定非営利活動法人　グループホームきづな,理事長,4320102041,4,2013年4月1日,外部サービス利用型
,81,熊本市,共同生活援助事業所　グループホームきづな,862-0976,熊本市中央区九品寺６丁目６番７９－４０５号,096-371-5175,グループホームきづな３１０,特定非営利活動法人　グループホームきづな,理事長,4320102041,5,2013年4月1日,外部サービス利用型
,82,熊本市,共同生活援助事業所　グループホームきづな,862-0976,熊本市中央区九品寺６丁目６番７９－４０５号,096-371-5175,グループホームきづな５１０,特定非営利活動法人　グループホームきづな,理事長,4320102041,6,2013年4月1日,外部サービス利用型
,83,熊本市,共同生活援助事業所　グループホームきづな,862-0976,熊本市中央区九品寺６丁目６番７９－４０５号,096-371-5175,グループホームきづな６１０,特定非営利活動法人　グループホームきづな,理事長,4320102041,7,2013年4月1日,外部サービス利用型
,84,熊本市,共同生活援助事業所　グループホームきづな,862-0976,熊本市中央区九品寺６丁目６番７９－４０５号,096-371-5175,グループホームきづな２１０,特定非営利活動法人　グループホームきづな,理事長,4320102041,8,2013年4月1日,外部サービス利用型
,85,熊本市,共同生活援助事業所　グループホームきづな,862-0976,熊本市中央区九品寺６丁目６番７９－４０５号,096-371-5175,グループホームきづな５０８,特定非営利活動法人　グループホームきづな,理事長,4320102041,9,2013年4月1日,外部サービス利用型
,86,熊本市,ねむの樹,861-8028,熊本市新南部３丁目７－４５,096-221-7003,ねむの樹①,一般社団法人　結井の郷,代表理事,4320102108,1,2013年5月1日,外部サービス利用型
,87,熊本市,ねむの樹,861-8028,熊本市新南部３丁目７－４５,096-221-7003,ねむの樹②,一般社団法人　結井の郷,代表理事,4320102108,3,2013年5月1日,外部サービス利用型
,88,熊本市北区,グループホームのはら荘,861-5503,熊本市北区明徳町字上市原１３０６番４,096-342-5131,グループホームのはら荘,有限会社　オー・エス収集センター,代表取締役,4320102116,1,2014年4月1日,外部サービス利用型
,89,熊本市西区,衆星,860-0082,熊本市西区池田二丁目２５番４５号,096-384-3336,衆星,一般社団法人　グランパ,代表理事,4320102124,1,2014年12月1日,外部サービス利用型
,90,熊本市中央区,ルミエール帯山,862-0924,熊本市中央区帯山五丁目３番９号,096-387-5717,ルミエール帯山,株式会社 B.Advance,代表取締役,4320102140,1,2015年10月1日,介護サービス包括型
,91,熊本市中央区,グループホームＤ．Ｐ,860-0831,熊本市中央区八王寺町14-34,096-378-5001,グループホームＤ．Ｐ,株式会社　Ｄ．Ｐワークサービス,代表取締役,4320102165,1,2016年3月1日,外部サービス利用型
,92,熊本市南区,シェアハウス　Ｇｏｎｄｏ,861-4117,熊本市南区護藤町１５８６番地４,096-342-6624,シェアハウス　Ｇｏｎｄｏ,社会福祉法人　上ノ郷福祉会,理事長,4320102173,1,2016年4月1日,介護サービス包括型
,93,熊本市南区,グループホーム　すまいる２,861-4133,熊本市南区薄場町二丁目１０番５３号,096-342-4430,グループホーム　すまいる２,社会福祉法人 熊本市社会福祉事業団,理事長,4320102207,1,2016年12月1日,介護サービス包括型
,94,熊本市中央区,グループホーム　リボーン,862-0956,熊本市中央区水前寺公園１６番２号,096-384-6151,グループホーム　リボーン,社会福祉法人　グリーンコープ,理事長,4320102215,1,2017年10月1日,介護サービス包括型
,95,熊本市中央区,グループホーム　リボーン,862-0956,熊本市中央区水前寺公園１６番２号,096-384-6151,グループホーム　リボーンⅡ,社会福祉法人　グリーンコープ,理事長,4320102215,2,2017年10月1日,介護サービス包括型
,96,熊本市西区,グループホーム　オリーブの家,860-0082,熊本市西区池田二丁目９番１号,096-342-4123,オリーブハウス,ＮＰＯ法人オリーブの家,理事長,4320102223,1,2017年12月1日,介護サービス包括型
,97,熊本市西区,グループホーム　オリーブの家,860-0082,熊本市西区池田二丁目９番１号,096-342-4123,オリーブハウス２,ＮＰＯ法人オリーブの家,理事長,4320102223,2,2017年12月1日,介護サービス包括型
,98,熊本市東区,グループホームひなた園,862-0918,熊本市東区花立六丁目３番７号,096-365-1600,グループホームひなた園花立,合同会社ひなた園,代表社員,4320102231,1,2018年9月1日,介護サービス包括型
,99,熊本市東区,グループホームひなた園,862-0918,熊本市東区花立六丁目３番７号,096-365-1600,グループホームひなた園月出,合同会社ひなた園,代表社員,4320102231,2,2018年9月1日,介護サービス包括型
,100,熊本市西区,障がい者ホームあゆみ,861-5271,熊本市西区中原町３７０番地１,096-273-6518,障がい者ホームあゆみ,ＮＰＯ法人　あゆみ,理事長,4320102249,1,2018年10月1日,介護サービス包括型
,101,熊本市中央区,共同生活援助　ここのわ,862-0941,熊本市中央区出水七丁目５６番１０号,096-288-6877,ここのわ,一般社団法人福幸会,代表理事,4320102256,1,2018年10月16日,外部サービス利用型
,102,熊本市中央区,共同生活援助　ここのわ,862-0941,熊本市中央区出水七丁目５６番１０号,096-288-6877,ここのわ２号館,一般社団法人福幸会,代表理事,4320102256,2,2018年10月16日,外部サービス利用型
,103,熊本市東区,グループホーム　コンパス,862-0914,熊本市東区山ノ内二丁目２番１１２号,09086244041,山ノ内Ⅰ,株式会社　パワー・オブ・スマイル,代表取締役,4320102264,1,2019年8月1日,介護サービス包括型
,104,熊本市東区,グループホーム　コンパス,862-0914,熊本市東区山ノ内二丁目２番１１２号,09086244041,山ノ内Ⅱ,株式会社　パワー・オブ・スマイル,代表取締役,4320102264,2,2019年8月1日,介護サービス包括型
,105,熊本市東区,グループホーム　コンパス,862-0914,熊本市東区山ノ内二丁目２番１１２号,09086244041,山ノ内Ⅲ,株式会社　パワー・オブ・スマイル,代表取締役,4320102264,3,2019年8月1日,介護サービス包括型
,106,熊本市東区,グループホーム　コンパス,862-0914,熊本市東区山ノ内二丁目２番１１２号,09086244041,高平Ⅰ,株式会社　パワー・オブ・スマイル,代表取締役,4320102264,4,2019年8月1日,介護サービス包括型
,107,熊本市中央区,グループホーム　ふとりねこ,860-0863,熊本市中央区坪井４丁目１番２７号コーポアルム１０１号,096-344-5539,グループホーム　ふとりねこ,ＮＰＯ法人　ＵＤくまもと,代表理事,4320102280,1,2020年4月1日,介護サービス包括型
,108,熊本市中央区,グループホーム　ふとりねこ,860-0863,熊本市中央区坪井４丁目１番２７号コーポアルム１０１号,096-344-5539,グループホーム　ふとりねこⅡ,ＮＰＯ法人　ＵＤくまもと,代表理事,4320102280,2,2020年4月1日,介護サービス包括型
,109,熊本市中央区,めぐみ一号館,860-0832,熊本市中央区萩原町１－３,096-378-4294,めぐみ一号館,社会福祉法人　恵熊会,理事長,4320102298,1,2020年4月1日,介護サービス包括型
,110,熊本市中央区,てらすハウス,860-0821,熊本市中央区本山一丁目７番５号メゾン本山１０１,096-285-9024,てらすハウス本山１,株式会社　Sinryou,代表取締役,4320102306,1,2020年5月1日,介護サービス包括型
,111,熊本市中央区,てらすハウス,860-0821,熊本市中央区本山一丁目７番５号メゾン本山１０１,096-285-9024,てらすハウス本山２,株式会社　Sinryou,代表取締役,4320102306,2,2020年5月1日,介護サービス包括型
,112,熊本市中央区,てらすハウス,860-0821,熊本市中央区本山一丁目７番５号メゾン本山１０１,096-285-9024,てらすハウス本山３,株式会社　Sinryou,代表取締役,4320102306,3,2020年5月1日,介護サービス包括型
,113,熊本市中央区,てらすハウス,860-0821,熊本市中央区本山一丁目７番５号メゾン本山１０１,096-285-9024,てらすハウス本山４,株式会社　Sinryou,代表取締役,4320102306,4,2020年5月1日,介護サービス包括型
,114,熊本市中央区,てらすハウス,860-0821,熊本市中央区本山一丁目７番５号メゾン本山１０１,096-285-9024,てらすハウス尾ノ上1,株式会社　Sinryou,代表取締役,4320102306,5,2020年5月1日,介護サービス包括型
,115,熊本市中央区,てらすハウス,860-0821,熊本市中央区本山一丁目７番５号メゾン本山１０１,096-285-9024,てらすハウス尾ノ上2,株式会社　Sinryou,代表取締役,4320102306,6,2020年5月1日,介護サービス包括型
,116,熊本市南区,イドコロ,861-4114,熊本市南区野田3丁目9番96号,096-200-9600,イドコロ,一般社団法人　優心会,代表理事,4320102314,1,2020年6月1日,介護サービス包括型
,117,熊本市中央区,グループホーム風月,860-0862,熊本市中央区黒髪６丁目２番１７号,096-346-0540,グループホーム風月,特定非営利活動法人　イルカの会,理事長,4320102322,1,2020年7月1日,介護サービス包括型
,118,熊本市中央区,グループホーム風月,860-0862,熊本市中央区黒髪６丁目２番１７号,096-346-0540,グループホーム風月３,特定非営利活動法人　イルカの会,理事長,4320102322,2,2020年7月1日,介護サービス包括型
,119,熊本市中央区,グループホーム『みらい』,860-0863,熊本市中央区坪井二丁目１番２９号,096-295-2828,グループホーム『みらい』,株式会社医療福祉エンジニアリング,代表取締役,4320102330,1,2020年10月1日,介護サービス包括型
,120,熊本市中央区,つみきホーム　しまさき,860-0073,熊本市中央区島崎一丁目１９番２７号２階,096-201-1566,つみきホーム　しまさき,株式会社　ハッピープランニング,代表取締役,4320102348,1,2020年10月1日,外部サービス利用型
,121,熊本市東区,エントリィはうす,862-0910,熊本市東区健軍本町２８番５０号ボヌールシャトー健軍２０１号,096-235-6229,エントリィはうす1,特定非営利活動法人くまもとライフボード,理事長,4320102355,1,2020年10月1日,介護サービス包括型
,122,熊本市東区,エントリィはうす,862-0910,熊本市東区健軍本町２８番５０号ボヌールシャトー健軍２０１号,096-235-6229,エントリィはうす2,特定非営利活動法人くまもとライフボード,理事長,4320102355,2,2020年10月1日,介護サービス包括型
,123,熊本市南区,共同生活援助　みのりホーム,861-5255,熊本市南区砂原町５４番地,096-288-3007,共同生活援助　みのりホーム,ＮＰＯ法人みのり,理事長,4320102363,1,2021年1月1日,介護サービス包括型
,124,熊本市中央区,グループホーム　轍,860-0863,熊本市中央区坪井一丁目７番６号,096-288-2385,グループホーム轍（坪井）,合同会社　轍,代表社員,4320102371,1,2021年1月1日,外部サービス利用型
,125,熊本市中央区,グループホーム　轍,860-0863,熊本市中央区坪井一丁目７番６号,096-288-2385,グループホーム轍（池田）,合同会社　轍,代表社員,4320102371,2,2021年1月1日,外部サービス利用型
,126,熊本市南区,星のいえ熊本,861-4203,熊本市南区城南町隈庄７４４番地２,047-458-1230,星のいえ熊本,ＦａｎｄＳ株式会社,代表取締役,4320102389,1,2021年2月1日,介護サービス包括型
,127,熊本市東区,メゾンくまポン,861-8019,熊本市東区下南部二丁目１８番２１号,0903070-9868,くまポン,株式会社　皇帝塩本舗,代表取締役,4320102397,1,2021年2月1日,介護サービス包括型
,128,熊本市東区,グループホーム　叶鈴,861-8039,熊本市東区長嶺南七丁目８番２８号クレールみなみたくま１０１号,096-273-8440,グループホーム叶鈴ルアナ1号,合同会社　ＰＯＮＯ　ＰＬＡＣＥ,代表社員,4320102405,1,2021年4月1日,介護サービス包括型
,129,熊本市東区,グループホーム　叶鈴,861-8039,熊本市東区長嶺南七丁目８番２８号クレールみなみたくま１０１号,096-273-8440,グループホーム叶鈴ルアナ2号,合同会社　ＰＯＮＯ　ＰＬＡＣＥ,代表社員,4320102405,2,2021年4月1日,介護サービス包括型
,130,熊本市東区,グループホーム　叶鈴,861-8039,熊本市東区長嶺南七丁目８番２８号クレールみなみたくま１０１号,096-273-8440,グループホーム叶鈴ルアナ3号,合同会社　ＰＯＮＯ　ＰＬＡＣＥ,代表社員,4320102405,3,2021年4月1日,介護サービス包括型
,131,熊本市中央区,グループホームヴォルファート,860-0863,熊本市中央区坪井６丁目２６番３号,096-321-6166,グループホームヴォルファート弐号館,合同会社　ヴォルファート熊本,代表社員,4320102413,1,2021年4月7日,介護サービス包括型
,132,熊本市中央区,グループホームヴォルファート,860-0863,熊本市中央区坪井６丁目２６番３号,096-321-6166,グループホームヴォルファート壱号館,合同会社　ヴォルファート熊本,代表社員,4320102413,2,2021年4月7日,介護サービス包括型
,133,熊本市中央区,グループホーム　Ｎｏａ,860-0862,熊本市中央区黒髪四丁目１２番１１号,096-288-5056,グループホーム　Ｎｏａ,合同会社Ｎｏａ,代表社員,4320102421,1,2021年5月1日,外部サービス利用型
,134,熊本市西区,らぷらんどハウス,860-0072,熊本市西区花園五丁目１０番１２号,05035781395,らぷらんどハウス,ＮＰＯ法人　らぷらんど,代表理事,4320102439,1,2021年6月1日,外部サービス利用型
,135,熊本市中央区,きゅあはうす,862-0975,熊本市中央区新屋敷２丁目２０番２９号,096-375-9377,きゅあはうす新屋敷,株式会社　キュア,代表取締役,4320102447,1,2021年7月1日,介護サービス包括型
,136,熊本市中央区,エミエル,860-0831,熊本市中央区八王寺町４１番３３号リーブライツ１０１,08015403742,エミエル八王寺Ⅰ,株式会社　エミエル,代表取締役,4320102454,1,2021年8月1日,介護サービス包括型
,137,熊本市中央区,エミエル,860-0831,熊本市中央区八王寺町４１番３３号リーブライツ１０１,08015403742,エミエル八王寺Ⅱ,株式会社　エミエル,代表取締役,4320102454,2,2021年8月1日,介護サービス包括型
,138,熊本市中央区,エミエル,860-0831,熊本市中央区八王寺町４１番３３号リーブライツ１０１,08015403742,エミエル八王寺Ⅲ,株式会社　エミエル,代表取締役,4320102454,3,2021年8月1日,介護サービス包括型
,139,熊本市東区,障害者グループホーム　ファミリン,862-0911,熊本市東区健軍３丁目４８番１５号,096-201-6206,障害者グループホーム　ファミリン,合同会社といろ,代表社員,4320102462,1,2021年9月1日,日中サービス支援型
,140,熊本市南区,グループホームぽっかぽか,861-5263,熊本市南区並建町５１８番地,096-342-4354,グループホーム　ぽっかぽか,Ｊ･Ｋ･Ｓ株式会社,代表取締役,4320102470,1,2021年10月1日,外部サービス利用型
,141,八代市,医療法人カジオ会共同生活援助事業所,866-0024,八代市郡築一番町１７９番地,0965-37-0317,ほのぼの荘,医療法人　カジオ会,理事長,4320200019,1,2006年10月1日,外部サービス利用型
,142,八代市,医療法人カジオ会共同生活援助事業所,866-0024,八代市郡築一番町１７９番地,0965-37-0317,ほのぼのハイツ,医療法人　カジオ会,理事長,4320200019,2,2006年10月1日,外部サービス利用型
,143,八代市,医療法人　山田会　八代更生病院,866-0043,八代市古城町１７０５,0965-33-4205,第二泰山荘,医療法人　山田会,理事長,4320200027,1,2006年10月1日,外部サービス利用型
,144,八代市,医療法人社団　平成会　グループホーム事業部,866-0895,八代市大村町７２０－１,0965-32-8171,グループホーム　あじさい館,医療法人社団　平成会,理事長,4320200035,1,2006年10月1日,外部サービス利用型
,145,八代市,まんさく園グループホーム事業部,866-0885,八代市永碇町９６１－１,0965-31-7440,グループホーム　すいれん,社会福祉法人　麦の会,理事長,4320200043,1,2006年10月1日,外部サービス利用型
,146,八代市,まんさく園グループホーム事業部,866-0885,八代市永碇町９６１－１,0965-31-7440,グループホームすいれん２,社会福祉法人　麦の会,理事長,4320200043,2,2006年10月1日,外部サービス利用型
,147,八代市,まんさく園グループホーム事業部,866-0885,八代市永碇町９６１－１,0965-31-7440,グループホーム　第3スイレン,社会福祉法人　麦の会,理事長,4320200043,3,2006年10月1日,外部サービス利用型
,148,八代市,八代学園グループホーム・ケアホーム事業所,869-5172,八代市二見本町２４０,0965-38-9131,グループホーム二見の里,社会福祉法人　八代愛育会,理事長,4320200050,1,2006年10月1日,介護サービス包括型
,149,八代市,八代学園グループホーム・ケアホーム事業所,869-5172,八代市二見本町２４０,0965-38-9131,グループホーム愛さんさん,社会福祉法人　八代愛育会,理事長,4320200050,2,2006年10月1日,介護サービス包括型
,150,八代市,八代学園グループホーム・ケアホーム事業所,869-5172,八代市二見本町２４０,0965-38-9131,サンマッシュ館,社会福祉法人　八代愛育会,理事長,4320200050,3,2006年10月1日,介護サービス包括型
,151,八代市,グループホームおおぞら荘,866-0862,八代市高下西町１７０４番地,0965-34-1877,グループホームおおぞら荘　Ａ,社会福祉法人　八代市社会福祉事業団,理事長,4320200373,1,2009年6月1日,外部サービス利用型
,152,八代市,グループホームおおぞら荘,866-0862,八代市高下西町１７０４番地,0965-34-1877,グループホームおおぞら荘　Ｂ,社会福祉法人　八代市社会福祉事業団,理事長,4320200373,2,2009年6月1日,外部サービス利用型
,153,八代市,絆グループホーム・ケアホーム事業所,866-0898,八代市古閑中町１１０１番地３,0965-80-4311,絆,株式会社　八代介護がじゅまる,代表取締役,4320200472,1,2012年2月1日,介護サービス包括型
,154,八代市,絆グループホーム・ケアホーム事業所,866-0898,八代市古閑中町１１０１番地３,0965-80-4311,絆２,株式会社　八代介護がじゅまる,代表取締役,4320200472,2,2012年2月1日,介護サービス包括型
,155,八代市,絆グループホーム・ケアホーム事業所,866-0898,八代市古閑中町１１０１番地３,0965-80-4311,絆３,株式会社　八代介護がじゅまる,代表取締役,4320200472,3,2012年2月1日,介護サービス包括型
,156,八代市,絆グループホーム・ケアホーム事業所,866-0898,八代市古閑中町１１０１番地３,0965-80-4311,絆４,株式会社　八代介護がじゅまる,代表取締役,4320200472,4,2012年2月1日,介護サービス包括型
,157,八代市,グループホーム　あかり,866-0072,八代市高下西町１７６０番地,0965-33-8660,グループホーム　あかり,社会福祉法人　権現福祉会,理事長,4320200480,1,2012年4月1日,介護サービス包括型
,158,八代市,グループホーム　水田,866-0005,八代市郡築一番町２３３－３,0965-46-5770,グループホーム　水田　Ａ棟(男子),株式会社　八代福祉カンパニー,代表取締役,4320200639,1,2014年3月1日,外部サービス利用型
,159,八代市,グループホーム　水田,866-0005,八代市郡築一番町２３３－３,0965-46-5770,グループホーム　水田　Ｂ棟(女子),株式会社　八代福祉カンパニー,代表取締役,4320200639,2,2014年3月1日,外部サービス利用型
,160,八代市,グループホーム　一歩,866-0898,八代市古閑中町９４５番地　Rosa古閑中町Ⅰ,0965-80-3342,グループホーム　一歩,合同会社　大眞,代表社員,4320200779,1,2017年4月1日,外部サービス利用型
,161,八代市,グループホーム荒神町,866-0861,八代市本町４丁目３－１８,0965-31-6088,グループホーム荒神町,社会福祉法人　八代愛育会,理事長,4320200795,1,2017年8月9日,介護サービス包括型
,162,八代市,グループホームながしょう,866-0014,八代市高島町4289番地1,0965-45-9889,ながしょう一号館,株式会社　永正,代表取締役,4320200829,1,2018年6月1日,外部サービス利用型
,163,八代市,グループホームながしょう,866-0014,八代市高島町4289番地1,0965-45-9889,ながしょう二号館,株式会社　永正,代表取締役,4320200829,2,2018年6月1日,外部サービス利用型
,164,八代市,グループホームながしょう,866-0014,八代市高島町4289番地1,0965-45-9889,ながしょう三号館,株式会社　永正,代表取締役,4320200829,3,2018年6月1日,外部サービス利用型
,165,八代市,グループホームながしょう,866-0014,八代市高島町4289番地1,0965-45-9889,ながしょう五号館,株式会社　永正,代表取締役,4320200829,4,2018年6月1日,外部サービス利用型
,166,八代市,グループホームアスカ,866-0055,八代市迎町２丁目５－１,0965-35-5739,グループホームアスカ,株式会社ワールドスター,代表取締役,4320200845,1,2019年12月1日,介護サービス包括型
,167,八代市,グループホームメイクアップ,866-0032,八代市新開町３－８,0965-45-5320,グループホームメイクアップ,株式会社八代リサイクルセンター,代表取締役,4320200852,1,2020年10月1日,外部サービス利用型
,168,八代市,らいふサポート八代,866-0013,八代市築添町１７５２番１,0965-37-8870,らいふサポート八代　Ａ棟１階,社会福祉法人みどり福祉会,理事長,4320200878,1,2021年4月1日,介護サービス包括型
,169,八代市,らいふサポート八代,866-0013,八代市築添町１７５２番１,0965-37-8870,らいふサポート八代　Ａ棟２階,社会福祉法人みどり福祉会,理事長,4320200878,2,2021年4月1日,介護サービス包括型
,170,八代市,らいふサポート八代,866-0013,八代市築添町１７５２番１,0965-37-8870,らいふサポート八代　Ｂ棟１階,社会福祉法人みどり福祉会,理事長,4320200878,3,2021年4月1日,介護サービス包括型
,171,八代市,らいふサポート八代,866-0013,八代市築添町１７５２番１,0965-37-8870,らいふサポート八代　Ｂ棟２階,社会福祉法人みどり福祉会,理事長,4320200878,4,2021年4月1日,介護サービス包括型
,172,荒尾市,医療法人有働会　有働病院グループホーム事業部,864-0002,荒尾市万田４７５番地１,0968-62-1138,フレンズＵＤ,医療法人　有働会,理事長,4320300017,1,2006年10月1日,外部サービス利用型
,173,荒尾市,荒尾市社会福祉事業団グループホーム事業所,864-0032,荒尾市増永２２９９番地１５,0968-64-0752,グループホーム山の手Ａ,社会福祉法人　荒尾市社会福祉事業団,理事長,4320300033,2,2006年10月1日,介護サービス包括型
,174,荒尾市,荒尾市社会福祉事業団グループホーム事業所,864-0032,荒尾市増永２２９９番地１５,0968-64-0752,グループホーム山の手Ｂ,社会福祉法人　荒尾市社会福祉事業団,理事長,4320300033,3,2006年10月1日,介護サービス包括型
,175,荒尾市,荒尾市社会福祉事業団グループホーム事業所,864-0032,荒尾市増永２２９９番地１５,0968-64-0752,グループホーム有明,社会福祉法人　荒尾市社会福祉事業団,理事長,4320300033,4,2006年10月1日,介護サービス包括型
,176,荒尾市,荒尾市社会福祉事業団グループホーム事業所,864-0032,荒尾市増永２２９９番地１５,0968-64-0752,グループホームふれんず中央,社会福祉法人　荒尾市社会福祉事業団,理事長,4320300033,7,2006年10月1日,介護サービス包括型
,177,荒尾市,荒尾市社会福祉事業団グループホーム事業所,864-0032,荒尾市増永２２９９番地１５,0968-64-0752,グループホーム長浦,社会福祉法人　荒尾市社会福祉事業団,理事長,4320300033,8,2006年10月1日,介護サービス包括型
,178,荒尾市,グループホームわたぼうし,864-0057,荒尾市大島字松原５２番２,0968-62-0657,グループホームわたぼうし,医療法人　洗心会,理事長,4320300165,1,2011年5月1日,外部サービス利用型
,179,荒尾市,リアルビーホーム,864-0002,荒尾市万田字宮ノ後９２４－７,0968-57-7521,万田館,ＮＰＯ法人　まちくらネットワーク熊本,理事長,4320300355,1,2015年11月1日,介護サービス包括型
,180,荒尾市,サポートハウスSun☆フラワー,864-0001,荒尾市原万田８４８－５,0968-62-5755,グループホームコピット,社会福祉法人　きらきら,理事長,4320300421,1,2018年8月20日,介護サービス包括型
,181,玉名市,城ヶ崎病院グループホームサン･ビレッジ,865-0041,玉名市伊倉北方２６５,0968-73-3375,さくら荘,医療法人　信和会,理事長,4320400015,1,2006年10月1日,外部サービス利用型
,182,玉名市,城ヶ崎病院グループホームサン･ビレッジ,865-0041,玉名市伊倉北方２６５,0968-73-3375,グループホームサンビレッジ,医療法人　信和会,理事長,4320400015,2,2006年10月1日,外部サービス利用型
,183,玉名市,Group Home さくらサポート,865-0051,玉名市繁根木203番地1,0968-76-7511,Group　Home　さくらサポートⅠ,社会福祉法人　博心会,理事長,4320400163,1,2008年5月1日,介護サービス包括型
,184,玉名市,Group Home さくらサポート,865-0051,玉名市繁根木203番地1,0968-76-7511,Grouup HomeさくらサポートⅡ,社会福祉法人　博心会,理事長,4320400163,2,2008年5月1日,介護サービス包括型
,185,玉名市,生活支援センターきらきら　グループホーム事業所,869-0222,玉名市岱明町野口字塚原６７２番１,0968-57-5755,いちばんぼし　１０５号,社会福祉法人きらきら,理事長,4320400247,1,2010年4月1日,介護サービス包括型
,186,玉名市,生活支援センターきらきら　グループホーム事業所,869-0222,玉名市岱明町野口字塚原６７２番１,0968-57-5755,いちばんごし　201号,社会福祉法人きらきら,理事長,4320400247,2,2010年4月1日,介護サービス包括型
,187,玉名市,生活支援センターきらきら　グループホーム事業所,869-0222,玉名市岱明町野口字塚原６７２番１,0968-57-5755,いちばんぼし　101号,社会福祉法人きらきら,理事長,4320400247,3,2010年4月1日,介護サービス包括型
,188,玉名市,生活支援センターきらきら　グループホーム事業所,869-0222,玉名市岱明町野口字塚原６７２番１,0968-57-5755,にばんぼし,社会福祉法人きらきら,理事長,4320400247,4,2010年4月1日,介護サービス包括型
,189,玉名市,生活支援センターきらきら　グループホーム事業所,869-0222,玉名市岱明町野口字塚原６７２番１,0968-57-5755,みつぼし,社会福祉法人きらきら,理事長,4320400247,5,2010年4月1日,介護サービス包括型
,190,玉名市,生活支援センターきらきら　グループホーム事業所,869-0222,玉名市岱明町野口字塚原６７２番１,0968-57-5755,みらい,社会福祉法人きらきら,理事長,4320400247,6,2010年4月1日,介護サービス包括型
,191,玉名市,生活支援センターきらきら　グループホーム事業所,869-0222,玉名市岱明町野口字塚原６７２番１,0968-57-5755,かがやき,社会福祉法人きらきら,理事長,4320400247,7,2010年4月1日,介護サービス包括型
,192,玉名市,生活支援センターきらきら　グループホーム事業所,869-0222,玉名市岱明町野口字塚原６７２番１,0968-57-5755,めぶき,社会福祉法人きらきら,理事長,4320400247,8,2010年4月1日,介護サービス包括型
,193,玉名市,グループホーム　かがやき,861-5401,玉名市天水町小天１１４３－１,0968-82-2236,グループホーム　かがやき,ＮＰＯ法人　ひろき,理事長,4320400320,1,2012年4月1日,外部サービス利用型
,194,玉名市,３６５日,861-5401,玉名市天水町小天６６４０番地,0968-71-5021,第一ホーム,社会福祉法人天水福祉事業会,理事長,4320400403,1,2014年4月1日,介護サービス包括型
,195,玉名市,３６５日,861-5401,玉名市天水町小天６６４０番地,0968-71-5021,ピュアハウス,社会福祉法人天水福祉事業会,理事長,4320400403,2,2014年4月1日,介護サービス包括型
,196,玉名市,３６５日,861-5401,玉名市天水町小天６６４０番地,0968-71-5021,グリーンホーム,社会福祉法人天水福祉事業会,理事長,4320400403,3,2014年4月1日,介護サービス包括型
,197,玉名市,３６５日,861-5401,玉名市天水町小天６６４０番地,0968-71-5021,七福ホーム,社会福祉法人天水福祉事業会,理事長,4320400403,4,2014年4月1日,介護サービス包括型
,198,玉名市,３６５日,861-5401,玉名市天水町小天６６４０番地,0968-71-5021,さくらホーム,社会福祉法人天水福祉事業会,理事長,4320400403,5,2014年4月1日,介護サービス包括型
,199,玉名市,３６５日,861-5401,玉名市天水町小天６６４０番地,0968-71-5021,アパホーム,社会福祉法人天水福祉事業会,理事長,4320400403,6,2014年4月1日,介護サービス包括型
,200,玉名市,３６５日,861-5401,玉名市天水町小天６６４０番地,0968-71-5021,自治寮,社会福祉法人天水福祉事業会,理事長,4320400403,7,2014年4月1日,介護サービス包括型
,201,玉名市,グループホームわかちあい,865-0005,玉名市玉名2123番地2,0968710056,ユートピア玉名,特定非営利活動法人　地域たすけあいの会,理事代表,4320400494,1,2017年9月12日,外部サービス利用型
,202,玉名市,グループホームるぴなす,865-0031,玉名市田崎字一本松８３９－５９,0968-84-7858,グループホームるぴなす,社会福祉法人　るぴなす会,理事長,4320400502,1,2020年5月1日,介護サービス包括型
,203,山鹿市,グループホーム鹿央の郷事業部,861-0563,山鹿市鹿央町千田９０９番地１,0968-32-7550,歩々ホーム,社会福祉法人　ぎんなん会山鹿,理事長,4320500012,3,2006年10月1日,介護サービス包括型
,204,山鹿市,グループホーム鹿央の郷事業部,861-0563,山鹿市鹿央町千田９０９番地１,0968-32-7550,松,社会福祉法人　ぎんなん会山鹿,理事長,4320500012,4,2006年10月1日,介護サービス包括型
,205,山鹿市,グループホーム鹿央の郷事業部,861-0563,山鹿市鹿央町千田９０９番地１,0968-32-7550,竹,社会福祉法人　ぎんなん会山鹿,理事長,4320500012,5,2006年10月1日,介護サービス包括型
,206,山鹿市,グループホーム鹿央の郷事業部,861-0563,山鹿市鹿央町千田９０９番地１,0968-32-7550,梅,社会福祉法人　ぎんなん会山鹿,理事長,4320500012,6,2006年10月1日,介護サービス包括型
,207,山鹿市,グループホーム鹿央の郷事業部,861-0563,山鹿市鹿央町千田９０９番地１,0968-32-7550,キンモクセイ,社会福祉法人　ぎんなん会山鹿,理事長,4320500012,7,2006年10月1日,介護サービス包括型
,208,山鹿市,グループホーム鹿央の郷事業部,861-0563,山鹿市鹿央町千田９０９番地１,0968-32-7550,サザンカ,社会福祉法人　ぎんなん会山鹿,理事長,4320500012,8,2006年10月1日,介護サービス包括型
,209,山鹿市,さくら学園グループホーム事業所,861-0565,山鹿市鹿央町合里１０３３－１,0968-36-3911,さくら第二ホーム,社会福祉法人　慶承会,理事長,4320500020,1,2006年10月1日,介護サービス包括型
,210,山鹿市,共同生活援助事業所　ぴあハウス,861-0551,山鹿市津留２００１－１,0968-43-2771,ぴあハウス　北ウィング,社会福祉法人　愛隣園,理事長,4320500038,1,2014年4月1日,介護サービス包括型
,211,山鹿市,共同生活援助事業所　ぴあハウス,861-0551,山鹿市津留２００１－１,0968-43-2771,ぴあハウス昭和町,社会福祉法人　愛隣園,理事長,4320500038,2,2014年4月1日,介護サービス包括型
,212,山鹿市,花織部　グループホーム事業部,861-0563,山鹿市鹿央町千田８３６－２,0968-36-2666,グループホーム　カナリア,ＮＰＯ法人　花織部,理事長,4320500251,1,2012年3月1日,外部サービス利用型
,213,山鹿市,花織部　グループホーム事業部,861-0563,山鹿市鹿央町千田８３６－２,0968-36-2666,グループホーム　かわせみ,ＮＰＯ法人　花織部,理事長,4320500251,2,2012年3月1日,外部サービス利用型
,214,山鹿市,花織部　グループホーム事業部,861-0563,山鹿市鹿央町千田８３６－２,0968-36-2666,せきれい,ＮＰＯ法人　花織部,理事長,4320500251,3,2012年3月1日,外部サービス利用型
,215,山鹿市,もくせいホーム,861-0531,山鹿市中字村上６１９ー３,0968-44-7647,もくせいホーム・金もくせい,社会福祉法人　宥明会,理事長,4320500368,1,2014年3月1日,介護サービス包括型
,216,山鹿市,もくせいホーム,861-0531,山鹿市中字村上６１９ー３,0968-44-7647,もくせいホーム・銀もくせい,社会福祉法人　宥明会,理事長,4320500368,2,2014年3月1日,介護サービス包括型
,217,山鹿市,共同生活援助事業　ブレス・ドミトリー,861-0405,山鹿市菊鹿町下永野字押川原５２５－２,0968-48-2434,共同生活援助事業　ブレス・ドミトリー,ＮＰＯ法人　ブレス,理事長,4320500400,1,2015年4月1日,外部サービス利用型
,218,人吉市,医療法人　精翠会　グループホーム事業部,868-0015,人吉市下城本町１４８６－４,0966-22-2570,みどり２０１号,医療法人　精翠会,理事長,4320600010,1,2006年10月1日,外部サービス利用型
,219,人吉市,医療法人　精翠会　グループホーム事業部,868-0015,人吉市下城本町１４８６－４,0966-22-2570,みどり２０３号,医療法人　精翠会,理事長,4320600010,3,2006年10月1日,外部サービス利用型
,220,人吉市,医療法人　精翠会　グループホーム事業部,868-0015,人吉市下城本町１４８６－４,0966-22-2570,みどり１０３号,医療法人　精翠会,理事長,4320600010,4,2006年10月1日,外部サービス利用型
,221,人吉市,医療法人　精翠会　グループホーム事業部,868-0015,人吉市下城本町１４８６－４,0966-22-2570,みどり２０２号,医療法人　精翠会,理事長,4320600010,5,2006年10月1日,外部サービス利用型
,222,人吉市,医療法人　精翠会　グループホーム事業部,868-0015,人吉市下城本町１４８６－４,0966-22-2570,あゆむ２号,医療法人　精翠会,理事長,4320600010,6,2006年10月1日,外部サービス利用型
,223,人吉市,医療法人　精翠会　グループホーム事業部,868-0015,人吉市下城本町１４８６－４,0966-22-2570,あゆむ３号,医療法人　精翠会,理事長,4320600010,7,2006年10月1日,外部サービス利用型
,224,人吉市,グループホームしんあい,868-0076,人吉市上戸越町４５５番地１,0966-22-6385,グループホームしんあい,NPO法人ひびきの郷,理事長,4320600168,1,2011年9月27日,介護サービス包括型
,225,人吉市,一体型共同生活介護事業所わかあゆ,868-0042,人吉市蟹作町２２２番地１,0966-32-8022,キジ馬,社会福祉法人　人吉市社会福祉事業団,理事長,4320600176,1,2012年3月1日,介護サービス包括型
,226,人吉市,一体型共同生活介護事業所わかあゆ,868-0042,人吉市蟹作町２２２番地１,0966-32-8022,花手箱,社会福祉法人　人吉市社会福祉事業団,理事長,4320600176,2,2012年3月1日,介護サービス包括型
,227,人吉市,一体型共同生活介護事業所わかあゆ,868-0042,人吉市蟹作町２２２番地１,0966-32-8022,椿,社会福祉法人　人吉市社会福祉事業団,理事長,4320600176,3,2012年3月1日,介護サービス包括型
,228,人吉市,一体型共同生活介護事業所わかあゆ,868-0042,人吉市蟹作町２２２番地１,0966-32-8022,やませみ,社会福祉法人　人吉市社会福祉事業団,理事長,4320600176,4,2012年3月1日,介護サービス包括型
,229,人吉市,グループホームきぼう,868-0071,人吉市西間上町字今宮２６０７番地１３,0966-24-5665,グループホームきぼう,ＮＰＯ法人　人吉球磨きぼうの家,理事長,4320600325,1,2017年8月24日,外部サービス利用型
,230,水俣市,まどか園,867-0035,水俣市月浦２６９番１３,0966-61-1000,まどかの家,社会福祉法人　照徳の里,理事長,4320700174,1,2011年6月1日,介護サービス包括型
,231,水俣市,まどか園,867-0035,水俣市月浦２６９番１３,0966-61-1000,まどか園,社会福祉法人　照徳の里,理事長,4320700174,2,2011年6月1日,介護サービス包括型
,232,水俣市,グループホーム　ばらん家,867-0054,水俣市汐見町１丁目２番２１号,090-19791329,グループホーム　ばらん家,ＮＰＯ法人ばらん家,理事長,4320700232,1,2012年4月1日,外部サービス利用型
,233,水俣市,グループホーム　ばらん家,867-0054,水俣市汐見町１丁目２番２１号,090-19791329,グループホームばらん家芦北,ＮＰＯ法人ばらん家,理事長,4320700232,2,2012年4月1日,外部サービス利用型
,234,水俣市,おるげ・のあ,867-0065,水俣市浜町１丁目６番１７号,0966-62-8080,おるげ・のあ,社会福祉法人　さかえの杜,理事長,4320700281,1,2014年4月1日,介護サービス包括型
,235,玉名郡南関町,うすま苑共同生活援助・介護事業所,861-0822,玉名郡南関町上坂下７９０番地,0968-53-9126,ケアホーム花美,社会福祉法人　臼間会,理事長,4321110019,1,2006年10月1日,介護サービス包括型
,236,玉名郡南関町,うすま苑共同生活援助・介護事業所,861-0822,玉名郡南関町上坂下７９０番地,0968-53-9126,グループホームひかり,社会福祉法人　臼間会,理事長,4321110019,2,2006年10月1日,介護サービス包括型
,237,玉名郡南関町,うすま苑共同生活援助・介護事業所,861-0822,玉名郡南関町上坂下７９０番地,0968-53-9126,ケアホーム花美２,社会福祉法人　臼間会,理事長,4321110019,3,2006年10月1日,介護サービス包括型
,238,玉名郡和水町,精粋園　一体型共同生活援助・共同生活介護事業所,865-0132,玉名郡和水町萩原１１７２番地,0968-86-4355,グループホームせいすい,社会福祉法人　誠和会,理事長,4321130017,1,2006年10月1日,介護サービス包括型
,239,玉名郡和水町,精粋園　一体型共同生活援助・共同生活介護事業所,865-0132,玉名郡和水町萩原１１７２番地,0968-86-4355,ケアホーム　レインボー,社会福祉法人　誠和会,理事長,4321130017,3,2006年10月1日,介護サービス包括型
,240,玉名郡和水町,銀河ステーショングループホーム事業所,865-0136,玉名郡和水町江田１０番地１,0968-86-6300,マーガレット,社会福祉法人　青いりんごの会,理事長,4321130025,1,2006年10月1日,介護サービス包括型
,241,玉名郡和水町,銀河ステーショングループホーム事業所,865-0136,玉名郡和水町江田１０番地１,0968-86-6300,リトルウイング,社会福祉法人　青いりんごの会,理事長,4321130025,2,2006年10月1日,介護サービス包括型
,242,玉名郡和水町,菊水さくら寮,865-0111,玉名郡和水町下津原３９５１番地,0968-86-5000,菊水さくら寮,社会福祉法人博心会,理事長,4321130066,1,2010年4月1日,介護サービス包括型
,243,玉名郡和水町,菊水さくら寮,865-0111,玉名郡和水町下津原３９５１番地,0968-86-5000,第二菊水さくら寮,社会福祉法人博心会,理事長,4321130066,2,2010年4月1日,介護サービス包括型
,244,玉名郡長洲町,グループホーム事業所　ひまわりの里,869-0105,玉名郡長洲町清源寺３２４６,0968-78-0589,ひまわりの里　１号館,社会福祉法人　濵友会,理事長,4321130231,1,2014年10月1日,介護サービス包括型
,245,玉名郡長洲町,グループホーム事業所　ひまわりの里,869-0105,玉名郡長洲町清源寺３２４６,0968-78-0589,ひまわりの里２号館,社会福祉法人　濵友会,理事長,4321130231,2,2014年10月1日,介護サービス包括型
,246,菊池市,菊池有働病院,861-1304,菊池市深川４３３,0968-25-3146,コスモス荘,医療法人　有働会,理事長,4321200018,1,2006年10月1日,外部サービス利用型
,247,菊池市,菊池有働病院,861-1304,菊池市深川４３３,0968-25-3146,コスモス荘２,医療法人　有働会,理事長,4321200018,2,2006年10月1日,外部サービス利用型
,248,菊池市,地域生活支援事業所イズム,861-1331,菊池市隈府３１５番地,0968-24-9080,ちゃれんじ,社会福祉法人　菊愛会,理事長,4321200026,1,2006年10月1日,介護サービス包括型
,249,菊池市,地域生活支援事業所イズム,861-1331,菊池市隈府３１５番地,0968-24-9080,どり・かむ,社会福祉法人　菊愛会,理事長,4321200026,2,2006年10月1日,介護サービス包括型
,250,菊池市,地域生活支援事業所イズム,861-1331,菊池市隈府３１５番地,0968-24-9080,どり・かむ２,社会福祉法人　菊愛会,理事長,4321200026,3,2006年10月1日,介護サービス包括型
,251,菊池市,地域生活支援事業所イズム,861-1331,菊池市隈府３１５番地,0968-24-9080,くれすた,社会福祉法人　菊愛会,理事長,4321200026,4,2006年10月1日,介護サービス包括型
,252,菊池市,地域生活支援事業所イズム,861-1331,菊池市隈府３１５番地,0968-24-9080,ひだまり,社会福祉法人　菊愛会,理事長,4321200026,5,2006年10月1日,介護サービス包括型
,253,菊池市,地域生活支援事業所イズム,861-1331,菊池市隈府３１５番地,0968-24-9080,おれんじ,社会福祉法人　菊愛会,理事長,4321200026,6,2006年10月1日,介護サービス包括型
,254,菊池市,地域生活支援事業所イズム,861-1331,菊池市隈府３１５番地,0968-24-9080,らいむ,社会福祉法人　菊愛会,理事長,4321200026,7,2006年10月1日,介護サービス包括型
,255,菊池市,地域生活支援事業所イズム,861-1331,菊池市隈府３１５番地,0968-24-9080,しょこら,社会福祉法人　菊愛会,理事長,4321200026,8,2006年10月1日,介護サービス包括型
,256,菊池市,地域生活支援事業所イズム,861-1331,菊池市隈府３１５番地,0968-24-9080,まぁぶる,社会福祉法人　菊愛会,理事長,4321200026,9,2006年10月1日,介護サービス包括型
,257,菊池市,居屋敷の里　グループホーム事業所,861-1367,菊池市七城町流川４２１番地,0968-24-5210,トトロの森ホーム,社会福祉法人　七城福祉会,理事長,4321200034,1,2006年10月1日,介護サービス包括型
,258,菊池市,居屋敷の里　グループホーム事業所,861-1367,菊池市七城町流川４２１番地,0968-24-5210,七城ホーム,社会福祉法人　七城福祉会,理事長,4321200034,3,2006年10月1日,介護サービス包括型
,259,菊池市,居屋敷の里　グループホーム事業所,861-1367,菊池市七城町流川４２１番地,0968-24-5210,菊池ホーム,社会福祉法人　七城福祉会,理事長,4321200034,4,2006年10月1日,介護サービス包括型
,260,菊池市,居屋敷の里　グループホーム事業所,861-1367,菊池市七城町流川４２１番地,0968-24-5210,きずなホーム,社会福祉法人　七城福祉会,理事長,4321200034,5,2006年10月1日,介護サービス包括型
,261,菊池市,共同生活援助事業所　サニーサイド,861-1213,菊池市泗水町南田島字宮迫１７９４番地,0968-38-4448,わかば,社会福祉法人　友朋会,理事長,4321200042,1,2006年10月1日,介護サービス包括型
,262,菊池市,共同生活援助事業所　サニーサイド,861-1213,菊池市泗水町南田島字宮迫１７９４番地,0968-38-4448,さくら,社会福祉法人　友朋会,理事長,4321200042,2,2006年10月1日,介護サービス包括型
,263,菊池市,共同生活援助事業所　サニーサイド,861-1213,菊池市泗水町南田島字宮迫１７９４番地,0968-38-4448,のばら,社会福祉法人　友朋会,理事長,4321200042,3,2006年10月1日,介護サービス包括型
,264,菊池市,はるる,861-1204,菊池市泗水町永８３４番地４,0968-26-6222,はるる,株式会社ＧＩＣ,代表取締役,4321200091,1,2009年12月16日,外部サービス利用型
,265,菊池市,地域生活支援事業所　あおぞら,861-1324,菊池市野間口４８８番地１３,0968-24-6202,わらびＣＨ事業所　あおぞら　Ａ棟,社会福祉法人　菊愛会,理事長,4321200257,1,2014年4月1日,介護サービス包括型
,266,菊池市,地域生活支援事業所　あおぞら,861-1324,菊池市野間口４８８番地１３,0968-24-6202,わらびＣＨ事業所　あおぞら　Ｂ棟,社会福祉法人　菊愛会,理事長,4321200257,2,2014年4月1日,介護サービス包括型
,267,菊池市,地域生活支援事業所　あおぞら,861-1324,菊池市野間口４８８番地１３,0968-24-6202,わらびＣＨ事業所　あおぞら　Ｃ棟,社会福祉法人　菊愛会,理事長,4321200257,3,2014年4月1日,介護サービス包括型
,268,菊池市,地域生活支援事業所　あおぞら,861-1324,菊池市野間口４８８番地１３,0968-24-6202,わらびＣＨ事業所　あおぞら　Ｄ棟,社会福祉法人　菊愛会,理事長,4321200257,4,2014年4月1日,介護サービス包括型
,269,阿蘇郡産山村,草原の風,869-2702,阿蘇郡産山村大利６５７番地６,0967-25-2105,グラスランド　Ⅰ,社会福祉法人　やまなみ会,理事長,4321300016,1,2007年7月1日,外部サービス利用型
,270,阿蘇郡産山村,草原の風,869-2702,阿蘇郡産山村大利６５７番地６,0967-25-2105,グラスランド　Ⅱ,社会福祉法人　やまなみ会,理事長,4321300016,2,2007年7月1日,外部サービス利用型
,271,阿蘇郡高森町,高森寮グループホーム事業所,869-1603,阿蘇郡高森町色見８２２番地,0967-62-1780,ホーム未来,社会福祉法人　立正福祉会,理事長,4321330013,1,2006年10月1日,介護サービス包括型
,272,阿蘇郡高森町,高森寮グループホーム事業所,869-1603,阿蘇郡高森町色見８２２番地,0967-62-1780,ホームさくら,社会福祉法人　立正福祉会,理事長,4321330013,2,2006年10月1日,介護サービス包括型
,273,阿蘇郡高森町,高森寮グループホーム事業所,869-1603,阿蘇郡高森町色見８２２番地,0967-62-1780,ホームはなしのぶ,社会福祉法人　立正福祉会,理事長,4321330013,3,2006年10月1日,介護サービス包括型
,274,阿蘇郡高森町,高森寮グループホーム事業所,869-1603,阿蘇郡高森町色見８２２番地,0967-62-1780,ホームすみれ,社会福祉法人　立正福祉会,理事長,4321330013,4,2006年10月1日,介護サービス包括型
,275,阿蘇郡高森町,高森寮グループホーム事業所,869-1603,阿蘇郡高森町色見８２２番地,0967-62-1780,ホームつばき,社会福祉法人　立正福祉会,理事長,4321330013,5,2006年10月1日,介護サービス包括型
,276,阿蘇郡小国町,第二悠愛グループホーム事業所,869-2501,阿蘇郡小国町大字宮原２６１７番地,0967-46-2616,悠愛ホーム,社会福祉法人　小国町社会福祉協議会,会長,4321350086,1,2011年4月1日,介護サービス包括型
,277,阿蘇郡小国町,第二悠愛グループホーム事業所,869-2501,阿蘇郡小国町大字宮原２６１７番地,0967-46-2616,すみれ,社会福祉法人　小国町社会福祉協議会,会長,4321350086,10,2011年4月1日,介護サービス包括型
,278,阿蘇郡小国町,第二悠愛グループホーム事業所,869-2501,阿蘇郡小国町大字宮原２６１７番地,0967-46-2616,蓬莱,社会福祉法人　小国町社会福祉協議会,会長,4321350086,11,2011年4月1日,介護サービス包括型
,279,阿蘇郡小国町,第二悠愛グループホーム事業所,869-2501,阿蘇郡小国町大字宮原２６１７番地,0967-46-2616,鉾杉,社会福祉法人　小国町社会福祉協議会,会長,4321350086,12,2011年4月1日,介護サービス包括型
,280,阿蘇郡小国町,第二悠愛グループホーム事業所,869-2501,阿蘇郡小国町大字宮原２６１７番地,0967-46-2616,わいた荘,社会福祉法人　小国町社会福祉協議会,会長,4321350086,13,2011年4月1日,介護サービス包括型
,281,阿蘇郡小国町,第二悠愛グループホーム事業所,869-2501,阿蘇郡小国町大字宮原２６１７番地,0967-46-2616,せせらぎ,社会福祉法人　小国町社会福祉協議会,会長,4321350086,14,2011年4月1日,介護サービス包括型
,282,阿蘇郡小国町,第二悠愛グループホーム事業所,869-2501,阿蘇郡小国町大字宮原２６１７番地,0967-46-2616,風音,社会福祉法人　小国町社会福祉協議会,会長,4321350086,15,2011年4月1日,介護サービス包括型
,283,阿蘇郡小国町,第二悠愛グループホーム事業所,869-2501,阿蘇郡小国町大字宮原２６１７番地,0967-46-2616,悠華,社会福祉法人　小国町社会福祉協議会,会長,4321350086,16,2011年4月1日,介護サービス包括型
,284,阿蘇郡小国町,第二悠愛グループホーム事業所,869-2501,阿蘇郡小国町大字宮原２６１７番地,0967-46-2616,秋桜,社会福祉法人　小国町社会福祉協議会,会長,4321350086,17,2011年4月1日,介護サービス包括型
,285,阿蘇郡小国町,第二悠愛グループホーム事業所,869-2501,阿蘇郡小国町大字宮原２６１７番地,0967-46-2616,悠音,社会福祉法人　小国町社会福祉協議会,会長,4321350086,18,2011年4月1日,介護サービス包括型
,286,阿蘇郡小国町,第二悠愛グループホーム事業所,869-2501,阿蘇郡小国町大字宮原２６１７番地,0967-46-2616,山風音,社会福祉法人　小国町社会福祉協議会,会長,4321350086,19,2011年4月1日,介護サービス包括型
,287,阿蘇郡小国町,第二悠愛グループホーム事業所,869-2501,阿蘇郡小国町大字宮原２６１７番地,0967-46-2616,きよらの家,社会福祉法人　小国町社会福祉協議会,会長,4321350086,2,2011年4月1日,介護サービス包括型
,288,阿蘇郡小国町,第二悠愛グループホーム事業所,869-2501,阿蘇郡小国町大字宮原２６１７番地,0967-46-2616,陽音,社会福祉法人　小国町社会福祉協議会,会長,4321350086,20,2011年4月1日,介護サービス包括型
,289,阿蘇郡小国町,第二悠愛グループホーム事業所,869-2501,阿蘇郡小国町大字宮原２６１７番地,0967-46-2616,フットパス,社会福祉法人　小国町社会福祉協議会,会長,4321350086,21,2011年4月1日,介護サービス包括型
,290,阿蘇郡小国町,第二悠愛グループホーム事業所,869-2501,阿蘇郡小国町大字宮原２６１７番地,0967-46-2616,ステップワン,社会福祉法人　小国町社会福祉協議会,会長,4321350086,22,2011年4月1日,介護サービス包括型
,291,阿蘇郡小国町,第二悠愛グループホーム事業所,869-2501,阿蘇郡小国町大字宮原２６１７番地,0967-46-2616,グループホームひまわり,社会福祉法人　小国町社会福祉協議会,会長,4321350086,3,2011年4月1日,介護サービス包括型
,292,阿蘇郡小国町,第二悠愛グループホーム事業所,869-2501,阿蘇郡小国町大字宮原２６１７番地,0967-46-2616,スマイルマウンテン,社会福祉法人　小国町社会福祉協議会,会長,4321350086,4,2011年4月1日,介護サービス包括型
,293,阿蘇郡小国町,第二悠愛グループホーム事業所,869-2501,阿蘇郡小国町大字宮原２６１７番地,0967-46-2616,たんぽぽ,社会福祉法人　小国町社会福祉協議会,会長,4321350086,6,2011年4月1日,介護サービス包括型
,294,阿蘇郡小国町,第二悠愛グループホーム事業所,869-2501,阿蘇郡小国町大字宮原２６１７番地,0967-46-2616,双葉荘,社会福祉法人　小国町社会福祉協議会,会長,4321350086,7,2011年4月1日,介護サービス包括型
,295,阿蘇郡小国町,第二悠愛グループホーム事業所,869-2501,阿蘇郡小国町大字宮原２６１７番地,0967-46-2616,あすなろ,社会福祉法人　小国町社会福祉協議会,会長,4321350086,8,2011年4月1日,介護サービス包括型
,296,阿蘇郡小国町,第二悠愛グループホーム事業所,869-2501,阿蘇郡小国町大字宮原２６１７番地,0967-46-2616,陽だまり,社会福祉法人　小国町社会福祉協議会,会長,4321350086,9,2011年4月1日,介護サービス包括型
,297,阿蘇郡小国町,第二悠愛日中グループホーム事業所,869-2501,阿蘇郡小国町大字宮原2611番地,0967-46-2616,星野,社会福祉法人小国町社会福祉協議会,理事長,4321350094,1,2020年10月1日,日中サービス支援型
,298,上益城郡益城町,熊東園グループホーム・ケアホーム管理事業所,861-2236,上益城郡益城町広崎７８６－１,096-286-2762,熊愛ホーム,社会福祉法人　耕心会,理事長,4321420012,1,2006年10月1日,介護サービス包括型
,299,上益城郡甲佐町,サポートハウス　あゆの里,861-4617,上益城郡甲佐町大字津志田２４７２番地,096-234-4311,五色寮ホーム,社会福祉法人　五色会,理事長,4321430011,1,2006年10月1日,介護サービス包括型
,300,上益城郡甲佐町,サポートハウス　あゆの里,861-4617,上益城郡甲佐町大字津志田２４７２番地,096-234-4311,あゆの里ホーム,社会福祉法人　五色会,理事長,4321430011,2,2006年10月1日,介護サービス包括型
,301,上益城郡甲佐町,サポートハウス　あゆの里,861-4617,上益城郡甲佐町大字津志田２４７２番地,096-234-4311,華の里ホーム,社会福祉法人　五色会,理事長,4321430011,3,2006年10月1日,介護サービス包括型
,302,上益城郡甲佐町,サポートハウス　あゆの里,861-4617,上益城郡甲佐町大字津志田２４７２番地,096-234-4311,大町ホームＡ,社会福祉法人　五色会,理事長,4321430011,4,2006年10月1日,介護サービス包括型
,303,上益城郡甲佐町,サポートハウス　あゆの里,861-4617,上益城郡甲佐町大字津志田２４７２番地,096-234-4311,大町ホームＢ,社会福祉法人　五色会,理事長,4321430011,5,2006年10月1日,介護サービス包括型
,304,上益城郡甲佐町,サポートハウス　あゆの里,861-4617,上益城郡甲佐町大字津志田２４７２番地,096-234-4311,仁田子ホーム,社会福祉法人　五色会,理事長,4321430011,6,2006年10月1日,介護サービス包括型
,305,上益城郡甲佐町,サポートハウス　あゆの里,861-4617,上益城郡甲佐町大字津志田２４７２番地,096-234-4311,仁田子ホームB,社会福祉法人　五色会,理事長,4321430011,7,2006年10月1日,介護サービス包括型
,306,上益城郡甲佐町,サポートハウス　あゆの里,861-4617,上益城郡甲佐町大字津志田２４７２番地,096-234-4311,豊内ホーム,社会福祉法人　五色会,理事長,4321430011,8,2006年10月1日,介護サービス包括型
,307,上益城郡益城町,益城病院グループホーム事業,861-2233,上益城郡益城町惣領１５４４－３,096-286-3611,ｉハウス２１,社会医療法人　ましき会,理事長,4321440051,1,2007年10月1日,外部サービス利用型
,308,上益城郡益城町,益城病院グループホーム事業,861-2233,上益城郡益城町惣領１５４４－３,096-286-3611,ｉハウス１１,社会医療法人　ましき会,理事長,4321440051,2,2007年10月1日,外部サービス利用型
,309,上益城郡山都町,グループホームさんぷうか,861-3513,上益城郡山都町下市55番地,0967-74-6011,グループホームさんぷうか,特定非営利活動法人　山風華,理事長,4321440093,1,2008年10月15日,外部サービス利用型
,310,上益城郡御船町,グループホーム事業所スマイルシード,861-3202,上益城郡御船町大字小坂字下原２１４０番地の１,096-282-3195,こもれび,社会福祉法人御陽会,理事長,4321440101,1,2009年3月1日,介護サービス包括型
,311,上益城郡御船町,グループホーム事業所スマイルシード,861-3202,上益城郡御船町大字小坂字下原２１４０番地の１,096-282-3195,帰帆寮,社会福祉法人御陽会,理事長,4321440101,2,2009年3月1日,介護サービス包括型
,312,上益城郡御船町,グループホーム事業所スマイルシード,861-3202,上益城郡御船町大字小坂字下原２１４０番地の１,096-282-3195,なごみ,社会福祉法人御陽会,理事長,4321440101,3,2009年3月1日,介護サービス包括型
,313,上益城郡山都町,明星学園グループホーム事業所,861-3906,上益城郡山都町神ノ前字免ノ原２４２番地１５,0967-82-3323,そよ風,社会福祉法人御陽会,理事長,4321440127,1,2009年4月1日,外部サービス利用型
,314,上益城郡山都町,明星学園グループホーム事業所,861-3906,上益城郡山都町神ノ前字免ノ原２４２番地１５,0967-82-3323,ブルーベリー,社会福祉法人御陽会,理事長,4321440127,2,2009年4月1日,外部サービス利用型
,315,上益城郡山都町,明星学園グループホーム事業所,861-3906,上益城郡山都町神ノ前字免ノ原２４２番地１５,0967-82-3323,小峰Ａ棟,社会福祉法人御陽会,理事長,4321440127,3,2009年4月1日,外部サービス利用型
,316,上益城郡山都町,明星学園グループホーム事業所,861-3906,上益城郡山都町神ノ前字免ノ原２４２番地１５,0967-82-3323,小峰Ｂ棟,社会福祉法人御陽会,理事長,4321440127,4,2009年4月1日,外部サービス利用型
,317,上益城郡御船町,とぅんから家,861-3131,上益城郡御船町大字豊秋１５５７番地,096-202-1051,とぅんから家,医療法人社団松本会,理事長,4321440135,1,2020年11月19日,外部サービス利用型
,318,熊本市,第二城南学園グループホーム事業所,861-4223,熊本市城南町藤山１２３９番地１,0964-28-8144,藤山ホーム,社会福祉法人　慶信会,理事長,4321500029,1,2006年10月1日,介護サービス包括型
,319,熊本市,第二城南学園グループホーム事業所,861-4223,熊本市城南町藤山１２３９番地１,0964-28-8144,いちょうの木ホーム,社会福祉法人　慶信会,理事長,4321500029,2,2006年10月1日,介護サービス包括型
,320,熊本市,第二城南学園グループホーム事業所,861-4223,熊本市城南町藤山１２３９番地１,0964-28-8144,くぬぎの森ホーム,社会福祉法人　慶信会,理事長,4321500029,3,2006年10月1日,介護サービス包括型
,321,熊本市,第二城南学園グループホーム事業所,861-4223,熊本市城南町藤山１２３９番地１,0964-28-8144,もくれんホーム,社会福祉法人　慶信会,理事長,4321500029,4,2006年10月1日,介護サービス包括型
,322,熊本市,グループホーム心陽,861-4153,熊本市富合町木原１０１番地,096-358-6234,心陽ハイツ,社会福祉法人　富合福祉会,理事長,4321500037,1,2006年10月1日,介護サービス包括型
,323,熊本市,グループホーム心陽,861-4153,熊本市富合町木原１０１番地,096-358-6234,木原荘,社会福祉法人　富合福祉会,理事長,4321500037,2,2006年10月1日,介護サービス包括型
,324,熊本市,グループホーム心陽,861-4153,熊本市富合町木原１０１番地,096-358-6234,心陽ホーム東,社会福祉法人　富合福祉会,理事長,4321500037,3,2006年10月1日,介護サービス包括型
,325,熊本市,グループホーム心陽,861-4153,熊本市富合町木原１０１番地,096-358-6234,心陽ホーム西,社会福祉法人　富合福祉会,理事長,4321500037,4,2006年10月1日,介護サービス包括型
,326,熊本市,グループホーム心陽,861-4153,熊本市富合町木原１０１番地,096-358-6234,南天１号,社会福祉法人　富合福祉会,理事長,4321500037,5,2006年10月1日,介護サービス包括型
,327,熊本市,グループホーム心陽,861-4153,熊本市富合町木原１０１番地,096-358-6234,南天２号,社会福祉法人　富合福祉会,理事長,4321500037,6,2006年10月1日,介護サービス包括型
,328,熊本市,グループホーム心陽,861-4153,熊本市富合町木原１０１番地,096-358-6234,南天３号,社会福祉法人　富合福祉会,理事長,4321500037,7,2006年10月1日,介護サービス包括型
,329,熊本市,グループホーム心陽,861-4153,熊本市富合町木原１０１番地,096-358-6234,南天４号,社会福祉法人　富合福祉会,理事長,4321500037,8,2006年10月1日,介護サービス包括型
,330,熊本市,グループホーム心陽,861-4153,熊本市富合町木原１０１番地,096-358-6234,南天５号,社会福祉法人　富合福祉会,理事長,4321500037,9,2006年10月1日,介護サービス包括型
,331,下益城郡美里町,グループホームゆきぞの,861-4731,下益城郡美里町栗崎字行園原５６４,0964-47-2381,もくせい１丁目・もくせい２丁目,社会福祉法人　十百千会,理事長,4321520019,1,2006年10月1日,介護サービス包括型
,332,下益城郡美里町,グループホームゆきぞの,861-4731,下益城郡美里町栗崎字行園原５６４,0964-47-2381,さくら１丁目,社会福祉法人　十百千会,理事長,4321520019,2,2006年10月1日,介護サービス包括型
,333,下益城郡美里町,グループホームゆきぞの,861-4731,下益城郡美里町栗崎字行園原５６４,0964-47-2381,にれのき１丁目,社会福祉法人　十百千会,理事長,4321520019,3,2006年10月1日,介護サービス包括型
,334,下益城郡美里町,グループホームゆきぞの,861-4731,下益城郡美里町栗崎字行園原５６４,0964-47-2381,にれのき２丁目,社会福祉法人　十百千会,理事長,4321520019,4,2006年10月1日,介護サービス包括型
,335,下益城郡美里町,グループホームゆきぞの,861-4731,下益城郡美里町栗崎字行園原５６４,0964-47-2381,にれのき３丁目,社会福祉法人　十百千会,理事長,4321520019,5,2006年10月1日,介護サービス包括型
,336,下益城郡美里町,グループホームゆきぞの,861-4731,下益城郡美里町栗崎字行園原５６４,0964-47-2381,にれのき４丁目,社会福祉法人　十百千会,理事長,4321520019,6,2006年10月1日,介護サービス包括型
,337,下益城郡美里町,グループホームゆきぞの,861-4731,下益城郡美里町栗崎字行園原５６４,0964-47-2381,にれのき５丁目,社会福祉法人　十百千会,理事長,4321520019,7,2006年10月1日,介護サービス包括型
,338,下益城郡美里町,グループホームゆきぞの,861-4731,下益城郡美里町栗崎字行園原５６４,0964-47-2381,おおくす１丁目,社会福祉法人　十百千会,理事長,4321520019,8,2006年10月1日,介護サービス包括型
,339,下益城郡美里町,グループホームゆきぞの,861-4731,下益城郡美里町栗崎字行園原５６４,0964-47-2381,おおくす２丁目,社会福祉法人　十百千会,理事長,4321520019,9,2006年10月1日,介護サービス包括型
,340,熊本市,城南学園グループホーム事業所,861-4223,熊本市城南町藤山１２７６番地２,0964-28-5111,グループホームじょうなん,社会福祉法人　慶信会,理事長,4321520076,1,2014年4月1日,日中サービス支援型
,341,熊本市,城南学園グループホーム事業所,861-4223,熊本市城南町藤山１２７６番地２,0964-28-5111,グループホームじょうなん二番館,社会福祉法人　慶信会,理事長,4321520076,2,2014年4月1日,日中サービス支援型
,342,熊本市,グループホーム「けやき」,861-4214,熊本市城南町大字舞原字三和原１４１５－１,0964-28-2555,グループホーム「けやき」,医療法人城南ヘルスケアグループ,理事長,4321520092,1,2009年4月1日,介護サービス包括型
,343,下益城郡美里町,障がい者支援センター大喜地,861-4406,下益城郡美里町馬場字町頭５２８－１,0964-46-3836,うっど館,社会福祉法人白寿会,理事長,4321520167,1,2012年1月11日,介護サービス包括型
,344,下益城郡美里町,障がい者支援センター大喜地,861-4406,下益城郡美里町馬場字町頭５２８－１,0964-46-3836,りばー館,社会福祉法人白寿会,理事長,4321520167,2,2012年1月11日,介護サービス包括型
,345,下益城郡美里町,障がい者支援センター大喜地,861-4406,下益城郡美里町馬場字町頭５２８－１,0964-46-3836,ぶりっじ館,社会福祉法人白寿会,理事長,4321520167,3,2012年1月11日,介護サービス包括型
,346,下益城郡美里町,グループホーム　かすみ草,861-4405,下益城郡美里町萱野１４４３番地１号,0964-47-6055,グループホーム　かすみ草,特定非営利活動法人　中央自立支援会,代表理事,4321520175,1,2013年12月1日,外部サービス利用型
,347,八代郡氷川町,氷川学園グループホーム事業所,869-4602,八代郡氷川町宮原１１１６,0965-62-4081,たんぽぽ荘,社会福祉法人　清流会,理事長,4321700017,1,2006年10月1日,介護サービス包括型
,348,八代郡氷川町,グループホームのぞみ,869-4815,八代郡氷川町鹿島９４５番地,0965-52-0173,ケアホーム（共同生活介護）のぞみ　あさがお棟,社会福祉法人　白寿会,理事長,4321700041,1,2014年4月1日,介護サービス包括型
,349,八代郡氷川町,グループホームのぞみ,869-4815,八代郡氷川町鹿島９４５番地,0965-52-0173,ケアホーム（共同生活介護）のぞみ　ひまわり棟,社会福祉法人　白寿会,理事長,4321700041,2,2014年4月1日,介護サービス包括型
,350,球磨郡あさぎり町,第二つつじヶ丘学園グループホーム事業所,868-0415,球磨郡あさぎり町免田西３００３－５６,0966-45-0152,あさぎりホーム,社会福祉法人　つつじケ丘学園,理事長,4321880017,1,2012年6月1日,介護サービス包括型
,351,球磨郡あさぎり町,第二つつじヶ丘学園グループホーム事業所,868-0415,球磨郡あさぎり町免田西３００３－５６,0966-45-0152,柚の花,社会福祉法人　つつじケ丘学園,理事長,4321880017,2,2012年6月1日,介護サービス包括型
,352,球磨郡あさぎり町,第二つつじヶ丘学園グループホーム事業所,868-0415,球磨郡あさぎり町免田西３００３－５６,0966-45-0152,心和ホーム,社会福祉法人　つつじケ丘学園,理事長,4321880017,3,2012年6月1日,介護サービス包括型
,353,球磨郡あさぎり町,第二つつじヶ丘学園グループホーム事業所,868-0415,球磨郡あさぎり町免田西３００３－５６,0966-45-0152,朴の木,社会福祉法人　つつじケ丘学園,理事長,4321880017,4,2012年6月1日,介護サービス包括型
,354,球磨郡あさぎり町,有限会社　おかざき薬局,868-0442,球磨郡あさぎり町深田東４４５－２,0966-49-2905,グループホーム　おかざき,有限会社　おかざき薬局,代表取締役,4321880025,1,2006年10月1日,介護サービス包括型
,355,球磨郡あさぎり町,みずき園　共同生活援助・共同生活介護事業所,868-0424,球磨郡あさぎり町上西６８８,0966-43-1688,ひかり,社会福祉法人　誠心会,理事長,4321880074,1,2008年3月1日,介護サービス包括型
,356,球磨郡あさぎり町,みずき園　共同生活援助・共同生活介護事業所,868-0424,球磨郡あさぎり町上西６８８,0966-43-1688,第二ひかり,社会福祉法人　誠心会,理事長,4321880074,2,2008年3月1日,介護サービス包括型
,357,球磨郡あさぎり町,みずき園　共同生活援助・共同生活介護事業所,868-0424,球磨郡あさぎり町上西６８８,0966-43-1688,四季の里市房,社会福祉法人　誠心会,理事長,4321880074,3,2008年3月1日,介護サービス包括型
,358,球磨郡あさぎり町,みずき園　共同生活援助・共同生活介護事業所,868-0424,球磨郡あさぎり町上西６８８,0966-43-1688,四季の里球磨川,社会福祉法人　誠心会,理事長,4321880074,4,2008年3月1日,介護サービス包括型
,359,球磨郡あさぎり町,つつじヶ丘学園グループホーム事業所,868-0451,球磨郡あさぎり町須恵４１８０番地１,0966-45-0667,亀の甲ホーム,社会福祉法人　つつじヶ丘学園,理事長,4321880090,1,2014年4月1日,介護サービス包括型
,360,球磨郡あさぎり町,つつじヶ丘学園グループホーム事業所,868-0451,球磨郡あさぎり町須恵４１８０番地１,0966-45-0667,さくらホーム,社会福祉法人　つつじヶ丘学園,理事長,4321880090,2,2014年4月1日,介護サービス包括型
,361,球磨郡相良村,友愛苑共同生活援助事業所,868-0095,球磨郡相良村柳瀬９８７番地５０,0966-22-1222,グループホーム　ゆうあい苑,社会福祉法人　友愛苑,理事長,4321880108,1,2009年2月1日,外部サービス利用型
,362,球磨郡錦町,グループホームケアホーム事業所　新宮の里,868-0303,球磨郡錦町西２３１１番地１２,0966-38-3330,グループホームケアホーム新宮の里A棟,ＮＰＯ法人　木もれ陽会,理事長,4321880223,1,2013年6月1日,介護サービス包括型
,363,球磨郡錦町,グループホームケアホーム事業所　新宮の里,868-0303,球磨郡錦町西２３１１番地１２,0966-38-3330,グループホームケアホーム新宮の里B棟,ＮＰＯ法人　木もれ陽会,理事長,4321880223,2,2013年6月1日,介護サービス包括型
,364,葦北郡芦北町,みつば学園グループホーム,869-5442,葦北郡芦北町花岡１５３９,0966-82-5472,グループホーム「虹」,社会福祉法人　芦北福祉会,理事長,4321910020,1,2007年11月1日,外部サービス利用型
,365,葦北郡芦北町,みつば学園グループホーム,869-5442,葦北郡芦北町花岡１５３９,0966-82-5472,グループホーム「さくら」,社会福祉法人　芦北福祉会,理事長,4321910020,2,2007年11月1日,外部サービス利用型
,366,葦北郡芦北町,つわぶきの家,869-5563,葦北郡芦北町大字湯浦１５０６番地９,0966-86-0515,つわぶきの家,社会福祉法人光輪会,理事長,4321910038,1,2014年4月1日,介護サービス包括型
,367,熊本市,医療法人横田会グループホーム事業所,861-0141,熊本市植木町投刀塚３１６－１（１階）,096-272-7759,グループホームひまわり,医療法人　横田会,理事長,4322000011,1,2006年10月1日,外部サービス利用型
,368,熊本市,医療法人横田会グループホーム事業所,861-0141,熊本市植木町投刀塚３１６－１（１階）,096-272-7759,グループホームくすの木,医療法人　横田会,理事長,4322000011,2,2006年10月1日,外部サービス利用型
,369,熊本市,医療法人横田会グループホーム事業所,861-0141,熊本市植木町投刀塚３１６－１（１階）,096-272-7759,グループホームかしの木,医療法人　横田会,理事長,4322000011,3,2006年10月1日,外部サービス利用型
,370,熊本市,医療法人横田会グループホーム事業所,861-0141,熊本市植木町投刀塚３１６－１（１階）,096-272-7759,グループホーム陽だまり,医療法人　横田会,理事長,4322000011,4,2006年10月1日,外部サービス利用型
,371,熊本市,医療法人横田会グループホーム事業所,861-0141,熊本市植木町投刀塚３１６－１（１階）,096-272-7759,グループホーム　セ・ピアーチェ,医療法人　横田会,理事長,4322000011,5,2006年10月1日,外部サービス利用型
,372,熊本市,医療法人横田会グループホーム事業所,861-0141,熊本市植木町投刀塚３１６－１（１階）,096-272-7759,グループホーム　コーモド,医療法人　横田会,理事長,4322000011,6,2006年10月1日,外部サービス利用型
,373,天草郡苓北町,グループホーム　きらめき,863-2502,天草郡苓北町上津深江字西大田１０番地,0969-35-1671,グループホーム　きらめき,社会福祉法人　啓仁会,理事長,4322100092,1,2011年4月1日,外部サービス利用型
,374,天草郡苓北町,グループホーム　きらめき,863-2502,天草郡苓北町上津深江字西大田１０番地,0969-35-1671,昴,社会福祉法人　啓仁会,理事長,4322100092,2,2011年4月1日,外部サービス利用型
,375,菊池郡大津町,三気の里　グループホーム事業所,869-1217,菊池郡大津町森５４－２,096-293-8100,グループホーム新,社会福祉法人　三気の会,理事長,4322200017,1,2006年10月1日,介護サービス包括型
,376,菊池郡大津町,三気の里　グループホーム事業所,869-1217,菊池郡大津町森５４－２,096-293-8100,ひだまり,社会福祉法人　三気の会,理事長,4322200017,2,2006年10月1日,介護サービス包括型
,377,菊池郡大津町,三気の里　グループホーム事業所,869-1217,菊池郡大津町森５４－２,096-293-8100,一,社会福祉法人　三気の会,理事長,4322200017,3,2006年10月1日,介護サービス包括型
,378,菊池郡大津町,つくしの里　グループホーム・ケアホーム事業所,869-1231,菊池郡大津町平川４００番地,096-293-1550,つくしんぼ,社会福祉法人　清和会,理事長,4322200025,1,2006年10月1日,介護サービス包括型
,379,菊池郡大津町,つくしの里　グループホーム・ケアホーム事業所,869-1231,菊池郡大津町平川４００番地,096-293-1550,すぎな,社会福祉法人　清和会,理事長,4322200025,2,2006年10月1日,介護サービス包括型
,380,菊池郡菊陽町,熊本菊陽学園グループホーム事業所,869-1106,菊池郡菊陽町大字曲手８１１番地,096-232-2080,高遊原ホーム,社会福祉法人　菊陽会,理事長,4322210030,1,2006年10月1日,外部サービス利用型
,381,菊池郡菊陽町,熊本菊陽学園グループホーム事業所,869-1106,菊池郡菊陽町大字曲手８１１番地,096-232-2080,菊陽ホーム,社会福祉法人　菊陽会,理事長,4322210030,2,2006年10月1日,外部サービス利用型
,382,菊池郡菊陽町,熊本菊陽学園グループホーム事業所,869-1106,菊池郡菊陽町大字曲手８１１番地,096-232-2080,第二菊陽ホーム,社会福祉法人　菊陽会,理事長,4322210030,3,2006年10月1日,外部サービス利用型
,383,菊池郡菊陽町,熊本菊陽学園グループホーム事業所,869-1106,菊池郡菊陽町大字曲手８１１番地,096-232-2080,第二高遊原ホーム,社会福祉法人　菊陽会,理事長,4322210030,4,2006年10月1日,外部サービス利用型
,384,菊池郡菊陽町,熊本菊陽学園グループホーム事業所,869-1106,菊池郡菊陽町大字曲手８１１番地,096-232-2080,武蔵ヶ丘ホーム,社会福祉法人　菊陽会,理事長,4322210030,5,2006年10月1日,外部サービス利用型
,385,菊池郡菊陽町,熊本菊陽学園グループホーム事業所,869-1106,菊池郡菊陽町大字曲手８１１番地,096-232-2080,すまいるホーム,社会福祉法人　菊陽会,理事長,4322210030,6,2006年10月1日,外部サービス利用型
,386,菊池郡菊陽町,熊本菊陽学園グループホーム事業所,869-1106,菊池郡菊陽町大字曲手８１１番地,096-232-2080,第二すまいるホーム,社会福祉法人　菊陽会,理事長,4322210030,7,2006年10月1日,外部サービス利用型
,387,菊池郡菊陽町,社会医療法人芳和会　共同生活援助事業所,869-1102,菊池郡菊陽町原水下中野５５８７,096-232-3171,さくら並木寮,社会医療法人　芳和会,理事長,4322210041,1,2006年10月1日,外部サービス利用型
,388,菊池郡菊陽町,社会医療法人芳和会　共同生活援助事業所,869-1102,菊池郡菊陽町原水下中野５５８７,096-232-3171,竜田寮,社会医療法人　芳和会,理事長,4322210041,3,2006年10月1日,外部サービス利用型
,389,菊池郡菊陽町,社会医療法人芳和会　共同生活援助事業所,869-1102,菊池郡菊陽町原水下中野５５８７,096-232-3171,すみれ荘,社会医療法人　芳和会,理事長,4322210041,4,2006年10月1日,外部サービス利用型
,390,菊池郡菊陽町,社会医療法人芳和会　共同生活援助事業所,869-1102,菊池郡菊陽町原水下中野５５８７,096-232-3171,菜の花,社会医療法人　芳和会,理事長,4322210041,5,2006年10月1日,外部サービス利用型
,391,菊池郡菊陽町,グループホーム菊陽苑,869-1102,菊池郡菊陽町原水字下大谷３８８０番地１３,096-233-9640,グループホーム菊陽苑Ａ,社会福祉法人　青生会,理事長,4322210255,1,2012年4月11日,外部サービス利用型
,392,菊池郡菊陽町,グループホーム菊陽苑,869-1102,菊池郡菊陽町原水字下大谷３８８０番地１３,096-233-9640,グループホーム菊陽苑Ｂ,社会福祉法人　青生会,理事長,4322210255,2,2012年4月11日,外部サービス利用型
,393,菊池郡菊陽町,グループホーム菊陽苑,869-1102,菊池郡菊陽町原水字下大谷３８８０番地１３,096-233-9640,グループホーム菊陽苑Ｃ,社会福祉法人　青生会,理事長,4322210255,3,2012年4月11日,外部サービス利用型
,394,菊池郡大津町,わおん大津,869-1233,菊池郡大津町大津９５８－７,0962739570,わおん大津,株式会社ラフターパートナー,代表取締役,4322210263,1,2021年8月1日,介護サービス包括型
,395,宇土市,あじさいホーム,869-0401,宇土市住吉町９５５番地１,0964-24-3351,あじさい,社会福祉法人　三ツ葉会,理事長,4322300023,1,2006年12月1日,介護サービス包括型
,396,宇土市,ライフサポートセンターリアン,869-0425,宇土市栗崎町字大平１２９６番,0964-23-5878,ピアステージ壱番館,特定非営利活動法人　まちくらネットワーク熊本,理事長,4322300080,1,2014年4月1日,介護サービス包括型
,397,宇土市,ライフサポートセンターリアン,869-0425,宇土市栗崎町字大平１２９６番,0964-23-5878,ピアステージ弐番館,特定非営利活動法人　まちくらネットワーク熊本,理事長,4322300080,2,2014年4月1日,介護サービス包括型
,398,宇土市,ライフサポートセンターリアン,869-0425,宇土市栗崎町字大平１２９６番,0964-23-5878,ピアステージ参番館,特定非営利活動法人　まちくらネットワーク熊本,理事長,4322300080,3,2014年4月1日,介護サービス包括型
,399,宇土市,支援センター　銀河カレッジ,869-0408,宇土市築籠町１４１番地の２,0964-23-1090,メゾン銀河,社会福祉法人　銀河の会,理事長,4322300114,1,2010年12月1日,介護サービス包括型
,400,宇土市,支援センター　銀河カレッジ,869-0408,宇土市築籠町１４１番地の２,0964-23-1090,メゾンルナ,社会福祉法人　銀河の会,理事長,4322300114,2,2010年12月1日,介護サービス包括型
,401,宇土市,釈光ビレッジ,869-0416,宇土市松山町２４９７番地、２４９８番地,0964-22-3007,しゃっこうビレッジ,特定非営利活動法人ＪＥＦ,理事長,4322300205,1,2014年7月16日,介護サービス包括型
,402,宇土市,釈光ビレッジ,869-0416,宇土市松山町２４９７番地、２４９８番地,0964-22-3007,釈光ビレッジ,特定非営利活動法人ＪＥＦ,理事長,4322300205,2,2014年7月16日,介護サービス包括型
,403,宇土市,グループホームまつやま,869-0416,宇土市松山町１９３９－１,0964-22-5501,グループホームまつやまA,医療法人　再生会,理事長,4322300254,1,2017年6月1日,外部サービス利用型
,404,宇土市,グループホームまつやま,869-0416,宇土市松山町１９３９－１,0964-22-5501,グループホームまつやまB,医療法人　再生会,理事長,4322300254,2,2017年6月1日,外部サービス利用型
,405,宇土市,グループホームあおの郷,869-0436,宇土市定府町字新屋敷３４番地,0964-26-1500,グループホームあおの郷,株式会社ライフサポートハラダ,代表取締役,4322300312,1,2019年9月1日,介護サービス包括型
,406,宇土市,銀河フィオーレ,869-0422,宇土市入地町２７０－１,0964-42-9901,カーサ銀河,社会福祉法人銀河の会,理事長,4322300320,1,2021年2月1日,介護サービス包括型
,407,熊本市中央区,グループホームこばと,862-0949,熊本市中央区国府一丁目１８番２５号,096-371-8112,グループホームこばと,医療法人社団　牧野皮膚科医院,理事長,4322440035,1,2006年10月1日,介護サービス包括型
,408,熊本市,グループホーム託麻,861-8045,熊本市小山４丁目９番９２号,096-388-2606,アビリオ・カーサ,社会福祉法人　桜木会,理事長,4322440043,1,2006年10月1日,介護サービス包括型
,409,熊本市,もみの木ホーム,862-0938,熊本市長嶺東５丁目６番１２３号,096-380-3661,ホーム長嶺,社会福祉法人　長嶺会,理事長,4322440068,1,2006年10月1日,介護サービス包括型
,410,熊本市,もみの木ホーム,862-0938,熊本市長嶺東５丁目６番１２３号,096-380-3661,フィアハイム,社会福祉法人　長嶺会,理事長,4322440068,2,2006年10月1日,介護サービス包括型
,411,熊本市,もみの木ホーム,862-0938,熊本市長嶺東５丁目６番１２３号,096-380-3661,もみの木ホーム,社会福祉法人　長嶺会,理事長,4322440068,3,2006年10月1日,介護サービス包括型
,412,熊本市,医療法人富尾会　グループホーム事業所,860-0082,熊本市池田３丁目４０番６号,096-352-6264,第２入江ハイツ,医療法人　富尾会,理事長,4322440076,3,2006年10月1日,外部サービス利用型
,413,上天草市,みゆきホーム,861-6103,上天草市松島町今泉６１７２番地,0969-56-2111,みゆきホーム,社会福祉法人　恵山会,理事長,4322600091,1,2011年4月1日,介護サービス包括型
,414,宇城市,熊本こすもす園共同生活援助事業所,869-0524,宇城市松橋町豊福１７８６番地,0964-33-4551,グループホームこすもす,社会福祉法人　熊本県手をつなぐ育成会,会長,4322700016,1,2006年10月1日,外部サービス利用型
,415,宇城市,熊本こすもす園共同生活援助事業所,869-0524,宇城市松橋町豊福１７８６番地,0964-33-4551,グループホームつばき,社会福祉法人　熊本県手をつなぐ育成会,会長,4322700016,2,2006年10月1日,外部サービス利用型
,416,宇城市,熊本こすもす園共同生活援助事業所,869-0524,宇城市松橋町豊福１７８６番地,0964-33-4551,グループホームしゃくやく,社会福祉法人　熊本県手をつなぐ育成会,会長,4322700016,3,2006年10月1日,外部サービス利用型
,417,宇城市,熊本こすもす園共同生活援助事業所,869-0524,宇城市松橋町豊福１７８６番地,0964-33-4551,グループホームはなしょうぶ,社会福祉法人　熊本県手をつなぐ育成会,会長,4322700016,4,2006年10月1日,外部サービス利用型
,418,宇城市,熊本こすもす園共同生活援助事業所,869-0524,宇城市松橋町豊福１７８６番地,0964-33-4551,グループホームあさがお,社会福祉法人　熊本県手をつなぐ育成会,会長,4322700016,7,2006年10月1日,外部サービス利用型
,419,宇城市,熊本こすもす園共同生活援助事業所,869-0524,宇城市松橋町豊福１７８６番地,0964-33-4551,グループホームひごぎく,社会福祉法人　熊本県手をつなぐ育成会,会長,4322700016,8,2006年10月1日,外部サービス利用型
,420,宇城市,熊本こすもす園共同生活援助事業所,869-0524,宇城市松橋町豊福１７８６番地,0964-33-4551,グループホームさざんか,社会福祉法人　熊本県手をつなぐ育成会,会長,4322700016,9,2006年10月1日,外部サービス利用型
,421,宇城市,第一きぼうの家,869-0523,宇城市松橋町豊福１６５番地,0964-32-0444,第一きぼうの家,社会福祉法人　清香会,理事長,4322700024,1,2006年10月1日,介護サービス包括型
,422,宇城市,第一きぼうの家,869-0523,宇城市松橋町豊福１６５番地,0964-32-0444,竹崎てらすＡ,社会福祉法人　清香会,理事長,4322700024,2,2006年10月1日,介護サービス包括型
,423,宇城市,第一きぼうの家,869-0523,宇城市松橋町豊福１６５番地,0964-32-0444,竹崎てらすＢ,社会福祉法人　清香会,理事長,4322700024,3,2006年10月1日,介護サービス包括型
,424,宇城市,あおば病院グループホーム事業所,869-0513,宇城市松橋町萩尾２０３７番地１,0964-32-7772,れんこんハイツ,医療法人社団　明心会,理事長,4322700057,2,2006年10月1日,外部サービス利用型
,425,宇城市,グループホームみすみ,869-3205,宇城市三角町波多２８６４番地１０３,0964-53-1600,グループホームしおさい,社会福祉法人東康会,理事長,4322700065,1,2006年10月1日,外部サービス利用型
,426,宇城市,グループホームみすみ,869-3205,宇城市三角町波多２８６４番地１０３,0964-53-1600,グループホームゆうなぎ,社会福祉法人東康会,理事長,4322700065,2,2006年10月1日,外部サービス利用型
,427,宇城市,グループホームみすみ,869-3205,宇城市三角町波多２８６４番地１０３,0964-53-1600,グループホームこちょうえん,社会福祉法人東康会,理事長,4322700065,4,2006年10月1日,外部サービス利用型
,428,宇城市,グループホームみすみ,869-3205,宇城市三角町波多２８６４番地１０３,0964-53-1600,グループホーム　ぱぁ～る,社会福祉法人東康会,理事長,4322700065,5,2006年10月1日,外部サービス利用型
,429,宇城市,グループホーム日向,869-0502,宇城市松橋町松橋４３８－１,0964-32-8522,グループホーム日向Ⅰ,特定非営利法人　ジョブパートナー,理事長,4322700230,1,2008年10月1日,外部サービス利用型
,430,宇城市,グループホーム日向,869-0502,宇城市松橋町松橋４３８－１,0964-32-8522,グループホーム日向Ⅱ,特定非営利法人　ジョブパートナー,理事長,4322700230,2,2008年10月1日,外部サービス利用型
,431,宇城市,グループホーム日向,869-0502,宇城市松橋町松橋４３８－１,0964-32-8522,グループホーム日向Ⅲ,特定非営利法人　ジョブパートナー,理事長,4322700230,3,2008年10月1日,外部サービス利用型
,432,宇城市,グループホーム日向,869-0502,宇城市松橋町松橋４３８－１,0964-32-8522,グループホーム日向Ⅳ,特定非営利法人　ジョブパートナー,理事長,4322700230,4,2008年10月1日,外部サービス利用型
,433,宇城市,グループホーム日向,869-0502,宇城市松橋町松橋４３８－１,0964-32-8522,グループホーム日向Ⅴ,特定非営利法人　ジョブパートナー,理事長,4322700230,5,2008年10月1日,外部サービス利用型
,434,宇城市,グループホームともに,869-0502,宇城市松橋町松橋８２４番地１,0964-32-1777,グループホームまいふれんど,社会福祉法人東康会,理事長,4322700263,1,2009年4月1日,外部サービス利用型
,435,宇城市,グループホームともに,869-0502,宇城市松橋町松橋８２４番地１,0964-32-1777,グループホームまいはぁ～と,社会福祉法人東康会,理事長,4322700263,2,2009年4月1日,外部サービス利用型
,436,宇城市,グループホームともに,869-0502,宇城市松橋町松橋８２４番地１,0964-32-1777,グループホームまいどり～む,社会福祉法人東康会,理事長,4322700263,3,2009年4月1日,外部サービス利用型
,437,宇城市,グループホームともに,869-0502,宇城市松橋町松橋８２４番地１,0964-32-1777,はっぴぃ～はうす,社会福祉法人東康会,理事長,4322700263,4,2009年4月1日,外部サービス利用型
,438,宇城市,グループホームともに,869-0502,宇城市松橋町松橋８２４番地１,0964-32-1777,ぴ～ちはうす,社会福祉法人東康会,理事長,4322700263,5,2009年4月1日,外部サービス利用型
,439,宇城市,グループホームともに,869-0502,宇城市松橋町松橋８２４番地１,0964-32-1777,野の花はうす,社会福祉法人東康会,理事長,4322700263,6,2009年4月1日,外部サービス利用型
,440,宇城市,熊本県りんどう荘,869-0524,宇城市松橋町豊福２８３２番地,0964-32-1930,熊本県りんどう荘Ⅰ,社会福祉法人　熊本県社会福祉事業団,理事長,4322700305,1,2010年4月1日,介護サービス包括型
,441,宇城市,熊本県りんどう荘,869-0524,宇城市松橋町豊福２８３２番地,0964-32-1930,熊本県りんどう荘Ⅱ,社会福祉法人　熊本県社会福祉事業団,理事長,4322700305,2,2010年4月1日,介護サービス包括型
,442,宇城市,熊本県りんどう荘,869-0524,宇城市松橋町豊福２８３２番地,0964-32-1930,熊本県りんどう荘Ⅲ,社会福祉法人　熊本県社会福祉事業団,理事長,4322700305,3,2010年4月1日,介護サービス包括型
,443,宇城市,熊本県りんどう荘,869-0524,宇城市松橋町豊福２８３２番地,0964-32-1930,熊本県りんどう荘Ⅳ,社会福祉法人　熊本県社会福祉事業団,理事長,4322700305,4,2010年4月1日,介護サービス包括型
,444,宇城市,憩っと,869-0502,宇城市松橋町松橋４０２－４,0964-31-7896,憩っと,ＮＰＯ法人　夢・さぽーと,理事長,4322700339,1,2011年8月17日,外部サービス利用型
,445,宇城市,ＴＥＮ・ＳＨＩ　Ⅱ,869-0532,宇城市松橋町久具１３４番地,0964-32-1075,ＴＥＮ・ＳＨＩＢ,株式会社　天使の翼,代表取締役,4322700420,1,2012年12月18日,外部サービス利用型
,446,宇城市,ＴＥＮ・ＳＨＩ　Ⅱ,869-0532,宇城市松橋町久具１３４番地,0964-32-1075,ＴＥＮ・ＳＨＩＢ,株式会社　天使の翼,代表取締役,4322700420,2,2012年12月18日,外部サービス利用型
,447,宇城市,ケアホームたけんこ,869-0532,宇城市松橋町久具２５８４番地,0964-27-5700,ケアホームたけんこ,社会福祉法人　グリーンコープ,理事長,4322700453,1,2014年4月1日,介護サービス包括型
,448,宇城市,宇城きぼうの家一番館,869-0552,宇城市不知火町高良２７１０番地,0964-32-5948,宇城きぼうの家一番館,ＮＰＯ法人　宇城きぼうの家,理事長,4322700495,1,2014年1月1日,外部サービス利用型
,449,宇城市,ワークセンターみすみ　共同生活援助事業所,869-3205,宇城市三角町波多六反田３１１８－１６,0964-53-0851,三角更生寮,社会福祉法人天水福祉事業会,理事長,4322700529,1,2014年4月1日,介護サービス包括型
,450,宇城市,ワークセンターみすみ　共同生活援助事業所,869-3205,宇城市三角町波多六反田３１１８－１６,0964-53-0851,サキハウス,社会福祉法人天水福祉事業会,理事長,4322700529,2,2014年4月1日,介護サービス包括型
,451,宇城市,ワークセンターみすみ　共同生活援助事業所,869-3205,宇城市三角町波多六反田３１１８－１６,0964-53-0851,ササホーム,社会福祉法人天水福祉事業会,理事長,4322700529,3,2014年4月1日,介護サービス包括型
,452,宇城市,リバティ　宇城,869-0511,宇城市松橋町曲野２４５８－２,0964-27-5102,リバティ　宇城Ⅰ,有限会社　リバティ,代表取締役,4322700693,1,2018年11月1日,介護サービス包括型
,453,宇城市,グループホーム　まつの実,869-0532,宇城市松橋町久具２４４０番地,0964-32-3500,グループホーム　まつの実,社会福祉法人まつの木会,理事長,4322700701,1,2020年8月1日,介護サービス包括型
,454,宇城市,グループホーム　ぱれっと,869-0561,宇城市松橋町豊福１１９８－１コンフォートおがたＡ棟１０２Ａ棟１０３,0964-27-5271,グループホーム　ぱれっとＡ,株式会社パレット,代表取締役,4322700719,1,2021年4月1日,外部サービス利用型
,455,宇城市,グループホーム　ぱれっと,869-0561,宇城市松橋町豊福１１９８－１コンフォートおがたＡ棟１０２Ａ棟１０３,0964-27-5271,グループホーム　ぱれっとＡ,株式会社パレット,代表取締役,4322700719,2,2021年4月1日,外部サービス利用型
,456,宇城市,宇城きぼうの家二番館,869-0552,宇城市不知火町高良字東割２２０３番地,0964-32-5066,宇城きぼうの家二番館,ＮＰＯ法人宇城きぼうの家,理事長,4322700727,1,2021年4月15日,外部サービス利用型
,457,阿蘇市,くんわ,869-2225,阿蘇市黒川４３１番地,0967-34-1100,治誠寮,社会福祉法人　やまなみ会,理事長,4322800105,1,2012年4月1日,外部サービス利用型
,458,阿蘇市,くんわ,869-2225,阿蘇市黒川４３１番地,0967-34-1100,第二治誠寮,社会福祉法人　やまなみ会,理事長,4322800105,2,2012年4月1日,外部サービス利用型
,459,阿蘇市,くんわ,869-2225,阿蘇市黒川４３１番地,0967-34-1100,くんわホーム,社会福祉法人　やまなみ会,理事長,4322800105,3,2012年4月1日,外部サービス利用型
,460,阿蘇市,くんわ,869-2225,阿蘇市黒川４３１番地,0967-34-1100,かがやきハイツ,社会福祉法人　やまなみ会,理事長,4322800105,4,2012年4月1日,外部サービス利用型
,461,阿蘇市,くんわ,869-2225,阿蘇市黒川４３１番地,0967-34-1100,グリーンハウス,社会福祉法人　やまなみ会,理事長,4322800105,5,2012年4月1日,外部サービス利用型
,462,阿蘇市,くんわ,869-2225,阿蘇市黒川４３１番地,0967-34-1100,コーポ赤水,社会福祉法人　やまなみ会,理事長,4322800105,7,2012年4月1日,外部サービス利用型
,463,阿蘇市,くんわ,869-2225,阿蘇市黒川４３１番地,0967-34-1100,ひだまり,社会福祉法人　やまなみ会,理事長,4322800105,8,2012年4月1日,外部サービス利用型
,464,阿蘇市,くんわ,869-2225,阿蘇市黒川４３１番地,0967-34-1100,くろかわ,社会福祉法人　やまなみ会,理事長,4322800105,9,2012年4月1日,外部サービス利用型
,465,合志市,野々島学園グループホーム・ケアホーム事業所,861-1103,合志市野々島２７７４－４,096-242-6811,のぞみホーム,社会福祉法人　愛火の会,理事長,4322900020,1,2006年10月1日,介護サービス包括型
,466,合志市,野々島学園グループホーム・ケアホーム事業所,861-1103,合志市野々島２７７４－４,096-242-6811,梶尾邸,社会福祉法人　愛火の会,理事長,4322900020,2,2006年10月1日,介護サービス包括型
,467,合志市,野々島学園グループホーム・ケアホーム事業所,861-1103,合志市野々島２７７４－４,096-242-6811,DAISY GARDEN BLANC,社会福祉法人　愛火の会,理事長,4322900020,3,2006年10月1日,介護サービス包括型
,468,合志市,共生福祉会グループホーム,861-1115,合志市豊岡２０００番地１６５３,096-248-7273,泉ヶ丘ホーム,社会福祉法人　共生福祉会,理事長,4322900038,1,2006年10月1日,外部サービス利用型
,469,合志市,共生福祉会グループホーム,861-1115,合志市豊岡２０００番地１６５３,096-248-7273,黒石原荘,社会福祉法人　共生福祉会,理事長,4322900038,2,2006年10月1日,外部サービス利用型
,470,合志市,共生福祉会グループホーム,861-1115,合志市豊岡２０００番地１６５３,096-248-7273,すずかけ台ホーム,社会福祉法人　共生福祉会,理事長,4322900038,3,2006年10月1日,外部サービス利用型
,471,合志市,ビオシス,861-1102,合志市須屋４－６,096-327-9151,ビオシス,プレジャーワーク株式会社,取締役,4322900160,1,2009年4月1日,外部サービス利用型
,472,合志市,ビオシス,861-1102,合志市須屋４－６,096-327-9151,ビオシス　二番館,プレジャーワーク株式会社,取締役,4322900160,2,2009年4月1日,外部サービス利用型
,473,合志市,ビオシス,861-1102,合志市須屋４－６,096-327-9151,ビオシス三番館,プレジャーワーク株式会社,取締役,4322900160,3,2009年4月1日,外部サービス利用型
,474,合志市,ビオシス,861-1102,合志市須屋４－６,096-327-9151,ビオシス四番館,プレジャーワーク株式会社,取締役,4322900160,4,2009年4月1日,外部サービス利用型
,475,合志市,ビオシス,861-1102,合志市須屋４－６,096-327-9151,ビオシス五番館,プレジャーワーク株式会社,取締役,4322900160,5,2009年4月1日,外部サービス利用型
,476,合志市,ビオシス,861-1102,合志市須屋４－６,096-327-9151,ビオシス６番館,プレジャーワーク株式会社,取締役,4322900160,6,2009年4月1日,外部サービス利用型
,477,合志市,ビオシス,861-1102,合志市須屋４－６,096-327-9151,ビオシス７番館,プレジャーワーク株式会社,取締役,4322900160,7,2009年4月1日,外部サービス利用型
,478,合志市,白鳩園共同生活事業所　さくら,861-1104,合志市大字御代志７２２－１,096-242-0115,さくら　東館,社会福祉法人　山紫会,理事長,4322900244,1,2011年4月1日,外部サービス利用型
,479,合志市,白鳩園共同生活事業所　さくら,861-1104,合志市大字御代志７２２－１,096-242-0115,さくら　西館,社会福祉法人　山紫会,理事長,4322900244,2,2011年4月1日,外部サービス利用型
,480,合志市,就労支援センター　テクニカル工房,861-1104,合志市御代志１３４２,096-242-3312,ファミリーハウス　ひまわり,社会福祉法人　ひまわり福祉会,理事長,4322900251,1,2011年5月1日,介護サービス包括型
,481,合志市,就労支援センター　テクニカル工房,861-1104,合志市御代志１３４２,096-242-3312,ファミリーハウス　ひまわりⅡ号館,社会福祉法人　ひまわり福祉会,理事長,4322900251,2,2011年5月1日,介護サービス包括型
,482,合志市,グループホーム　ぞうさんのはな,861-1102,合志市須屋１６５番地５,096-348-1255,グループホーム　ぞうさんのはな,株式会社　ぞうさんのはな,代表取締役,4322900392,1,2014年4月1日,外部サービス利用型
,483,合志市,三幸会　グループホーム事業所,861-1102,合志市須屋６８０番地１,090-19261076,グリーンヒルズ須屋,合同会社三幸会,代表社員,4322900400,1,2019年12月4日,介護サービス包括型
,484,合志市,アイリー,861-1102,合志市須屋３１０１－５,080-64762485,アイリー,合同会社Ａｒｔｉｃａｌ　Ｉｒｉｅ,代表社員,4322900418,1,2020年4月22日,介護サービス包括型
,485,合志市,アイリー,861-1102,合志市須屋３１０１－５,080-64762485,Ｒｏｏｔｓ,合同会社Ａｒｔｉｃａｌ　Ｉｒｉｅ,代表社員,4322900418,2,2020年4月22日,介護サービス包括型
,486,合志市,グループホームあじ菜工房,861-1104,合志市御代志１３９８－１,096-237-7543,あじ菜ホーム,ＮＰＯ法人あじ菜工房,理事長,4322900434,1,2020年9月8日,介護サービス包括型
,487,合志市,スターホームＫＯＳＨＩ,861-1104,合志市御代志１５３５－１,096-249-1880,スターホームＫＯＳＨＩ,株式会社医療福祉ホールディングス,代表取締役,4322900442,1,2021年10月1日,日中サービス支援型
,488,合志市,日中サービス支援型　共同生活援助事業　ＤＡＩＳＹ　ＧＡＲＤＥＮ,861-1103,合志市野々島２６０４－１,096-242-6811,ＤＡＩＳＹ　ＧＡＲＤＥＮ　ＶＥＲＴ,社会福祉法人　愛火の会,理事長,4322900459,1,2021年10月1日,日中サービス支援型
,489,合志市,日中サービス支援型　共同生活援助事業　ＤＡＩＳＹ　ＧＡＲＤＥＮ,861-1103,合志市野々島２６０４－１,096-242-6811,ＤＡＩＳＹ　ＧＡＲＤＥＮ　ＢＬＡＮＣ,社会福祉法人　愛火の会,理事長,4322900459,2,2021年10月1日,日中サービス支援型
,490,合志市,日中サービス支援型　共同生活援助事業　ＤＡＩＳＹ　ＧＡＲＤＥＮ,861-1103,合志市野々島２６０４－１,096-242-6811,ＤＡＩＳＹ　ＧＡＲＤＥＮ　ＲＯＵＧＥ,社会福祉法人　愛火の会,理事長,4322900459,3,2021年10月1日,日中サービス支援型
,491,合志市,日中サービス支援型　共同生活援助事業　ＤＡＩＳＹ　ＧＡＲＤＥＮ,861-1103,合志市野々島２６０４－１,096-242-6811,ＤＡＩＳＹ　ＧＡＲＤＥＮ　ＪＡＵＮＥ,社会福祉法人　愛火の会,理事長,4322900459,4,2021年10月1日,日中サービス支援型
,492,天草市,第二苓山寮グループホーム事業所,863-0006,天草市本町下河内６８０番地,0969-22-1766,グループホーム浜荘,社会福祉法人　啓明会,理事長,4323000010,1,2006年10月1日,介護サービス包括型
,493,天草市,第二苓山寮　　グループホーム事業所,863-0006,天草市本町大字下河内６８０番地,0969-23-7539,グループホーム　はちまん,社会福祉法人　啓明会,理事長,4323000028,1,2006年10月1日,介護サービス包括型
,494,天草市,南海寮グループホーム事業所,863-0006,天草市本町下河内１６８５番地１,0969-23-3850,ホームみなみ,社会福祉法人　啓友会,理事長,4323000036,1,2006年10月1日,介護サービス包括型
,495,天草市,南海寮グループホーム事業所,863-0006,天草市本町下河内１６８５番地１,0969-23-3850,ホームたんぽぽ,社会福祉法人　啓友会,理事長,4323000036,2,2006年10月1日,介護サービス包括型
,496,天草市,ゆうすいグループホーム事業所,863-2201,天草市五和町大字御領２３９５番地の２,0969-32-2355,ゆうすいホーム,社会福祉法人　弘仁会,理事長,4323000044,1,2006年10月1日,外部サービス利用型
,497,天草市,ゆうすいグループホーム事業所,863-2201,天草市五和町大字御領２３９５番地の２,0969-32-2355,ゆうすいくらぶ,社会福祉法人　弘仁会,理事長,4323000044,2,2006年10月1日,外部サービス利用型
,498,天草市,ゆうすいグループホーム事業所,863-2201,天草市五和町大字御領２３９５番地の２,0969-32-2355,グループホームかわせみ,社会福祉法人　弘仁会,理事長,4323000044,3,2006年10月1日,外部サービス利用型
,499,天草市,ゆうすいグループホーム事業所,863-2201,天草市五和町大字御領２３９５番地の２,0969-32-2355,グループホームひばり,社会福祉法人　弘仁会,理事長,4323000044,4,2006年10月1日,外部サービス利用型
,500,天草市,やじろべえ,861-7201,天草市有明町赤崎２５９６番地,0969-53-0663,やじろべえの館,特定非営利活動法人　やじろべえ,理事長,4323000051,1,2006年10月1日,介護サービス包括型
,501,天草市,やじろべえ,861-7201,天草市有明町赤崎２５９６番地,0969-53-0663,やじろべえの館,特定非営利活動法人　やじろべえ,理事長,4323000051,2,2006年10月1日,介護サービス包括型
,502,天草市,グループホーム　天草ポランの広場,863-1111,天草市新和町碇石６６番地の１,0969-46-2411,グループホームたけのこ,社会福祉法人　晃明会,理事長,4323000069,1,2006年10月1日,外部サービス利用型
,503,天草市,グループホーム　天草ポランの広場,863-1111,天草市新和町碇石６６番地の１,0969-46-2411,グループホーム天草ポランの広場,社会福祉法人　晃明会,理事長,4323000069,2,2006年10月1日,外部サービス利用型
,504,天草市,グリーントポス,863-2171,天草市佐伊津町帆崎４０１番地２,0969-22-1770,グリーントポス,社会福祉法人　あまくさ福祉会,理事長,4323000374,1,2010年3月25日,介護サービス包括型
,505,天草市,グループオーム　ダゴバ,863-0022,天草市栄町１４－２４,0969-22-6507,グループホーム　ダゴバ,特定非営利活動法人ステップバイステップ,理事長,4323000382,1,2010年4月1日,外部サービス利用型
,506,天草市,苓南寮グループホーム事業所,863-0049,天草市北原町５番１４号,0969-22-3393,グループホーム花しょうぶ,社会福祉法人　北斗会,理事長,4323000440,1,2011年4月1日,外部サービス利用型
,507,天草市,苓南寮グループホーム事業所,863-0049,天草市北原町５番１４号,0969-22-3393,グループホーム花みずき,社会福祉法人　北斗会,理事長,4323000440,2,2011年4月1日,外部サービス利用型
,508,天草市,苓南寮グループホーム事業所,863-0049,天草市北原町５番１４号,0969-22-3393,グループホーム花あおい,社会福祉法人　北斗会,理事長,4323000440,3,2011年4月1日,外部サービス利用型
,509,天草市,第二苓山寮　グループホーム事業所,863-0006,天草市本町下河内６８０番地,0969-22-1766,グループホームはばたき,社会福祉法人　啓明会,理事長,4323000499,1,2012年1月1日,介護サービス包括型
,510,天草市,グループホーム　宙,863-0006,天草市本町下河内５４２番,0969-22-3873,グループホーム　宙,社会福祉法人　啓明会,理事長,4323000663,1,2014年5月1日,介護サービス包括型
,511,天草市,共同生活支援事業所リンク,861-6403,天草市倉岳町宮田１１７６番地,0969-52-5877,グループホームリンク,NPO法人　地域ふれあいホームリンク,理事長,4323000721,1,2017年7月1日,介護サービス包括型
,512,天草市,てらす,863-0034,天草市浄南町３－４２,0969-66-9475,てらす,株式会社　アト・みらい,代表取締役,4323000762,1,2018年10月9日,介護サービス包括型
,513,天草市,第二苓山寮グループホーム事業所,863-0006,天草市本町下河内６８０番地,0969-22-1766,グループホーム　かなで,社会福祉法人　啓明会,理事長,4323000770,1,2021年5月1日,介護サービス包括型
