事業所番号,事業所名,事業所郵便番号,事業所所在地1,事業所所在地2,事業所所在地3,事業所電話,事業所FAX,指定後状態名,指定年月日,指定有効期限日,法人(設置者)名,法人(設置者)〒,法人(設置者)所在地1,法人(設置者)所在地2,法人(設置者)所在地3,法人(設置者)電話
2620101119,西陣工房グループホーム,6038332,京都府京都市北区,大将軍川端町１０番地,,075-465-0141,075-465-0141,提供中,2021/8/6,2027/8/5,社会福祉法人京都西陣福祉会,6038333,京都府京都市北区,大将軍東鷹司町１０９番地の１,,075-462-9101
2623500366,グループホーム相朋舎「めぶき」,6190214,京都府木津川市,木津殿城１４４番５,,0774-73-3668,0774-73-3667,提供中,2021/8/1,2027/7/31,（福）相楽福祉会,6190238,京都府相楽郡精華町,精華台５丁目１番地４,,0774-93-3277
2622901672,グループホームＲＡＳＩＥＬ八幡,6148347,京都府八幡市,橋本平野山８５－８,,075-925-6257,075-925-6258,提供中,2021/7/1,2027/6/30,株式会社ラシエル,5300011,大阪府大阪市北区,大深町１番１号ＬＩＮＫＳ・ＵＭＥＤＡ８階,,06-6556-6690
2623000763,グループホームいろは,6170847,京都府長岡京市,高台2丁目8－8,,080-41419583,,提供中,2021/6/22,2027/6/21,合同会社アロワン,6101124,京都府京都市西京区,大原野上里紅葉町2番地15,,050-37401515
2623400401,共同生活援助　ぽぽろん,6220002,京都府南丹市,園部町美園町四号２番地３,,0771-63-5977,0771-63-5978,提供中,2021/6/14,2027/6/13,株式会社プレール,6220002,京都府南丹市,園部町美園町四号２番地３,,09073484133
2621201090,社会福祉法人同胞会　グループホームおりぶ,6110043,京都府宇治市,伊勢田町毛語144番地１,,0774-46-5650,0774-46-5680,提供中,2021/6/11,2027/6/10,社会福祉法人　同胞会,6110043,京都府宇治市,伊勢田町毛語144番地１,,0774-20-6760
2620982369,グループホームかがやき,6128499,京都府京都市伏見区,下鳥羽南円面田町３３,,075-585-3556,075-605-5877,提供中,2021/6/1,2027/5/31,一般社団法人かがやき,6128498,京都府京都市伏見区,下鳥羽中円面田町３１,,075-606-2147
2623000755,グループホームたろすけ,6170853,京都府長岡京市,奥海印寺下条11－16,,090-85377315,,提供中,2021/5/14,2027/5/13,合同会社たろすけ,6180071,京都府乙訓郡大山崎町,字大山崎小字広敷10番地11,,075-202-2460
2624081655,ホームあらしやま,6160016,京都府京都市西京区,嵐山上海道町７８,,075-863-0721,075-863-0726,提供中,2021/5/1,2027/4/30,社会福祉法人なづな学園,6050877,京都府京都市東山区,渋谷通大和大路東入二丁目上新シ町３７２番地,,075-561-3355
2622901664,グループホームＲＡＳＩＥＬ石清水,6148087,京都府八幡市,八幡神原８６番,,075-981-3280,075-98193380,提供中,2021/4/20,2027/4/19,株式会社ラシエル,5300011,大阪府大阪市北区,大深町１番１号ＬＩＮＫＳ・ＵＭＥＤＡ８階,,06-6556-6690
2620982351,グループホーム　あじさいはうす,6128484,京都府京都市伏見区,羽束師鴨川町１９８番地１６,,070-84620225,075-950-0528,提供中,2021/4/19,2027/4/18,ライマー株式会社,6158213,京都府京都市西京区,上桂北村町２７１,,075-874-2109
2620101101,グループホームりずむ,6038105,京都府京都市北区,小山西玄以町２７番地９,,075-495-7600,075-495-7601,提供中,2021/4/1,2027/3/31,特定非営利活動法人りずむ,6038105,京都府京都市北区,小山西玄以町２７番地,,075-495-7600
2620982344,愛隣グループホーム,6128141,京都府京都市伏見区,向島二ノ丸町１５１番地５８　１街区６棟１０８号,,075-634-8920,075-634-8921,提供中,2021/4/1,2027/3/31,社会福祉法人イエス団,6510076,兵庫県神戸市中央区,吾妻通５丁目２番２０号,,078-221-9565
2621201082,カルミア宇治,6110011,京都府宇治市,五ケ庄新開７－３,,0774-66-4885,0774-66-4885,提供中,2021/2/10,2027/2/9,株式会社アルファ・プラス,5200105,滋賀県大津市,下阪本３丁目20-25,,050-3503-855
2621201074,レジリエンス,6110031,京都府宇治市,広野町一里山46-8,,0774-66-4548,0774-66-4554,提供中,2021/1/22,2027/1/21,株式会社アップサイクル・ジャパン,6048006,京都府京都市中京区,河原町通御池下る下丸屋町403番地　FISビル2Ｆ,,075-555-3420
2624181620,グループホーム壮栄,6078482,京都府京都市山科区,北花山大林町１８,林ハイツ２Ｆ,080-83328008,075-581-3399,提供中,2020/12/29,2026/12/28,一般社団法人得天,6078151,京都府京都市山科区,東野竹田１０番地３,,080-61400046
2620982336,日中サービス支援型グループホームすずらんの郷,6128216,京都府京都市伏見区,下中町６４８番地,,075-621-0330,075-621-0331,提供中,2020/12/1,2026/11/30,株式会社カネ伸,6100331,京都府京田辺市,田辺十曽２５－４,,0774-26-6625
2621600564,なごみの家　エムズ,6210043,京都府亀岡市,千代川町小林西芝１番４,,0901592-1870,,提供中,2020/12/1,2026/11/30,株式会社エムズ,6210854,京都府亀岡市,下矢田町二丁目３６番地４号,,0771225422
2620281200,ＳＴＡＹ　ＨＯＭＥ,6028158,京都府京都市上京区,下立売通千本東入下る中務町４９０番地２４,,075-384-0330,075-462-6161,提供中,2020/11/1,2026/10/31,株式会社ＳＴＡＹ　ＨＯＭＥ,6028266,京都府京都市上京区,浄福寺通中立売下る菱丸町１８０番地２,,075-406-7761
2622700447,グループホームこひつじの苑舞鶴,6250024,京都府舞鶴市,田中町１７番１,,0773-77-8805,0773-77-8806,提供中,2020/11/1,2026/10/31,社会福祉法人京都太陽の園,6220051,京都府南丹市,園部町横田前32,,0771-62-3364
2622700439,グループホームみずなぎ朝来,6250005,京都府舞鶴市,字朝来中小字滝ヶ鼻８１５－８,,0773-66-7201,0773-66-7202,提供中,2020/8/1,2026/7/31,（福）みずなぎ学園,6250014,京都府舞鶴市,鹿原２０９－３,,0773-63-5030
2621600556,きらきらホーム,6210805,京都府亀岡市,安町野々神５２－１１,,0771-24-2596,,提供中,2020/7/1,2026/6/30,社会福祉法人亀岡福祉会,6210033,京都府亀岡市,薭田野町佐伯大門30-1,,0771-24-2596
2623500358,チェリッシュスマイル木津,6190214,京都府木津川市,木津神田6番地83,,0774-26-3248,0774-26-3248,提供中,2020/6/1,2026/5/31,株式会社チェリッシュスマイルホーム,6190231,京都府相楽郡精華町,山田笛吹24番地,,0774-72-5689
2624181612,グループホームあおぞら,6078022,京都府京都市山科区,四ノ宮小金塚８番４２１,,075-634-8051,075-591-4173,提供中,2020/4/1,2026/3/31,一般社団法人あおぞら福祉会,6078022,京都府京都市山科区,四ノ宮小金塚８番地１５０,,075-634-8051
2624081648,ｃｏｌｌｅ,6158183,京都府京都市西京区,樫原分田２－１４,,075-874-3727,075-874-3088,提供中,2020/2/1,2026/1/31,一般社団法人暮らしランプ,6170002,京都府向日市,寺戸町岸ノ下５番地,,075-874-4727
2621000401,グループホームゆっくり大山崎,6180091,京都府乙訓郡大山崎町,字円明寺小字横林３０番,,075-925-9270,075-925-9271,提供中,2019/10/16,2025/10/15,一般社団法人重陽舎,6180091,京都府乙訓郡大山崎町,字円明寺小字横林30番地1,,075-925-9270
2622901649,共同生活ホーム　シュクレサレ八幡,6148002,京都府八幡市,八幡土井５３番地３　,八幡市地域生活支援拠点Ｉ－ＢＯＣ２４　２Ｆ,075-972-2027,075-925-8663,提供中,2019/10/1,2025/9/30,社会福祉法人朔日,6148002,京都府八幡市,八幡土井５３番地３,,0774-57-3711
2623000748,グループホーム響,6170813,京都府長岡京市,井ノ内下東ノ口14番地3,,075-201-1005,075-320-1163,提供中,2019/8/27,2025/8/26,ケイアンドワイ株式会社,6150862,京都府京都市右京区,西京極西池田町３２辰巳ビル２,,075-325-5695
2620782025,新明ハウス,6150864,京都府京都市右京区,西京極新明町３８,,075-748-9226,075-748-9226,提供中,2019/8/1,2025/7/31,特定非営利活動法人いくせい京都,6048441,京都府京都市中京区,西ノ京西中合町６１番地１,,075-812-3500
2621400841,共同生活ホーム　シュクレサレ精華,6190240,京都府相楽郡精華町,祝園西一丁目10番地15,,0774-98-4110,0774-98-4111,提供中,2019/8/1,2025/7/31,特定非営利活動法人朔日の会,6100121,京都府城陽市,寺田北東西１００番地,,0774-66-4723
2620982328,共同生活援助　ぐんぐんハウス　,6011361,京都府京都市伏見区,醍醐御霊ケ下町５２－６,,075-602-3390,075-612-7441,提供中,2019/5/1,2025/4/30,社会福祉法人ももやま福祉会,6128154,京都府京都市伏見区,向島津田町２１５番地,,075-602-3390
2621201066,グループホームＫＯＴＯ,6110011,京都府宇治市,五ケ庄芝ノ東１４－１７,,090-96256370,,提供中,2018/11/1,2024/10/31,合同会社ＫＯＴＯ,6038377,京都府京都市北区,衣笠西御所ノ内町３７,,090-96245164
2620781928,ハートフルトポス　エリヤ館,6168268,京都府京都市右京区,梅ケ畑古田町１２番地,,075-406-5970,075-406-5970,提供中,2018/9/15,2024/9/14,特定非営利活動法人ハートフルトポス,6038437,京都府京都市北区,大宮開町２１番地,,075-432-8717
2622901615,グループホームエスペリオ,6148365,京都府八幡市,男山金振６－６,,075-983-5763,075-983-5764,提供中,2018/7/1,2024/9/30,社会福祉法人　鳩ヶ峰福祉会,6148062,京都府八幡市,八幡清水井３０－３,,075-983-5763
2621201025,宇治小倉ホーム,6110021,京都府宇治市,宇治蔭山９番地１１,,0774-23-0250,0774-23-0251,提供中,2018/6/1,2024/5/31,社会福祉法人　南山城学園,6100111,京都府城陽市,富野狼谷２番地１,,0774-52-0425
2624181604,ファミリアハウス,6050952,京都府京都市東山区,今熊野宝蔵町６５,シャロン栗２階,09078788469,075-756-2090,提供中,2018/2/9,2024/2/8,特定非営利活動法人京都こうでねいと,6050952,京都府京都市東山区,今熊野宝蔵町６５,シャロン栗２階,075-756-2090
2624081630,グループホーム　ゆめみ,6158193,京都府京都市西京区,川島玉頭町40番地の6,,075-392-9300,075-392-9300,提供中,2017/12/1,2023/11/30,一般社団法人ちいさなゆめみ,6158193,京都府京都市西京区,川島玉頭町４０番地の６,,075-392-9300
2622901573,おこしやす,6148364,京都府八幡市,男山松里15-15,,075-925-6113,075-925-6211,提供中,2017/10/10,2023/10/9,特定非営利活動法人きろろん八幡,6148035,京都府八幡市,八幡小松７５,,075-982-5136
2622700421,ハウオリ,6240946,京都府舞鶴市,下福井１－２９,,0773-78-9180,0773-78-9190,提供中,2017/6/9,2023/6/8,株式会社ＮＩＮＥ,6240946,京都府舞鶴市,下福井８８２－２０,,0773-78-3006
2623000680,ジョイフル神足,6170833,京都府長岡京市,神足３丁目５－４,,075-935-0130,075-935-0131,提供中,2017/5/15,2023/5/14,社会福祉法人　向陵会,6170006,京都府向日市,上植野町五ノ坪１１－１,,075-935-7081
2624181505,グループホーム愛,6078126,京都府京都市山科区,大塚元屋敷町46-11,,075-205-4470,075-205-4469,提供中,2017/5/15,2023/5/14,一般社団法人大塚福祉会,6078126,京都府京都市山科区,大塚元屋敷町４６番地,,075-205-4470
2621100334,グループホームわお,6130024,京都府久世郡久御山町,森村東２２０,,075-632-1576,075-874-5510,提供中,2017/5/8,2023/5/7,社会福祉法人　久御山福祉会,6130024,京都府久世郡久御山町,森村東２２１,,075-632-1576
2620581732,あん’ず若杉,6018047,京都府京都市南区,東九条下殿田町２４番地,,075-694-1050,075-694-1611,提供中,2017/4/15,2023/4/14,社会福祉法人京都ライフサポート協会,6100313,京都府京田辺市,三山木中央九丁目８番地８,,0774-63-8050
2620681375,はあとＨｏｍｅ,6068212,京都府京都市左京区,田中里ノ内町50番地の１,,075-746-7796,075-746-7796,提供中,2017/4/1,2023/3/31,特定非営利活動法人障がい者はあとの会,6068221,京都府京都市左京区,田中西樋ノ口町２番２５,,075-722-7597
2621800289,にっこりホーム,6230011,京都府綾部市,青野町西青野２１番２,,0773-21-1423,0773-21-1423,提供中,2017/4/1,2023/3/31,（福）綾部福祉会,6230362,京都府綾部市,物部町博労坂２６番地,,0773-49-0434
2621800297,陽だまりの里さんさん上石,6230033,京都府綾部市,寺町上石２８番地の６,,0773-21-2634,0773-21-2634,提供中,2017/4/1,2023/3/31,特定非営利活動法人わいわいネットなかま,6230033,京都府綾部市,寺町上石２８番地の６,,0773-43-0012
2622600563,ホーム　あつなか,6200056,京都府福知山市,字厚中町１９８番地,,0773-22-2233,,提供中,2017/1/1,2022/12/31,社会福祉法人ふくちやま福祉会,6200928,京都府福知山市,字奥野部小字三ノ宮２５２番地,,0773-24-5245
2624181448,グループホーム　小山の家,6078142,京都府京都市山科区,東野中井ノ上町９－６７,,075-644-4290,,提供中,2016/12/1,2022/11/30,社会福祉法人オリーブの会,6078142,京都府京都市山科区,東野中井ノ上町３－３３,,075-591-4669
2624181414,グループホーム　きらっと,6078232,京都府京都市山科区,勧修寺福岡町２６５,,075-634-8166,075-634-8166,提供中,2016/9/1,2022/8/31,社会福祉法人やましなの里,6078254,京都府京都市山科区,小野高芝町５６－４,,075-575-3767
2621200852,グループホームぽかぽか,6110021,京都府宇治市,宇治米阪４４番地,,0774-23-2129,0774-23-2130,提供中,2016/6/1,2022/5/31,社会福祉法人こもれび,6110021,京都府宇治市,宇治天神１２番３,,0774-23-2129
2624181406,グループホーム　あすか,6078022,京都府京都市山科区,四ノ宮小金塚５－７３,,075-591-4048,075-591-4173,提供中,2016/6/1,2022/5/31,有限会社　アスカ,6078347,京都府京都市山科区,西野左義長町３１番地の５,,075-591-4048
2621200845,社会福祉法人同胞会　同胞の家べテル事業所グループホームたいじゅ,6110043,京都府宇治市,伊勢田町若林６１－１,,0774-20-0967,0774-20-5659,提供中,2016/5/1,2022/4/30,社会福祉法人　同胞会,6110043,京都府宇治市,伊勢田町毛語144番地１,,0774-20-6760
2622000590,菜の花ホーム,6292262,京都府与謝郡与謝野町,字岩滝１２５６,,0772-46-6880,0772-46-6881,提供中,2016/5/1,2022/4/30,社会福祉法人よさのうみ福祉会,6292314,京都府与謝郡与謝野町,岩屋600-6,,050-35320601
2621600549,グループホーム亀岡　緑のおうち,6210826,京都府亀岡市,篠町篠上中筋６０番地１,,0771-24-8221,0771-24-8221,提供中,2016/4/20,2022/4/19,特定非営利活動法人　grass-roots,6210826,京都府亀岡市,篠町篠上中筋６０番地１,,0771-24-8221
2623400393,グループホーム　１８０番地,6220051,京都府南丹市,園部町横田７号１３１　SAIコーポ,,0771-26-2122,0771-20-6621,提供中,2016/2/1,2022/1/31,株式会社　縁,6158267,京都府京都市西京区,山田北山田町32-3,,075-391-9518
2620781589,ＷＩＴＨ　京,6150001,京都府京都市右京区,西院上今田町２０番３,,075-811-2310,075-811-2310,提供中,2015/6/1,2027/5/31,社会福祉法人みやこ,6150031,京都府京都市右京区,西院高田町２０番地,,075-321-8880
2620101093,グループホームさくら,6038487,京都府京都市北区,大北山原谷乾町３０番地１０７,,075-466-6001,075-466-6002,提供中,2015/5/1,2027/4/30,株式会社ルネサンス,6038487,京都府京都市北区,大北山原谷乾町３０番地１０７,,075-466-6001
2620781522,ホーム花園,6168045,京都府京都市右京区,花園内畑町３７番地,,075-802-2721,075-802-2750,提供中,2015/4/1,2027/3/31,社会福祉法人なづな学園,6050877,京都府京都市東山区,渋谷通大和大路東入二丁目上新シ町３７２番地,,075-561-3355
2620781563,グループホームぷらり,6150055,京都府京都市右京区,西院西田町１９番,,075-321-6600,075-321-6600,提供中,2015/4/1,2027/3/31,公益社団法人京都市身体障害児者父母の会連合会,6150882,京都府京都市右京区,西京極葛野町２,,075-321-6902
2623300387,グループホームメロス,6293102,京都府京丹後市,網野町下岡６０９－２,,0772-72-3100,0772-72-3120,提供中,2015/4/1,2027/3/31,株式会社高天の森,6293102,京都府京丹後市,網野町下岡796,,0772-72-6150
2620881173,アイアイホーム,6050837,京都府京都市東山区,新宮川筋五条上る二丁目山田町５００番２,,075-561-2771,075-561-2776,提供中,2015/2/16,2027/2/15,社会福祉法人アイアイハウス,6038226,京都府京都市北区,紫野西舟岡町１０番地１,,075-414-8181
2620581385,ＳＡＭＵＲＡＩ,6018206,京都府京都市南区,久世大薮町５５７番地,ライオンズマンション向日町１００４号,075-934-5039,075-934-5039,提供中,2014/10/1,2026/9/30,株式会社ＲＥＧＥＮＤ,6018206,京都府京都市南区,久世大薮町５５７番地,ライオンズマンション向日町１００４号,090-73657186
2620281192,グループホーム“まぁる”,6028203,京都府京都市上京区,一条通松屋町西入鏡石町３１番地の３,,075-431-5108,075-354-6180,提供中,2014/8/1,2026/7/31,社会福祉法人京都ワークハウス,6028253,京都府京都市上京区,黒門通下長者町上る南小大門町５６３番地,,075-451-3004
2622600472,ホーム　にしなかの,6200038,京都府福知山市,字中ノ小字中ノ町１００番地の１２,,0773-24-6222,0773-24-6211,提供中,2014/7/1,2026/6/30,社会福祉法人ふくちやま福祉会,6200928,京都府福知山市,字奥野部小字三ノ宮２５２番地,,0773-24-5245
2621200746,グループホームやましろ,6110041,京都府宇治市,槇島町大川原３５－５　１棟,,0774-22-0677,0774-22-0677,提供中,2014/5/12,2026/5/11,社会福祉法人山城福祉会,6110041,京都府宇治市,槇島町石橋１３番地６,,0774-20-8060
2620600045,あおいホーム,6068336,京都府京都市左京区,岡崎北御所町２５－２,,075-751-8015,075-751-8015,提供中,2014/4/1,2024/9/30,社会福祉法人葵友愛会,6068336,京都府京都市左京区,岡崎北御所町２１番地の１,,075-771-3882
2620700019,ケアホームあおぞらはうす,6150001,京都府京都市右京区,西院上今田町２ー９,,075-841-8338,075-841-8334,提供中,2014/4/1,2024/9/30,社会福祉法人京都聴覚言語障害者福祉協会,6048437,京都府京都市中京区,西ノ京東中合町２番地,,075-841-8336
2620900015,ベテスダの家ケアホームⅠ,6128154,京都府京都市伏見区,向島津田町１８２－１,,075-602-1724,075-602-1724,提供中,2014/4/1,2024/9/30,社会福祉法人世光福祉会,6128034,京都府京都市伏見区,桃山町泰長老１７５番地,,075-622-0409
2620900064,グループホーム「ふしみ寮」,6128075,京都府京都市伏見区,桝形町４３５－１,,075-605-5662,075-605-5663,提供中,2014/4/1,2025/3/31,社会福祉法人京都障害者福祉センター,6018321,京都府京都市南区,吉祥院西定成町３５番地　,,075-691-4101
2620900577,モーツァルト七瀬川つつみ,6128435,京都府京都市伏見区,深草泓ノ壺町１６－３,,075-645-2204,075-645-3405,提供中,2014/4/1,2025/12/31,社会福祉法人フジの会,6128435,京都府京都市伏見区,深草泓ノ壺町３７の１,,075-641-7777
2620900635,ハックベリー,6128002,京都府京都市伏見区,桃山町山ノ下４４－８,,075-605-1213,075-605-0310,提供中,2014/4/1,2027/7/21,社会福祉法人えのき会,6128002,京都府京都市伏見区,桃山町山ノ下４４番地８,,075-605-0303
2620900700,ベテスダの家ケアホームⅡ,6128154,京都府京都市伏見区,向島津田町１４２－２,,075-612-2450,,提供中,2014/4/1,2021/11/30,社会福祉法人世光福祉会,6128034,京都府京都市伏見区,桃山町泰長老１７５番地,,075-622-0409
2620981338,ベル,6128002,京都府京都市伏見区,桃山町山ノ下５１－３５,,075-604-5668,075-601-5669,提供中,2014/4/1,2025/3/31,社会福祉法人えのき会,6128002,京都府京都市伏見区,桃山町山ノ下４４番地８,,075-605-0303
2621200498,障害者ケアホームかさとり,6011392,京都府宇治市,西笠取辻出川東６７－１,,075-644-5082,,提供中,2014/4/1,2022/4/30,社会福祉法人　山城福祉会,6110041,京都府宇治市,槇島町石橋１３番地６,,0774-20-8060
2621400023,第一いづみ荘,6191152,京都府木津川市,加茂町里東大間田２０番地,,0774-34-2123,0774-34-2277,提供中,2014/4/1,2024/9/30,（福）いづみ福祉会,6191143,京都府木津川市,加茂町観音寺石部８,,0774-76-7210
2621400031,あんず京田辺わくわく,6100362,京都府京田辺市,東西ノ口３番地,,0774-68-1838,0774-68-1839,提供中,2014/4/1,2024/9/30,社会福祉法人京都ライフサポート協会,6100313,京都府京田辺市,三山木中央九丁目8-8,,0774-63-8050
2621400049,グループホーム相朋舎,6190204,京都府木津川市,山城町上狛小杉谷７,,0774-86-5245,0774-94-6373,提供中,2014/4/1,2024/9/30,（福）相楽福祉会,6190238,京都府相楽郡精華町,精華台５丁目１番地４,,0774-93-3277
2621800164,ケアホーム　いこいの村・コスモス寮,6291242,京都府綾部市,十倉名畑町折紙田１８－１,,0773-46-0751,,提供中,2014/4/1,2023/3/31,社会福祉法人　京都聴覚言語障害者福祉協会,6048437,京都府京都市中京区,西ノ京東中合町２番地,,075-841-8336
2622800593,共同生活ホーム　シュクレサレ,6100121,京都府城陽市,寺田中大小９９番地,,0774-66-5264,0774-66-5264,提供中,2014/4/1,2026/3/31,特定非営利活動法人朔日の会,6100121,京都府城陽市,寺田北東西１００番地,,0774-66-4723
2623000011,ハイツまんてん,6170845,京都府長岡京市,下海印寺西条５１－１,,075-952-0888,075-952-0889,提供中,2014/4/1,2024/9/30,社会福祉法人　乙訓福祉会,6170836,京都府長岡京市,勝竜寺長黒１－３,,075-952-0888
2623000029,ハイツさくら,6180091,京都府乙訓郡大山崎町,円明寺葛原６－１０５,,075-954-5757,075-954-5757,提供中,2014/4/1,2024/9/30,社会福祉法人　乙訓福祉会,6170836,京都府長岡京市,勝竜寺長黒１－３,,075-952-0888
2623000060,ケアホーム　かざぐるま,6170853,京都府長岡京市,奥海印寺火ノ尾１７－３,,075-953-9212,075-953-9215,提供中,2014/4/1,2024/9/30,社会福祉法人　あらぐさ福祉会,6170813,京都府長岡京市,井ノ内広海道４２番３,,075-953-9212
2623000482,ケアホームいろどり,6170813,京都府長岡京市,井ノ内宮山１３－１,,075-957-2722,075-957-2729,提供中,2014/4/1,2024/6/30,社会福祉法人　あらぐさ福祉会,6170813,京都府長岡京市,井ノ内広海道４２番３,,075-953-9212
2623000615,あっとホーム,6170813,京都府長岡京市,井ノ内横ヶ端13-30,,075-957-5350,075-957-5350,提供中,2014/4/1,2026/3/31,特定非営利活動法人てくてく,6170825,京都府長岡京市,一文橋２丁目２５－２６,,075-957-5350
2623100019,ジョイフル東ノ口,6170003,京都府向日市,森本町東ノ口４－６,,075-932-7108,075-932-2240,提供中,2014/4/1,2024/9/30,社会福祉法人　向陵会,6170006,京都府向日市,上植野町五ノ坪１１－１,,075-935-7081
2623100027,ジョイフル山ノ下,6170006,京都府向日市,上植野町山ノ下13-78,,075-932-0104,075-932-2200,提供中,2014/4/1,2024/9/30,社会福祉法人　向陵会,6170006,京都府向日市,上植野町五ノ坪１１－１,,075-935-7081
2623300171,長岡ホーム,6270042,京都府京丹後市,峰山町長岡２８５番地,,0772-62-0391,0772-62-0607,提供中,2014/4/1,2021/10/31,社会福祉法人よさのうみ福祉会,6292314,京都府与謝郡与謝野町,岩屋600-6,,050-35320601
2623300197,ケアホーム「さくら荘」,6293101,京都府京丹後市,網野町網野２０９番地,,0772-72-5222,0772-72-5222,提供中,2014/4/1,2022/4/11,社会福祉法人あみの福祉会,6293101,京都府京丹後市,網野町網野5-7,,0772-79-2525
2623500341,第二いづみ荘,6191152,京都府木津川市,加茂町里東里４２,,0774-34-2123,0774-34-2277,提供中,2014/4/1,2023/3/31,（福）いづみ福祉会,6191143,京都府木津川市,加茂町観音寺石部８,,0774-76-7210
2624100018,共同ホームあんど,6078142,京都府京都市山科区,東野中井ノ上町1番地17,,075-592-0871,075-582-9820,提供中,2014/4/1,2024/9/30,社会福祉法人京都障害者福祉センター,6018321,京都府京都市南区,吉祥院西定成町３５番地　,,075-691-4101
2622800569,！－apartment,6100121,京都府城陽市,寺田樋尻５４－４泰西マンション,,0774-66-4618,0774-66-4618,提供中,2013/12/1,2025/11/30,社会福祉法人エクスクラメーション・スタイル・キョウト,6148182,京都府八幡市,上津屋南村７番地１,,075-983-8966
2623000557,グループホーム「サンヴィレッジ」,6170844,京都府長岡京市,調子一丁目１０－１０　サンアヴェニュー長岡京,,075-953-4120,075-954-1210,提供中,2013/9/17,2025/9/16,一般財団法人長岡記念財団,6170843,京都府長岡京市,友岡４丁目１８－１,,075-951-9201
2623400302,ゆきちゃんの家,6220042,京都府南丹市,園部町栄町３号３２－３,,0771-68-1221,0771-68-1222,提供中,2013/7/1,2025/6/30,株式会社　アットホーム,5691127,大阪府高槻市,西真上１丁目２８番１８号,,072-668-1180
2622600407,ホームいさ,6200804,京都府福知山市,石原三丁目７５番地,,0773-27-2666,0773-27-5255,提供中,2013/5/1,2025/4/30,社会福祉法人ふくちやま福祉会,6200928,京都府福知山市,字奥野部小字三ノ宮２５２番地,,0773-24-5245
2620281119,西陣会ホーム　となり,6028464,京都府京都市上京区,元誓願寺通り千本東入ル元四丁目４２４－１,,075-468-3068,075-441-5291,提供中,2013/4/1,2025/3/31,社会福祉法人西陣会,6028464,京都府京都市上京区,元誓願寺通千本東入ル元四丁目４３０番地の２,,075-451-8971
2623400286,グループホーム一歩,6010773,京都府南丹市,美山町三埜後田４番地１,,0771-75-9008,0771-75-9006,提供中,2013/4/1,2025/3/31,一般社団法人あゆみ会,6010773,京都府南丹市,美山町三埜後田４－１,,0771-75-9008
2624181141,グループホーム　道の家,6078217,京都府京都市山科区,勧修寺閑林寺８８番３,,075-593-6885,075-593-6885,提供中,2013/4/1,2025/3/31,特定非営利活動法人アースポイント,6078356,京都府京都市山科区,西野後藤１２番地５,,075-593-6885
2620781274,グループホームやちよ荘,6010251,京都府京都市右京区,京北周山町上ノ段１９－２,,075-852-1657,075-852-1657,提供中,2012/12/1,2024/11/30,特定非営利活動法人しゃくなげ,6010262,京都府京都市右京区,京北細野町東ノ垣内３０番地,,075-744-6209
2624100745,めぐみのさと,6078232,京都府京都市山科区,勧修寺福岡町312　スクエア22　103号,,075-591-1475,075-591-1475,提供中,2012/1/5,2024/1/4,株式会社サポートセンターめぐみ,6078222,京都府京都市山科区,勧修寺東堂田町１４５番地,,075-593-3461
2622000517,みんなのうち後野,6292404,京都府与謝郡与謝野町,字後野５４２－６,,0772-44-2277,0772-44-2288,提供中,2011/10/1,2023/9/30,特定非営利活動法人丹後福祉応援団,6292403,京都府与謝郡与謝野町,字加悦８０２－７,,0772-44-1122
2624100679,Ｌｉｆｅ３６５北花山,6078484,京都府京都市山科区,北花山西ノ野町１４番３６,,075-632-8480,075-632-8480,提供中,2011/6/8,2023/6/7,社会福祉法人新明塾,6050922,京都府京都市東山区,清閑寺山ノ内町28番地３,,075-551-3811
2621300298,ケアホームむくの家,6100253,京都府綴喜郡宇治田原町,大字贄田小字船戸３７番地,,0774-88-6969,0774-88-5846,提供中,2011/5/1,2023/4/30,社会福祉法人宇治田原むく福祉会,6100253,京都府綴喜郡宇治田原町,贄田船戸３８番地１,,0774-88-6969
2620900759,ピアハウス・ＨＩＳＨＩＫＡＷＡ,6128487,京都府京都市伏見区,羽束師菱川町３１４番地の１９,,075-200-8740,075-205-5276,提供中,2010/6/1,2022/5/31,特定非営利活動法人ＥＮＤＥＡＶＯＲ　ＪＡＰＡＮ,6170006,京都府向日市,上植野町久我田１の４,,075-921-7750
2623200579,グループホーム緑の風,6100311,京都府京田辺市,草内塔ノ上３５－１,,0774-64-3866,0774-64-3866,提供中,2009/8/17,2027/8/16,社会福祉法人共生福祉会,6100332,京都府京田辺市,田辺興戸御垣内９２・９９,,0774-63-7892
2620600029,テンダーホーム,6068364,京都府京都市左京区,新柳馬場仁王門下ル菊鉾町３２０－８,すみれ荘,075-752-4636,075-761-0955,提供中,2009/4/1,2024/9/30,社会福祉法人　菊鉾会,6068364,京都府京都市左京区,新柳馬場通仁王門下る菊鉾町３１６番地,,075-752-4636
2622100168,サンホーム,6260043,京都府宮津市,惣397番地,,0772-20-1212,0772-20-1177,提供中,2009/4/1,2027/3/31,社会福祉法人京都太陽の園,6220051,京都府南丹市,園部町横田前32,,0771-62-3364
2623200546,モモ,6100334,京都府京田辺市,田辺中央３－２－６プランドール１０２号室,,0774-65-9552,0774-68-1817,提供中,2009/3/1,2027/2/28,特定非営利活動法人ソーシャルアクション・パートナーシップ,6100332,京都府京田辺市,興戸御垣内５４　たけのこハウス,,0774-65-9952
2622800353,ユニティ芦原,6100114,京都府城陽市,市辺上芦原４１番地の９,,0774-52-5633,0774-52-1362,提供中,2009/2/1,2027/1/31,社会福祉法人京都梅花園,6100114,京都府城陽市,市辺石原１－２,,0774-52-1362
2621500574,丹波桜梅園みずほ寮,6220311,京都府船井郡京丹波町,和田大下33番地,,0771-88-0004,,提供中,2008/6/1,2026/5/31,社会福祉法人桜梅会,6220331,京都府船井郡京丹波町,中台桜梅37番地,,0771-86-0085
2620600375,岡崎ホーム,6068344,京都府京都市左京区,岡崎円勝寺町９１－６７,,075-802-2085,075-802-2093,提供中,2008/4/1,2026/3/31,社会福祉法人京都国際社会福祉協力会,6128027,京都府京都市伏見区,桃山町本多上野８４の８番地,,075-612-1506
2620800124,ホームななくさ,6050877,京都府京都市東山区,渋谷通大和大路東入二丁目上新シ町３７５番地,,075-561-1700,,提供中,2008/4/1,2026/3/31,社会福祉法人なづな学園,6050877,京都府京都市東山区,渋谷通大和大路東入二丁目上新シ町３７２番地,,075-561-3355
2622600068,社会福祉法人みつみ福祉会グループホームひよしの杜,6200878,京都府福知山市,堀３６３番地０の２,,0773-23-1245,0773-22-9150,提供中,2008/4/1,2025/7/31,社会福祉法人みつみ福祉会,6694132,兵庫県丹波市,春日町野村６５番地の１,,0795-75-0314
2623300122,丸山ホーム,6293558,京都府京丹後市,久美浜町丸山３０７番地,,0772-84-0686,0772-84-0686,提供中,2008/3/28,2026/3/31,社会福祉法人久美の浜福祉会,6293557,京都府京丹後市,久美浜町竹藤22-1,,0772-84-0759
2621800131,ゆらりんホーム,6230037,京都府綾部市,並松町寺下７－２,,0773-42-1239,0773-42-1239,提供中,2007/12/1,2025/11/30,社会福祉法人綾部福祉会,6230362,京都府綾部市,物部町博労坂26番地,,0773-49-0434
2622700280,グループホーム溝尻,6250041,京都府舞鶴市,溝尻中町２６番４,,0,,提供中,2007/10/21,2025/10/20,医療法人医誠会,5330022,大阪府大阪市東淀川区,菅原６－２－２５,,06-6326-1121
2621200282,グループホームあおば,6110021,京都府宇治市,宇治妙楽１７５番１１,,0774-21-6678,0774-21-4550,提供中,2007/9/26,2025/9/25,社会福祉法人不動園,6110022,京都府宇治市,白川東山１５番地,,0774-23-2000
2620100061,医療法人三幸会グループホーム北山,6060017,京都府京都市左京区,岩倉上蔵町１７７番地,,075-722-7151,075-722-7151,提供中,2007/7/2,2025/7/5,医療法人三幸会,6060017,京都府京都市左京区,岩倉上蔵町１２３番地,,075-721-1551
2620600060,京都マック・にこにこハウス,6068281,京都府京都市左京区,北白川丸山町１－６４,,075-741-7125,075-741-7126,提供中,2007/4/1,2025/3/31,特定非営利活動法人京都マック,6008363,京都府京都市下京区,大宮通丹波口下ル大宮三丁目１８番地,,075-741-7125
2622800015,社会福祉法人　南山城学園　グループホーム長池,6100112,京都府城陽市,長池里開60,,0774-52-1625,0774-52-1625,提供中,2007/4/1,2024/9/30,社会福祉法人　南山城学園,6100111,京都府城陽市,富野狼谷２番地１,,0774-52-0425
2624100034,グループホームわくわく,6078134,京都府京都市山科区,大塚北溝町２番地２,,075-592-6073,075-592-6074,提供中,2007/4/1,2025/3/31,ＮＰＯ法人わくわく,6078134,京都府京都市山科区,大塚北溝町２番地２,,075-592-6073
2620100012,地域の家,6038371,京都府京都市北区,衣笠東御所ノ内町５３の１,,075-467-3445,467-3445,提供中,2006/10/1,2024/9/30,特定非営利活動法人地域の家,6038371,京都府京都市北区,衣笠東御所ノ内町５３番地１,,075-467-3445
2620100038,神座ホーム,6038076,京都府京都市北区,上賀茂山本町６２,,075-724-3391,,提供中,2006/10/1,2024/9/30,社会福祉法人幸の会,6011123,京都府京都市左京区,静市市原町１１３６番地,,075-741-2993
2620100046,ゆいまあるグループホーム,6038002,京都府京都市北区,上賀茂神山７番地９,,075-724-5126,075-724-5126,提供中,2006/10/1,2024/9/30,特定非営利活動法人ゆいまある,6038002,京都府京都市北区,上賀茂神山７番９,,075-724-5126
2620100053,ハートフルトポスべテスダ,6038426,京都府京都市北区,紫竹西北町３３番地４,,075-492-7565,075-492-7565,提供中,2006/10/1,2024/9/30,特定非営利活動法人ハートフルトポス,6038437,京都府京都市北区,大宮開町２１番地,,075-432-8717
2620200010,グループホーム“あっと”,6028111,京都府京都市上京区,西堀川通桝屋町２８番地１棟１３２号,,075-812-5884,075-812-5884,提供中,2006/10/1,2024/9/30,社会福祉法人京都ワークハウス,6028253,京都府京都市上京区,黒門通下長者町上る南小大門町５６３番地,,075-451-3004
2620300018,グループホーム北部支援センター,6038221,京都府京都市北区,紫野上築山町３０－１,,075-441-5555,075-441-5555,提供中,2006/10/1,2024/9/30,社会福祉法人京都総合福祉協会,6060846,京都府京都市左京区,下鴨北野々神町２６番地,北山ふれあいセンター内,075-702-3730
2620300026,グループホーム賀陽,6048811,京都府京都市中京区,壬生賀陽御所町３７番地,,075-813-0508,075-813-0520,提供中,2006/10/1,2024/9/30,社会福祉法人京都光彩の会,6048854,京都府京都市中京区,壬生仙念町３０番地,京都市地域リハビリテーション推進センター１Ｆ,075-813-0501
2620500013,地域生活支援寮とうじ,6018441,京都府京都市南区,西九条南田町４３－４,,075-661-0480,075-661-0480,提供中,2006/10/1,2024/9/30,特定非営利活動法人無門社,6008123,京都府京都市下京区,三ノ宮町通上ノ口下る高宮町２３２番地１,,075-351-4200
2620600011,修光学園グループホーム,6068322,京都府京都市左京区,岡崎入江町４０－１,,075-762-0222,075-762-0255,提供中,2006/10/1,2024/9/30,社会福祉法人修光学園,6068033,京都府京都市左京区,修学院山添町８－２,,075-702-1700
2620600037,いずみの里ケアホーム,6068101,京都府京都市左京区,高野蓼原町４３番１,,075-722-8308,075-7228308,提供中,2006/10/1,2024/9/30,医療法人社団ウエノ診療所,6068205,京都府京都市左京区,田中上柳町２－１,,075-722-6608
2620700043,ハートフルトポスノア,6168102,京都府京都市右京区,太秦森ヶ東町３８番地３３,,075-432-8717,075-732-8718,提供中,2006/10/1,2024/9/30,特定非営利活動法人ハートフルトポス,6038437,京都府京都市北区,大宮開町２１番地,,075-432-8717
2620800017,ホームなづな,6050877,京都府京都市東山区,渋谷通大和大路東入二丁目上新シ町３６７番地,,075-561-3355,075-561-3356,提供中,2006/10/1,2024/9/30,社会福祉法人なづな学園,6050877,京都府京都市東山区,渋谷通大和大路東入二丁目上新シ町３７２番地,,075-561-3355
2620900031,京都ＤＡＲＣ・ネクサス,6120029,京都府京都市伏見区,深草西浦町４丁目６５,,075-645-7105,075-634-7869,提供中,2006/10/1,2024/9/30,特定非営利活動法人京都ＤＡＲＣ,6120029,京都府京都市伏見区,深草西浦町６丁目１－２,サンリッチ西浦１Ｆ,075-645-7105
2620900049,グループホーム　ひがしの,6011433,京都府京都市伏見区,石田大山町６３番地９,,075-571-0030,,提供中,2006/10/1,2024/9/30,医療法人　桜花会,6011433,京都府京都市伏見区,石田大山町７２番地,,075-571-0030
2620900056,グループホームともいき,6128435,京都府京都市伏見区,深草泓ノ壺町２５－３,,075-645-8088,075-645-8089,提供中,2006/10/1,2024/9/30,社会福祉法人フジの会,6128435,京都府京都市伏見区,深草泓ノ壺町３７の１,,075-641-7777
2621200019,なかまの家,6110002,京都府宇治市,木幡南山８０－５３,,0774-33-6160,0774-33-6160,提供中,2006/10/1,2024/9/30,社会福祉法人　宇治東福祉会,6110011,京都府宇治市,五ケ庄二番割5-2,,0774-32-2024
2621200027,栄仁会ぐるーぷほーむぴあ,6110011,京都府宇治市,五ヶ庄三番割３２－８,,0774-31-2500,0774-31-2500,提供中,2006/10/1,2026/9/30,医療法人栄仁会,6110011,京都府宇治市,五ケ庄三番割３２番地１,,0774-32-8111
2621400015,もくもくハウス,6190245,京都府相楽郡精華町,大字下狛小字中垣内６－１,,0774-94-4088,0773-77-5135,提供中,2006/10/1,2024/9/30,特定非営利活動法人プラッツ,6190241,京都府相楽郡精華町,精華台２丁目１０－１７,,0774-93-1969
2621600010,あゆみ荘,6210241,京都府亀岡市,宮前町猪倉城山8-18,,0771-24-2828,0771-24-2828,提供中,2006/10/1,2024/9/30,社会福祉法人亀岡福祉会,6210033,京都府亀岡市,薭田野町佐伯大門30-1,,0771-24-2596
2621600028,ホームたんぽぽ,6210033,京都府亀岡市,薭田野町佐伯大門52-1,,0771-24-2714,0771-24-2714,提供中,2006/10/1,2024/9/30,社会福祉法人亀岡福祉会,6210033,京都府亀岡市,薭田野町佐伯大門30-1,,0771-24-2596
2621600036,マイライフ松花苑ウェスト,6210018,京都府亀岡市,大井町小金岐北浦16,,0771-23-0703,0771-25-4654,提供中,2006/10/1,2024/9/30,社会福祉法人松花苑,6210018,京都府亀岡市,大井町小金岐北浦16,,0771-23-0703
2621600044,マイライフ松花苑イースト,6210803,京都府亀岡市,河原町200番地57,,0771-23-2101,0771-25-4634,提供中,2006/10/1,2024/9/30,社会福祉法人松花苑,6210018,京都府亀岡市,大井町小金岐北浦16,,0771-23-0703
2621600051,グループホームつつじ,6210833,京都府亀岡市,東つつじヶ丘曙台３丁目1-5,,0771-24-2194,,提供中,2006/10/1,2024/9/30,医療法人社団瀬尾医院,6210824,京都府亀岡市,篠町見晴一丁目8番3,,0771-22-0802
2621800016,グループホーム「ゆうゆう荘」,6230362,京都府綾部市,物部町岸田７番地,,0773-49-1182,,提供中,2006/10/1,2024/9/30,（福）綾部福祉会,6230362,京都府綾部市,物部町博労坂２６番地,,0773-49-0434
2622000012,ホームゆめおり,6292312,京都府与謝郡与謝野町,字四辻１００４,,0772-43-0885,0772-44-1889,提供中,2006/10/1,2024/9/30,社会福祉法人よさのうみ福祉会,6292314,京都府与謝郡与謝野町,岩屋600-6,,050-35320601
2622100010,ホームすみれ,6260043,京都府宮津市,字惣３９９,,0772-22-3912,0772-20-4008,提供中,2006/10/1,2024/9/30,社会福祉法人よさのうみ福祉会,6292314,京都府与謝郡与謝野町,岩屋600-6,,050-35320601
2622600019,すまい・る,6201442,京都府福知山市,三和町千束方ヶ谷６６番地６０,,0773-58-2822,0773-58-2830,提供中,2006/10/1,2024/9/30,社会福祉法人福知山学園,6201442,京都府福知山市,三和町千束８３２,,0773-58-3644
2622600027,社会福祉法人みつみ福祉会グループホームきらり,6200878,京都府福知山市,字堀３４５－２０,,0773-23-1245,22-9150,提供中,2006/10/1,2024/9/30,社会福祉法人みつみ福祉会,6694132,兵庫県丹波市,春日町野村６５番地の１,,0795-75-0314
2622600043,グループホーム「福知山」,6200879,京都府福知山市,字荒木７０番地,,0773-22-2288,0773-22-0175,提供中,2006/10/1,2024/9/30,医療法人福知会,6200879,京都府福知山市,字堀小字大岩谷３３７４,,0773-22-2288
2622600050,ＹＯＵ・ゆう,6200846,京都府福知山市,字長田宿９７－１,,0773-27-5757,0773-27-2135,提供中,2006/10/1,2025/6/30,社会福祉法人福知山学園,6201442,京都府福知山市,三和町千束８３２,,0773-58-3644
2622700017,グループホームいぶき,6250021,京都府舞鶴市,字安岡１番２,,0773-66-2015,0773-66-2015,提供中,2006/10/1,2024/9/30,（福）みずなぎ学園,6250014,京都府舞鶴市,鹿原２０９－３,,0773-63-5030
2622700041,グループホームまいづる,6240912,京都府舞鶴市,字上安小字吉口１９２１,,0773-63-8040,0773-63-8050,提供中,2006/10/1,2024/9/30,（福）まいづる福祉会,6250133,京都府舞鶴市,平小字前田４０９－２,,0773-68-0600
2622800031,和みの家,6100113,京都府城陽市,中北石神５番地,,0774-54-2424,0774-54-2428,提供中,2006/10/1,2024/9/30,社会福祉法人　うめの木福祉会,6100116,京都府城陽市,奈島川原口１２番地,,0774-54-2424
2622900013,グループホームエスペリオ,6148365,京都府八幡市,男山金振６－６,,075-983-5763,075-983-5764,提供中,2006/10/1,2024/9/30,社会福祉法人　鳩ヶ峰福祉会,6148062,京都府八幡市,八幡清水井３０－３,,075-983-5763
2622900021,ばくはうす,6148056,京都府八幡市,八幡福禄谷１８６－８,,075-203-5786,075-203-5786,提供中,2006/10/1,2025/7/31,特定非営利活動法人ばくのいえ,6148056,京都府八幡市,八幡福禄谷１８６－８,,075-203-5786
2623000052,特定非営利活動法人乙訓やよい福祉会　グループホームかんな,6170826,京都府長岡京市,開田４丁目２２ー３,,075-956-7701,075-956-7701,提供中,2006/10/1,2025/9/30,特定非営利活動法人　乙訓やよい福祉会,6170837,京都府長岡京市,久貝２丁目２－１１,,075-952-9567
2623300015,共同生活住居「ほてい荘」,6293102,京都府京丹後市,網野町下岡854,,0772-72-2289,0772-72-2289,提供中,2006/10/1,2024/9/30,社会福祉法人あみの福祉会,6293101,京都府京丹後市,網野町網野5-7,,0772-79-2525
2623300023,佐濃ホーム,6293566,京都府京丹後市,久美浜町安養寺５８０－３,,0772-84-0622,0772-84-0622,提供中,2006/10/1,2024/9/30,社会福祉法人久美の浜福祉会,6293557,京都府京丹後市,久美浜町竹藤22-1,,0772-84-0759
2623400013,グループホームあけぼの荘,6220066,京都府南丹市,園部町南八田神垣内21,,0771-65-0238,0771-65-0239,提供中,2006/10/1,2024/9/30,社会福祉法人あけぼの学園,6220066,京都府南丹市,園部町南八田ノ田20,,0771-65-0238
2623400021,あしたーる風和里,6290312,京都府南丹市,日吉町上胡麻竹ヶ下11番地1,,0771-74-3366,0771-74-3377,提供中,2006/10/1,2024/9/30,社会福祉法人京丹波福祉会,6220051,京都府南丹市,園部町横田７号7番地,,0771-63-5053
2623400039,グループホームつぼみ,6220016,京都府南丹市,園部町河原町５号1-1,,0771-62-1494,,提供中,2006/10/1,2024/9/30,特定非営利活動法人船井ほのぼのかい,6220011,京都府南丹市,園部町上木崎町入道32,,0771-62-3249
2623400047,グループホームすいせん,6290165,京都府南丹市,八木町木原岼山10-11,,0771-43-0240,0771-43-0241,提供中,2006/10/1,2027/3/31,特定非営利活動法人はぴねすサポートセンター,6290152,京都府南丹市,八木町大藪小溝９番１,,0771-42-2200
2624000010,グループホーム西部支援センター,6158147,京都府京都市西京区,樫原平田町１－１５４,,075-382-3301,075-382-3302,提供中,2006/10/1,2024/9/30,社会福祉法人京都総合福祉協会,6060846,京都府京都市左京区,下鴨北野々神町２６番地,北山ふれあいセンター内,075-702-3730
2624100026,わかばグループホーム,6078068,京都府京都市山科区,音羽稲芝２１－１,,075-502-2822,075-502-2822,提供中,2006/10/1,2024/9/30,特定非営利活動法人　陽だまりクラブ共同作業所,6078153,京都府京都市山科区,東野百拍子町２５－６,,075-502-2822