申請者名称,代表事業所名称,事業所名称,事業所市町村名,事業所所在地,共同生活住居名称,指定状態,事業所番号,枝番／連番,異動年月日,異動区分,指定年月日,事業開始年月日,事業廃止年月日,事業再開年月日,施設等の区分,人員配置区分
株式会社ＥＧＡＯ,むすび,むすび,仙台市太白区,宮城県仙台市太白区四郎丸字渡道31番地の１,むすび,提供中,0425401890,1,2021/3/1,新規,2021/3/1,2021/3/1,,,1:介護サービス包括型,1:Ⅰ型
特定非営利活動法人　みやぎ身体障害者サポートクラブ,グループホームころんぶす鶴まち苑,グループホームころんぶす鶴まち苑,栗原市,宮城県栗原市一迫真坂字鶴町285番1,グループホームころんぶす鶴まち苑,提供中,0421300526,1,2021/2/1,新規,2021/2/1,2021/2/1,,,1:介護サービス包括型,2:Ⅱ型
株式会社スズヨシ,障害者グループホーム「はぐくみ」,障害者グループホーム「はぐくみ」,仙台市宮城野区,宮城県仙台市宮城野区五輪一丁目８番27号,障害者グループホーム「はぐくみ」,提供中,0425201407,1,2021/1/1,新規,2021/1/1,2021/1/1,,,1:介護サービス包括型,1:Ⅰ型
株式会社ＡＳＮＯＷＡ,グループホームひよこの家,グループホームひよこの家,名取市,宮城県名取市植松4丁目7番11号,グループホームひよこの家,提供中,0420700551,1,2020/12/1,新規,2020/12/1,2020/12/1,,,1:介護サービス包括型,1:Ⅰ型
合同会社もも佳,グループホーム生薬の郷,グループホーム生薬の郷,名取市,宮城県名取市植松３丁目５番２４号,グループホーム生薬の郷,提供中,0420700569,1,2020/12/1,新規,2020/12/1,2020/12/1,,,1:介護サービス包括型,1:Ⅰ型
Ｇｒｅｅｎ-Ｒｏｏｍ株式会社,ぐりーんるーむ小田原,ぐりーんるーむ小田原,仙台市青葉区,宮城県仙台市青葉区小田原七丁目７番34号,ぐりーんるーむ小田原,提供中,0425102571,1,2020/12/1,新規,2020/12/1,2020/12/1,,,3:日中サービス支援型,11:日中支援Ⅰ型
株式会社Ｓｕｎｎｙ　Ｏｃｅａｎ,大地,大地,塩竈市,宮城県塩竈市清水沢2丁目19-11-1,大地,提供中,0420300154,1,2020/11/1,新規,2020/11/1,2020/11/1,,,2:外部サービス利用型,1:Ⅰ型
特定非営利活動法人アンソレイユ,グループホーム陽だまりの丘,グループホーム陽だまりの丘,名取市,宮城県名取市大手町５丁目６番地の１,グループホーム陽だまりの丘「大手町」,提供中,0420700544,1,2021/2/1,変更,2020/11/1,2020/11/1,,,1:介護サービス包括型,1:Ⅰ型
株式会社チャレンジプラットフォーム,サニースポット北仙台,サニースポット北仙台,仙台市青葉区,宮城県仙台市青葉区北山一丁目10番22号,サニースポット北仙台　3F,提供中,0425102563,1,2020/10/1,新規,2020/10/1,2020/10/1,,,1:介護サービス包括型,3:Ⅲ型
株式会社チャレンジプラットフォーム,サニースポット北仙台,サニースポット北仙台,仙台市青葉区,宮城県仙台市青葉区北山一丁目10番22号,サニースポット北仙台　2F,提供中,0425102563,2,2020/10/1,新規,2020/10/1,2020/10/1,,,1:介護サービス包括型,3:Ⅲ型
一般社団法人Heart　to　Heart,Heart　Home,Heart　Home,仙台市宮城野区,宮城県仙台市宮城野区岩切字水分64番47号,Heart　Home,提供中,0425201399,1,2020/8/1,変更,2020/6/1,2020/6/1,,,1:介護サービス包括型,1:Ⅰ型
一般社団法人Heart　to　Heart,Heart　Home,Heart　Home,仙台市宮城野区,宮城県仙台市宮城野区岩切字水分64番47号,Heart　Home岩切B,提供中,0425201399,2,2020/8/1,新規,2020/6/1,2020/8/1,,,1:介護サービス包括型,1:Ⅰ型
サンライズ株式会社,わおん泉ビレジ,わおん泉ビレジ,仙台市泉区,宮城県仙台市泉区館二丁目21番地の４,わおん泉ビレジ,提供中,0425501491,1,2020/7/1,変更,2020/6/1,2020/6/1,,,1:介護サービス包括型,1:Ⅰ型
サンライズ株式会社,わおん泉ビレジ,わおん泉ビレジ,仙台市泉区,宮城県仙台市泉区館二丁目21番地の４,わおん北中山,提供中,0425501491,2,2020/7/1,新規,2020/6/1,2020/7/1,,,1:介護サービス包括型,1:Ⅰ型
株式会社Ｋａｕｒｉ　Ｆｏｒｅｓｔ,障害福祉グループ仙台,障害福祉グループ仙台,仙台市太白区,宮城県仙台市太白区八木山弥生町20番19号,みんなのおうち八木山,提供中,0425102548,1,2021/1/1,変更,2020/5/1,2020/5/1,,,1:介護サービス包括型,1:Ⅰ型
株式会社Ｋａｕｒｉ　Ｆｏｒｅｓｔ,障害福祉グループ仙台,障害福祉グループ仙台,仙台市太白区,宮城県仙台市太白区八木山弥生町20番19号,みんなのおうち向山,提供中,0425102548,2,2021/1/1,変更,2020/5/1,2020/5/1,,,1:介護サービス包括型,1:Ⅰ型
一般社団法人ウェルネスラボ悠,ウェルネスラボ「滝道」,ウェルネスラボ「滝道」,仙台市青葉区,宮城県仙台市青葉区滝道１番18号,ウェルネスラボ「滝道」,提供中,0425102555,1,2021/2/15,変更,2020/5/1,2020/5/1,,,2:外部サービス利用型,1:Ⅰ型
スタンディ株式会社,Ribbon仙台,Ribbon仙台,仙台市若林区,宮城県仙台市若林区連坊二丁目６番11号,Ribbon仙台,提供中,0425301199,1,2021/2/1,変更,2020/5/1,2020/5/1,,,1:介護サービス包括型,1:Ⅰ型
株式会社ohana,おはな　母子沢,おはな　母子沢,塩竈市,宮城県塩竈市母子沢町１５番１３号,おはな　母子沢,提供中,0420300147,1,2020/4/1,新規,2020/4/1,2020/4/1,,,1:介護サービス包括型,1:Ⅰ型
合同会社おれんじの羽,まどか,まどか,富谷市,宮城県富谷市ひより台一丁目８－８,まどか,提供中,0421600016,1,2020/10/1,変更,2020/4/1,2020/4/1,,,1:介護サービス包括型,1:Ⅰ型
社会福祉東北株式会社,障害者グループホームＰＬＵＳ＋ＯＮＥ,障害者グループホームＰＬＵＳ＋ＯＮＥ,仙台市青葉区,宮城県仙台市青葉区栗生三丁目９番地の20栗生コーポＣ棟102,障害者グループホームＰＬＵＳ＋ＯＮＥ,提供中,0425102530,1,2020/12/1,変更,2020/4/1,2020/4/1,,,1:介護サービス包括型,1:Ⅰ型
社会福祉東北株式会社,障害者グループホームＰＬＵＳ＋ＯＮＥ,障害者グループホームＰＬＵＳ＋ＯＮＥ,仙台市青葉区,宮城県仙台市青葉区栗生三丁目９番地の20栗生コーポＣ棟102,障害者グループホームＰＬＵＳ＋ＯＮＥ　２,提供中,0425102530,2,2020/12/1,変更,2020/4/1,2020/5/1,,,1:介護サービス包括型,1:Ⅰ型
社会福祉東北株式会社,障害者グループホームＰＬＵＳ＋ＯＮＥ,障害者グループホームＰＬＵＳ＋ＯＮＥ,仙台市青葉区,宮城県仙台市青葉区栗生三丁目９番地の20栗生コーポＣ棟102,障害者グループホームＰＬＵＳ＋ＯＮＥ　３,提供中,0425102530,3,2020/12/1,変更,2020/4/1,2020/10/1,,,1:介護サービス包括型,1:Ⅰ型
社会福祉東北株式会社,障害者グループホームＰＬＵＳ＋ＯＮＥ,障害者グループホームＰＬＵＳ＋ＯＮＥ,仙台市青葉区,宮城県仙台市青葉区栗生三丁目９番地の20栗生コーポＣ棟102,障害者グループホームＰＬＵＳ＋ＯＮＥ　４,提供中,0425102530,4,2020/12/1,変更,2020/4/1,2020/11/1,,,1:介護サービス包括型,1:Ⅰ型
合同会社ハートランド,ハートランド,ハートランド,仙台市太白区,宮城県仙台市太白区富沢二丁目８番32号,ハートランド富沢Ⅰ,提供中,0425401882,1,2021/1/4,変更,2020/4/1,2020/4/1,,,1:介護サービス包括型,1:Ⅰ型
合同会社ハートランド,ハートランド,ハートランド,仙台市太白区,宮城県仙台市太白区富沢二丁目８番32号,ハートランド長町南,提供中,0425401882,2,2021/1/4,変更,2020/4/1,2020/10/1,,,1:介護サービス包括型,1:Ⅰ型
株式会社アグリパートナーズ,ネクサスホーム,ネクサスホーム,仙台市泉区,宮城県仙台市泉区将監二丁目３番６号FLORENCE 102,ネクサスホーム将監,提供中,0425501467,1,2021/2/1,変更,2020/4/1,2020/4/1,,,1:介護サービス包括型,1:Ⅰ型
株式会社アグリパートナーズ,ネクサスホーム,ネクサスホーム,仙台市泉区,宮城県仙台市泉区将監二丁目３番６号FLORENCE 102,ネクサスホーム中山,提供中,0425501467,2,2021/2/1,変更,2020/4/1,2020/7/1,,,1:介護サービス包括型,1:Ⅰ型
株式会社悠優,グループホーム　ゆうゆう　泉ケ丘,グループホーム　ゆうゆう　泉ケ丘,仙台市泉区,宮城県仙台市泉区泉ケ丘五丁目３番36号,グループホーム　ゆうゆう　泉ケ丘,提供中,0425501475,1,2020/4/1,新規,2020/4/1,2020/4/1,,,2:外部サービス利用型,1:Ⅰ型
合同会社Ｂ－ダッシュ,共同生活援助グループホーム　ノコノコ,共同生活援助グループホーム　ノコノコ,仙台市泉区,宮城県仙台市泉区南光台二丁目17番19号,ノコノコ南光台２丁目,提供中,0425501483,1,2020/7/1,変更,2020/4/1,2020/4/1,,,1:介護サービス包括型,1:Ⅰ型
合同会社Ｂ－ダッシュ,共同生活援助グループホーム　ノコノコ,共同生活援助グループホーム　ノコノコ,仙台市泉区,宮城県仙台市泉区南光台二丁目17番19号,ノコノコ南光台3丁目,提供中,0425501483,2,2020/7/1,変更,2020/4/1,2020/4/1,,,1:介護サービス包括型,1:Ⅰ型
合同会社大進,大ちゃんハウス,大ちゃんハウス,仙台市太白区,宮城県仙台市太白区青山二丁目32番12号せんすい館Ａ107号,大ちゃんハウス,提供中,0425401874,1,2020/7/1,変更,2020/2/1,2020/2/1,,,1:介護サービス包括型,1:Ⅰ型
合同会社大進,大ちゃんハウス,大ちゃんハウス,仙台市太白区,宮城県仙台市太白区青山二丁目32番12号せんすい館Ａ107号,進ちゃんハウス,提供中,0425401874,2,2021/3/1,変更,2020/2/1,2020/6/1,,,1:介護サービス包括型,1:Ⅰ型
社会福祉法人チャレンジドらいふ,グループホームぼーのぼーの,グループホームぼーのぼーの,大崎市,宮城県大崎市鹿島台船越字沖鍋田80番地,グループホームぼーのぼーの,提供中,0421500786,1,2020/4/1,変更,2020/1/1,2020/1/1,,,1:介護サービス包括型,1:Ⅰ型
有限会社太陽,ボヌールメゾン福浦,ボヌールメゾン福浦,大崎市,宮城県大崎市古川福浦字道ノ上９４番地１,ボヌールメゾン福浦Ⅱ,提供中,0421500778,1,2019/12/1,新規,2019/12/1,2019/12/1,,,1:介護サービス包括型,1:Ⅰ型
有限会社太陽,ボヌールメゾン福浦,ボヌールメゾン福浦,大崎市,宮城県大崎市古川福浦字道ノ上９４番地１,ボヌールメゾン福浦Ⅰ,提供中,0421500778,2,2020/7/1,新規,2019/12/1,2020/7/1,,,1:介護サービス包括型,1:Ⅰ型
株式会社Ｍ＆Ｋ,ＬＩＦＥ,ＬＩＦＥ,仙台市青葉区,宮城県仙台市青葉区国分町三丁目１番３号残間・米屋ビル３階,ＬＩＦＥ,提供中,0425102506,1,2020/10/8,変更,2019/12/1,2019/12/1,,,1:介護サービス包括型,1:Ⅰ型
株式会社ＮＥＸＵＳ,フィオーレ仙台,フィオーレ仙台,仙台市青葉区,宮城県仙台市青葉区川平一丁目８番６号ガーデンイン桜ケ丘Ａ棟101号室,フィオーレ桜ケ丘Ａ棟,提供中,0425102514,1,2020/6/1,変更,2019/12/1,2019/12/1,,,1:介護サービス包括型,1:Ⅰ型
株式会社ＮＥＸＵＳ,フィオーレ仙台,フィオーレ仙台,仙台市青葉区,宮城県仙台市青葉区川平一丁目８番６号ガーデンイン桜ケ丘Ａ棟101号室,フィオーレ桜ケ丘Ｂ棟,提供中,0425102514,2,2021/3/1,変更,2019/12/1,2019/12/1,,,1:介護サービス包括型,1:Ⅰ型
株式会社ＮＥＸＵＳ,フィオーレ仙台,フィオーレ仙台,仙台市青葉区,宮城県仙台市青葉区川平一丁目８番６号ガーデンイン桜ケ丘Ａ棟101号室,フィオーレ歩坂,提供中,0425102514,3,2021/2/1,変更,2019/12/1,2020/4/1,,,1:介護サービス包括型,1:Ⅰ型
株式会社ＮＥＸＵＳ,フィオーレ仙台,フィオーレ仙台,仙台市青葉区,宮城県仙台市青葉区川平一丁目８番６号ガーデンイン桜ケ丘Ａ棟101号室,フィオーレ緑ケ丘,提供中,0425102514,4,2020/11/1,変更,2019/12/1,2020/8/1,,,1:介護サービス包括型,1:Ⅰ型
株式会社ＥＧＡＯ,グループホーム未来,グループホーム未来,仙台市泉区,宮城県仙台市泉区長命ケ丘三丁目26番地の45,グループホーム未来・長命ケ丘,提供中,0425501459,1,2021/2/1,変更,2019/12/1,2019/12/1,,,1:介護サービス包括型,1:Ⅰ型
株式会社ＥＧＡＯ,グループホーム未来,グループホーム未来,仙台市泉区,宮城県仙台市泉区長命ケ丘三丁目26番地の45,グループホーム未来・南光台,提供中,0425501459,2,2020/12/1,変更,2019/12/1,2019/12/1,,,1:介護サービス包括型,1:Ⅰ型
株式会社ＥＧＡＯ,グループホーム未来,グループホーム未来,仙台市泉区,宮城県仙台市泉区長命ケ丘三丁目26番地の45,グループホーム未来・枡江,提供中,0425501459,3,2020/8/1,変更,2019/12/1,2019/12/1,,,1:介護サービス包括型,1:Ⅰ型
株式会社ＥＧＡＯ,グループホーム未来,グループホーム未来,仙台市泉区,宮城県仙台市泉区長命ケ丘三丁目26番地の45,グループホーム未来・上杉,提供中,0425501459,4,2020/9/1,新規,2019/12/1,2020/9/1,,,1:介護サービス包括型,1:Ⅰ型
合同会社４colors,4colors,4colors,仙台市太白区,宮城県仙台市太白区大塒町11番95号,ひらりの家　大塒町,提供中,0425401858,1,2020/12/1,変更,2019/11/1,2019/11/1,,,1:介護サービス包括型,1:Ⅰ型
合同会社４colors,4colors,4colors,仙台市太白区,宮城県仙台市太白区大塒町11番95号,ひらりの家　羽黒台,提供中,0425401858,2,2021/1/1,変更,2019/11/1,2019/12/1,,,1:介護サービス包括型,1:Ⅰ型
合同会社４colors,4colors,4colors,仙台市太白区,宮城県仙台市太白区大塒町11番95号,ひらりの家　緑ヶ丘,提供中,0425401858,3,2021/2/1,変更,2019/11/1,2020/5/1,,,1:介護サービス包括型,1:Ⅰ型
有限会社アリエス・ケア,シェ・ヌー,シェ・ヌー,仙台市太白区,宮城県仙台市太白区西多賀三丁目７番８号,シェ・ヌー,提供中,0425401866,1,2020/5/1,変更,2019/11/1,2019/11/1,,,1:介護サービス包括型,1:Ⅰ型
特定非営利活動法人桑の木,カーサくわのき,カーサくわのき,仙台市若林区,宮城県仙台市若林区連坊二丁目５番26号,カーサくわのき,提供中,0425301181,1,2020/5/1,変更,2019/10/1,2019/10/1,,,1:介護サービス包括型,1:Ⅰ型
株式会社ウエルシスパートナーズ,生活介護　あすもね,共同生活援助　あすもね,名取市,宮城県名取市美田園五丁目４－４,共同生活援助　あすもね,提供中,0420700536,1,2020/5/1,変更,2019/8/1,2019/8/1,,,1:介護サービス包括型,3:Ⅲ型
株式会社絆寿,イグルー志波町,イグルー志波町,仙台市若林区,宮城県仙台市若林区志波町18番13号,イグルー志波町,提供中,0425301173,1,2020/9/1,変更,2019/8/1,2019/8/1,,,1:介護サービス包括型,1:Ⅰ型
株式会社絆寿,イグルー志波町,イグルー志波町,仙台市若林区,宮城県仙台市若林区志波町18番13号,イグルー中倉,提供中,0425301173,2,2020/10/1,変更,2019/8/1,2019/8/1,,,1:介護サービス包括型,1:Ⅰ型
株式会社絆寿,イグルー志波町,イグルー志波町,仙台市若林区,宮城県仙台市若林区志波町18番13号,イグルー保春院,提供中,0425301173,3,2020/12/1,変更,2019/8/1,2019/10/1,,,1:介護サービス包括型,1:Ⅰ型
愛さんさん宅食株式会社,愛さんさんグループホーム,愛さんさんグループホーム,石巻市,宮城県石巻市大街道南４－６－２０,I sun コパン,提供中,0420210486,1,2020/11/1,変更,2019/7/1,2019/7/1,,,1:介護サービス包括型,1:Ⅰ型
愛さんさん宅食株式会社,愛さんさんグループホーム,愛さんさんグループホーム,石巻市,宮城県石巻市大街道南４－６－２０,I sun　シップス,提供中,0420210486,2,2020/11/1,仮登録,2019/7/1,2020/11/1,,,,
一般社団法人恵愛,グループホーム　恵愛,グループホーム　恵愛,仙台市青葉区,宮城県仙台市青葉区錦町1丁目10-10メゾン仙台411,グループホーム恵愛　二号館,提供中,0425102498,1,2020/9/1,変更,2019/6/1,2019/6/1,,,1:介護サービス包括型,1:Ⅰ型
一般社団法人恵愛,グループホーム　恵愛,グループホーム　恵愛,仙台市青葉区,宮城県仙台市青葉区錦町1丁目10-10メゾン仙台411,グループホーム恵愛　三号館,提供中,0425102498,3,2020/9/1,変更,2019/6/1,2019/11/1,,,1:介護サービス包括型,1:Ⅰ型
一般社団法人恵愛,グループホーム　恵愛,グループホーム　恵愛,仙台市青葉区,宮城県仙台市青葉区錦町1丁目10-10メゾン仙台411,グループホーム恵愛四号館,提供中,0425102498,4,2020/9/1,変更,2019/6/1,2020/3/1,,,1:介護サービス包括型,1:Ⅰ型
株式会社リツワ,グループホーム　チャレンジド岩ケ崎,グループホーム　チャレンジド岩ケ崎,栗原市,宮城県栗原市栗駒岩ケ崎神南50番地,グループホーム　チャレンジド岩ケ崎Ａ棟,提供中,0421300518,1,2020/4/1,変更,2019/5/1,2019/5/1,,,1:介護サービス包括型,1:Ⅰ型
株式会社リツワ,グループホーム　チャレンジド岩ケ崎,グループホーム　チャレンジド岩ケ崎,栗原市,宮城県栗原市栗駒岩ケ崎神南50番地,グループホーム　チャレンジド岩ケ崎Ｂ棟,提供中,0421300518,2,2020/4/1,変更,2019/5/1,2019/5/1,,,1:介護サービス包括型,1:Ⅰ型
社会福祉法人仙台はげみの会,Tagomaruハウス,Tagomaruハウス,仙台市宮城野区,宮城県仙台市宮城野区田子西一丁目12番地の３,Tagomaruハウス１,提供中,0425201381,1,2020/8/1,変更,2019/5/1,2019/5/1,,,3:日中サービス支援型,11:日中支援Ⅰ型
社会福祉法人仙台はげみの会,Tagomaruハウス,Tagomaruハウス,仙台市宮城野区,宮城県仙台市宮城野区田子西一丁目12番地の３,Tagomaruハウス２,提供中,0425201381,2,2020/4/1,変更,2019/5/1,2019/5/1,,,3:日中サービス支援型,11:日中支援Ⅰ型
特定非営利活動法人ばざーる太白社会事業センター,六星庵,六星庵,仙台市太白区,宮城県仙台市太白区八木山南一丁目５番地の15,六星庵,提供中,0425401825,1,2021/1/1,変更,2019/5/1,2019/5/1,,,1:介護サービス包括型,1:Ⅰ型
特定非営利活動法人ばざーる太白社会事業センター,六星庵,六星庵,仙台市太白区,宮城県仙台市太白区八木山南一丁目５番地の15,第2六星庵,提供中,0425401825,2,2020/10/1,変更,2019/5/1,2019/5/1,,,1:介護サービス包括型,1:Ⅰ型
合同会社ヒューマンサポート,グループホームすず,グループホームすず,多賀城市,宮城県多賀城市八幡二丁目５－１９,グループホーム虹色,提供中,0420917056,1,2020/4/1,変更,2019/4/1,2019/4/1,,,1:介護サービス包括型,1:Ⅰ型
合同会社ヒューマンサポート,グループホームすず,グループホームすず,多賀城市,宮城県多賀城市八幡二丁目５－１９,グループホーム　キャンバス,提供中,0420917056,2,2020/4/1,変更,2019/4/1,2019/9/1,,,1:介護サービス包括型,1:Ⅰ型
社会福祉法人みんなの輪,グループホームイチゴ,グループホームイチゴ,遠田郡美里町,宮城県遠田郡美里町青生字中ノ橋173,グルーホームイチゴ,提供中,0423100254,1,2019/11/1,変更,2019/4/1,2019/4/1,,,1:介護サービス包括型,1:Ⅰ型
いきるよろこび合同会社,よろこび舎,よろこび舎,仙台市青葉区,宮城県仙台市青葉区国見三丁目９番５号ハイツクレメント103,よろこび舎初号館,提供中,0425102423,1,2020/12/1,変更,2019/4/1,2019/4/1,,,1:介護サービス包括型,1:Ⅰ型
特定非営利活動法人ぴあいんく,とおん,とおん,仙台市青葉区,宮城県仙台市青葉区小松島二丁目26番１号,とおん,提供中,0425102407,1,2020/4/1,変更,2019/2/1,2019/2/1,,,1:介護サービス包括型,1:Ⅰ型
有限会社穂乃香,ヌーヴェルメゾンなかぞね,ヌーヴェルメゾンなかぞね,遠田郡美里町,宮城県遠田郡美里町中埣字上戸35番3,ヌーヴェルメゾンなかぞね,提供中,0423100221,1,2019/10/1,変更,2018/9/12,2018/9/12,,,1:介護サービス包括型,1:Ⅰ型
有限会社穂乃香,ヌーヴェルメゾンなかぞね,ヌーヴェルメゾンなかぞね,遠田郡美里町,宮城県遠田郡美里町中埣字上戸35番3,ヌーヴェルメゾンなかぞね二番館,提供中,0423100221,2,2019/10/1,変更,2018/9/12,2019/8/1,,,1:介護サービス包括型,1:Ⅰ型
有限会社穂乃香,ヌーヴェルメゾンなかぞね,ヌーヴェルメゾンなかぞね,遠田郡美里町,宮城県遠田郡美里町中埣字上戸35番3,ヌーヴェルメゾンなかぞね三番館,提供中,0423100221,3,2020/7/1,新規,2018/9/12,2020/7/1,,,1:介護サービス包括型,1:Ⅰ型
特定非営利活動法人ライフバウンド,ライトハウス,ライトハウス,仙台市太白区,宮城県仙台市太白区柳生六丁目３番地の９　ロイヤルヴィレッジ松木Ｂ101,ライトハウス柳生Ｂ,提供中,0425401742,1,2020/4/1,変更,2018/9/1,2018/9/1,,,1:介護サービス包括型,1:Ⅰ型
特定非営利活動法人ライフバウンド,ライトハウス,ライトハウス,仙台市太白区,宮城県仙台市太白区柳生六丁目３番地の９　ロイヤルヴィレッジ松木Ｂ101,ライトハウス柳生Ｃ,提供中,0425401742,2,2020/4/1,変更,2018/9/1,2018/9/1,,,1:介護サービス包括型,1:Ⅰ型
特定非営利活動法人フルハウス,ソレイユホーム,ソレイユホーム,仙台市太白区,宮城県仙台市太白区袋原字堰場23番地の11,ソレイユホーム,提供中,0425401767,1,2020/4/1,変更,2018/9/1,2018/9/1,,,1:介護サービス包括型,1:Ⅰ型
特定非営利活動法人フルハウス,ソレイユホーム,ソレイユホーム,仙台市太白区,宮城県仙台市太白区袋原字堰場23番地の11,ソレイユホーム２,提供中,0425401767,2,2020/12/1,新規,2018/9/1,2020/12/1,,,1:介護サービス包括型,1:Ⅰ型
特定非営利活動法人コスモスクラブ,グループホームメロディ,グループホームメロディ,仙台市泉区,宮城県仙台市泉区南光台東三丁目７番４号,グループホームメロディひこぼし棟,提供中,0425501442,1,2020/4/1,変更,2018/7/1,2018/7/1,,,1:介護サービス包括型,1:Ⅰ型
特定非営利活動法人コスモスクラブ,グループホームメロディ,グループホームメロディ,仙台市泉区,宮城県仙台市泉区南光台東三丁目７番４号,グループホームメロディおりひめ棟,提供中,0425501442,2,2020/4/1,変更,2018/7/1,2018/7/1,,,1:介護サービス包括型,1:Ⅰ型
特定非営利活動法人アンソレイユ,グループホーム陽だまりの丘,グループホーム陽だまりの丘,仙台市泉区,宮城県仙台市泉区南光台二丁目14番56号南光台フラッツ206,グループホーム陽だまりの丘「松ヶ丘」,提供中,0425501392,1,2020/4/1,変更,2018/3/1,2018/3/1,,,1:介護サービス包括型,1:Ⅰ型
特定非営利活動法人アンソレイユ,グループホーム陽だまりの丘,グループホーム陽だまりの丘,仙台市泉区,宮城県仙台市泉区南光台二丁目14番56号南光台フラッツ206,グループホーム陽だまりの丘「南光台」,提供中,0425501392,3,2020/4/1,変更,2018/3/1,2018/3/1,,,1:介護サービス包括型,1:Ⅰ型
特定非営利活動法人アンソレイユ,グループホーム陽だまりの丘,グループホーム陽だまりの丘,仙台市泉区,宮城県仙台市泉区南光台二丁目14番56号南光台フラッツ206,グループホーム陽だまりの丘「鶴ケ谷」,提供中,0425501392,4,2020/6/1,新規,2018/3/1,2020/6/1,,,1:介護サービス包括型,1:Ⅰ型
特定非営利活動法人ふれあい,特定非営利活動法人ふれあい　とみやホーム,特定非営利活動法人ふれあい　とみやホーム,黒川郡大和町,宮城県黒川郡大和町もみじケ丘１丁目２５－６ハイツファインロード,とみやホーム,提供中,0422700708,1,2020/4/1,変更,2017/12/1,2017/12/1,,,1:介護サービス包括型,1:Ⅰ型
特定非営利活動法人ふれあい,特定非営利活動法人ふれあい　とみやホーム,特定非営利活動法人ふれあい　とみやホーム,黒川郡大和町,宮城県黒川郡大和町もみじケ丘１丁目２５－６ハイツファインロード,とまとホーム,提供中,0422700708,3,2020/4/1,変更,2017/12/1,2017/12/1,,,1:介護サービス包括型,1:Ⅰ型
特定非営利活動法人ふれあい,特定非営利活動法人ふれあい　とみやホーム,特定非営利活動法人ふれあい　とみやホーム,黒川郡大和町,宮城県黒川郡大和町もみじケ丘１丁目２５－６ハイツファインロード,さくらホーム,提供中,0422700708,4,2020/4/1,変更,2017/12/1,2017/12/1,,,1:介護サービス包括型,1:Ⅰ型
特定非営利活動法人ふれあい,特定非営利活動法人ふれあい　とみやホーム,特定非営利活動法人ふれあい　とみやホーム,黒川郡大和町,宮城県黒川郡大和町もみじケ丘１丁目２５－６ハイツファインロード,さつきホーム,提供中,0422700708,5,2020/4/1,変更,2017/12/1,2017/12/1,,,1:介護サービス包括型,1:Ⅰ型
医療法人有恒会,グループホームこだま,グループホームこだま,石巻市,宮城県石巻市大街道東一丁目10番60号,グループホームこだまＡ,提供中,0420210395,1,2018/6/1,変更,2017/11/1,2017/11/1,,,1:介護サービス包括型,3:Ⅲ型
医療法人有恒会,グループホームこだま,グループホームこだま,石巻市,宮城県石巻市大街道東一丁目10番60号,グループホームこだまＢ,提供中,0420210395,2,2018/6/1,変更,2017/11/1,2017/11/1,,,1:介護サービス包括型,3:Ⅲ型
社会福祉法人豊明会,グループホームのぞみ,グループホームのぞみ,栗原市,宮城県栗原市金成金生１１－４,グループホームのぞみ,提供中,0421300476,1,2020/8/1,変更,2017/10/1,2017/10/1,,,1:介護サービス包括型,1:Ⅰ型
株式会社　フィリア,オリーブ,オリーブ,仙台市青葉区,宮城県仙台市青葉区桜ケ丘三丁目13番22号エクセルシャトー桜ヶ丘201,オリーブ桜ヶ丘,提供中,0425102126,1,2020/4/1,変更,2017/9/1,2017/9/1,,,2:外部サービス利用型,1:Ⅰ型
株式会社　フィリア,オリーブ,オリーブ,仙台市青葉区,宮城県仙台市青葉区桜ケ丘三丁目13番22号エクセルシャトー桜ヶ丘201,オリーブ川平,提供中,0425102126,2,2020/4/1,変更,2017/9/1,2018/7/1,,,2:外部サービス利用型,1:Ⅰ型
株式会社フューチャーリンク,ハピネスホーム,ハピネスホーム,仙台市青葉区,宮城県仙台市青葉区川平四丁目２番８号,ハピネスホームみっきー,提供中,0425102100,1,2020/4/1,変更,2017/8/1,2017/8/1,,,1:介護サービス包括型,1:Ⅰ型
株式会社フューチャーリンク,ハピネスホーム,ハピネスホーム,仙台市青葉区,宮城県仙台市青葉区川平四丁目２番８号,ハピネスホームみにー,提供中,0425102100,2,2020/4/1,変更,2017/8/1,2017/8/1,,,1:介護サービス包括型,1:Ⅰ型
株式会社フューチャーリンク,ハピネスホーム,ハピネスホーム,仙台市青葉区,宮城県仙台市青葉区川平四丁目２番８号,ハピネスホームぷーさん,提供中,0425102100,3,2020/4/1,変更,2017/8/1,2018/10/11,,,1:介護サービス包括型,1:Ⅰ型
シエル合同会社,グランシエル,グランシエル,仙台市若林区,宮城県仙台市若林区今泉二丁目19番50号エルシャンテ202,グランシエル,提供中,0425301025,1,2020/4/1,変更,2017/8/1,2017/8/1,,,1:介護サービス包括型,1:Ⅰ型
シエル合同会社,グランシエル,グランシエル,仙台市若林区,宮城県仙台市若林区今泉二丁目19番50号エルシャンテ202,グランシエルⅢ,提供中,0425301025,3,2020/4/1,変更,2017/8/1,2018/1/16,,,1:介護サービス包括型,1:Ⅰ型
シエル合同会社,グランシエル,グランシエル,仙台市若林区,宮城県仙台市若林区今泉二丁目19番50号エルシャンテ202,グランシエル黒松,提供中,0425301025,4,2021/2/1,変更,2017/8/1,2020/2/1,,,1:介護サービス包括型,1:Ⅰ型
社会福祉法人ぽっけコミュニティネットワーク,ポッケホーム颯,ポッケホーム颯,仙台市太白区,宮城県仙台市太白区山田字清太原39番地の５,ポッケホーム颯,提供中,0425401619,1,2020/4/1,変更,2017/8/1,2017/8/1,,,1:介護サービス包括型,1:Ⅰ型
社会福祉法人ぽっけコミュニティネットワーク,ポッケホーム颯,ポッケホーム颯,仙台市太白区,宮城県仙台市太白区山田字清太原39番地の５,ポッケホーム櫻,提供中,0425401619,2,2020/4/1,変更,2017/8/1,2017/8/1,,,1:介護サービス包括型,1:Ⅰ型
合同会社あっとほーむ,あゆの風,あゆの風,仙台市太白区,宮城県仙台市太白区八木山松波町16番15号,あゆの風,提供中,0425401593,1,2020/4/1,変更,2017/6/1,2017/6/1,,,1:介護サービス包括型,1:Ⅰ型
合同会社あっとほーむ,あゆの風,あゆの風,仙台市太白区,宮城県仙台市太白区八木山松波町16番15号,あゆの風２,提供中,0425401593,2,2020/4/1,変更,2017/6/1,2017/8/1,,,1:介護サービス包括型,1:Ⅰ型
合同会社あっとほーむ,あゆの風,あゆの風,仙台市太白区,宮城県仙台市太白区八木山松波町16番15号,あゆの風３,提供中,0425401593,3,2020/7/1,変更,2017/6/1,2018/4/1,,,1:介護サービス包括型,1:Ⅰ型
有限会社みんなの家,みんなの家なごみ,みんなの家なごみ,登米市,宮城県登米市中田町宝江新井田字新姥沼１９１番地,みんなの家なごみ,提供中,0421200593,1,2020/3/1,変更,2017/5/1,2017/5/1,,,1:介護サービス包括型,1:Ⅰ型
公益社団法人青年海外協力協会,たんぽぽ,たんぽぽ,岩沼市,宮城県岩沼市平等3-6-1,たんぽぽ,提供中,0421100306,1,2019/12/1,変更,2017/4/1,2017/4/1,,,1:介護サービス包括型,1:Ⅰ型
公益社団法人青年海外協力協会,たんぽぽ,たんぽぽ,岩沼市,宮城県岩沼市平等3-6-1,いーぐる,提供中,0421100306,2,2020/5/1,変更,2017/4/1,2019/12/1,,,1:介護サービス包括型,1:Ⅰ型
認定ＮＰＯ法人さわおとの森,ぼくらの家,ぼくらの家,宮城郡利府町,宮城県宮城郡利府町利府字八幡崎63-1,ぼくらの家,提供中,0422630087,1,2019/11/1,変更,2017/4/1,2017/4/1,,,1:介護サービス包括型,1:Ⅰ型
合同会社さぽーと敬,グループホームとりのこえ,グループホームとりのこえ,仙台市泉区,宮城県仙台市泉区上谷刈字羽黒山７番地の２,グループホームとりのこえ,提供中,0425501285,1,2020/4/1,変更,2017/4/1,2017/4/1,,,1:介護サービス包括型,1:Ⅰ型
合同会社さぽーと敬,グループホームとりのこえ,グループホームとりのこえ,仙台市泉区,宮城県仙台市泉区上谷刈字羽黒山７番地の２,グループホームとりのこえ西中山,提供中,0425501285,2,2020/4/1,変更,2017/4/1,2018/8/6,,,1:介護サービス包括型,1:Ⅰ型
一般社団法人はぴねすの羽根,こはく,はぴねすの羽根,黒川郡大和町,宮城県黒川郡大和町もみじケ丘1－35－9,こはく,提供中,0422700641,1,2020/4/1,変更,2017/1/1,2017/1/1,,,1:介護サービス包括型,1:Ⅰ型
特定非営利活動法人ワンファミリー仙台,グループホーム　ワンファミリー,グループホーム　ワンファミリー,仙台市青葉区,宮城県仙台市青葉区二日町４番26号　リバティーハイツ二日町102号,台原ハイツ,提供中,0425102019,1,2020/4/1,変更,2016/12/1,2016/12/1,,,1:介護サービス包括型,2:Ⅱ型
特定非営利活動法人ワンファミリー仙台,グループホーム　ワンファミリー,グループホーム　ワンファミリー,仙台市青葉区,宮城県仙台市青葉区二日町４番26号　リバティーハイツ二日町102号,グループホームかしま,提供中,0425102019,2,2020/4/1,変更,2016/12/1,2018/5/1,,,1:介護サービス包括型,2:Ⅱ型
特定非営利活動法人ワンファミリー仙台,グループホーム　ワンファミリー,グループホーム　ワンファミリー,仙台市青葉区,宮城県仙台市青葉区二日町４番26号　リバティーハイツ二日町102号,宮町ビューハイツ,提供中,0425102019,3,2020/4/1,変更,2016/12/1,2019/3/1,,,1:介護サービス包括型,2:Ⅱ型
社会福祉法人はらから福祉会,七ヶ浜ホーム,七ヶ浜ホーム,宮城郡七ケ浜町,宮城県宮城郡七ケ浜町東宮浜字左道2-1-1,はらからの家「櫂」Ａ,提供中,0422630061,1,2018/4/1,変更,2016/10/1,2016/10/1,,,1:介護サービス包括型,1:Ⅰ型
社会福祉法人はらから福祉会,七ヶ浜ホーム,七ヶ浜ホーム,宮城郡七ケ浜町,宮城県宮城郡七ケ浜町東宮浜字左道2-1-1,はらからの家「櫂」Ｂ,提供中,0422630061,2,2019/4/1,変更,2016/10/1,2016/10/1,,,1:介護サービス包括型,1:Ⅰ型
社会福祉法人仙萩の杜,ぴぁ　びーんず,ぴぁ　びーんず,仙台市若林区,宮城県仙台市若林区遠見塚二丁目41番15号,とおみ,提供中,0425300969,1,2020/4/1,変更,2016/8/1,2016/8/1,,,1:介護サービス包括型,1:Ⅰ型
特定非営利活動法人グレープGrapes,ぐれーぷハウス,ぐれーぷハウス,仙台市青葉区,宮城県仙台市青葉区一番町一丁目16番23号一番町スクエア４階－Ｇ,ぐれーぷハウス,提供中,0425101938,1,2020/4/1,変更,2016/7/1,2016/7/1,,,1:介護サービス包括型,1:Ⅰ型
特定非営利活動法人グレープGrapes,ぐれーぷハウス,ぐれーぷハウス,仙台市青葉区,宮城県仙台市青葉区一番町一丁目16番23号一番町スクエア４階－Ｇ,ぐれーぷハウスかすみ,提供中,0425101938,2,2020/4/1,変更,2016/7/1,2016/7/1,,,1:介護サービス包括型,1:Ⅰ型
特定非営利活動法人グレープGrapes,ぐれーぷハウス,ぐれーぷハウス,仙台市青葉区,宮城県仙台市青葉区一番町一丁目16番23号一番町スクエア４階－Ｇ,ぐれーぷハウス原町,提供中,0425101938,3,2020/4/1,変更,2016/7/1,2017/2/1,,,1:介護サービス包括型,1:Ⅰ型
特定非営利活動法人グレープGrapes,ぐれーぷハウス,ぐれーぷハウス,仙台市青葉区,宮城県仙台市青葉区一番町一丁目16番23号一番町スクエア４階－Ｇ,ぐれーぷハウス柏木,提供中,0425101938,4,2020/4/1,変更,2016/7/1,2018/4/1,,,1:介護サービス包括型,1:Ⅰ型
社会福祉法人　みのり会,はーもにぃはうす,はーもにぃはうす,名取市,宮城県名取市飯野坂1-4-43,はーもにぃはうす,提供中,0420700429,1,2018/4/1,変更,2016/6/1,2016/6/1,,,1:介護サービス包括型,1:Ⅰ型
株式会社　加藤福祉サービス,グループホーム　ねの,グループホーム　ねの,仙台市泉区,宮城県仙台市泉区根白石字新坂上１番地の１,グループホーム　ねの　しんさか,提供中,0425501236,1,2020/6/1,変更,2016/6/1,2016/6/1,,,1:介護サービス包括型,1:Ⅰ型
株式会社　加藤福祉サービス,グループホーム　ねの,グループホーム　ねの,仙台市泉区,宮城県仙台市泉区根白石字新坂上１番地の１,グループホーム　ねの　がっこうまえ１,提供中,0425501236,2,2020/6/1,変更,2016/6/1,2019/3/1,,,1:介護サービス包括型,1:Ⅰ型
株式会社　加藤福祉サービス,グループホーム　ねの,グループホーム　ねの,仙台市泉区,宮城県仙台市泉区根白石字新坂上１番地の１,グループホーム　ねの　がっこうまえ２,提供中,0425501236,3,2020/10/1,変更,2016/6/1,2020/5/1,,,1:介護サービス包括型,1:Ⅰ型
社会福祉法人　栗原秀峰会,くりこま「ゆめ工房」,くりこま「ゆめ工房」,栗原市,宮城県栗原市栗駒岩ケ崎土川１０－５,スイートピー,提供中,0421300419,1,2019/10/1,変更,2016/4/1,2016/4/1,,,1:介護サービス包括型,1:Ⅰ型
社会福祉法人　栗原秀峰会,すぷりんぐ,すぷりんぐ,栗原市,宮城県栗原市若柳川北中町７３－１,田園ホーム,提供中,0421300427,1,2019/10/1,変更,2016/4/1,2016/4/1,,,1:介護サービス包括型,1:Ⅰ型
特定非営利活動法人まきばフリースクール,憩いのまきば,憩いのまきば,大崎市,宮城県大崎市三本木新町２丁目３－２３,憩いのまきば,提供中,0421500760,1,2020/4/1,変更,2016/4/1,2016/4/1,,,1:介護サービス包括型,1:Ⅰ型
社会福祉法人幸生会,共同生活援助事業所すいせんほーむ,共同生活援助事業所すいせんほーむ,仙台市泉区,宮城県仙台市泉区南中山四丁目４番地の２,すいせんほーむ南中山,提供中,0425501186,1,2020/4/1,変更,2015/11/1,2015/11/1,,,1:介護サービス包括型,1:Ⅰ型
社会福祉法人幸生会,共同生活援助事業所すいせんほーむ,共同生活援助事業所すいせんほーむ,仙台市泉区,宮城県仙台市泉区南中山四丁目４番地の２,すいせんほーむラスカル,提供中,0425501186,2,2020/1/15,新規,2015/11/1,2020/1/15,,,1:介護サービス包括型,1:Ⅰ型
株式会社　ライフアップ,グループホーム　那智の郷,グループホーム　那智の郷,名取市,宮城県名取市那智が丘2-8-1,グループホーム　那智の郷,提供中,0420700411,1,2021/2/1,変更,2015/10/1,2015/10/1,,,1:介護サービス包括型,1:Ⅰ型
社会福祉法人石巻祥心会,“十夢”　蛇田,“十夢”　蛇田,石巻市,宮城県石巻市蛇田字小斉２１－１,アット,提供中,0420210213,1,2020/4/1,変更,2015/7/1,2015/7/1,,,1:介護サービス包括型,3:Ⅲ型
社会福祉法人石巻祥心会,“十夢”　蛇田,“十夢”　蛇田,石巻市,宮城県石巻市蛇田字小斉２１－１,らいと,提供中,0420210213,10,2020/4/1,変更,2015/7/1,2019/4/1,,,1:介護サービス包括型,3:Ⅲ型
社会福祉法人石巻祥心会,“十夢”　蛇田,“十夢”　蛇田,石巻市,宮城県石巻市蛇田字小斉２１－１,オリーブ,提供中,0420210213,11,2020/4/1,変更,2015/7/1,2019/4/1,,,1:介護サービス包括型,3:Ⅲ型
社会福祉法人石巻祥心会,“十夢”　蛇田,“十夢”　蛇田,石巻市,宮城県石巻市蛇田字小斉２１－１,ミント,提供中,0420210213,12,2020/4/1,新規,2015/7/1,2020/4/1,,,1:介護サービス包括型,3:Ⅲ型
社会福祉法人石巻祥心会,“十夢”　蛇田,“十夢”　蛇田,石巻市,宮城県石巻市蛇田字小斉２１－１,ライム,提供中,0420210213,13,2020/4/1,新規,2015/7/1,2020/4/1,,,1:介護サービス包括型,3:Ⅲ型
社会福祉法人石巻祥心会,“十夢”　蛇田,“十夢”　蛇田,石巻市,宮城県石巻市蛇田字小斉２１－１,祥輪ホーム,提供中,0420210213,2,2020/4/1,変更,2015/7/1,2015/7/1,,,1:介護サービス包括型,3:Ⅲ型
社会福祉法人石巻祥心会,“十夢”　蛇田,“十夢”　蛇田,石巻市,宮城県石巻市蛇田字小斉２１－１,ぽてと,提供中,0420210213,3,2020/4/1,変更,2015/7/1,2015/7/1,,,1:介護サービス包括型,3:Ⅲ型
社会福祉法人石巻祥心会,“十夢”　蛇田,“十夢”　蛇田,石巻市,宮城県石巻市蛇田字小斉２１－１,きらり,提供中,0420210213,4,2020/4/1,変更,2015/7/1,2017/4/1,,,1:介護サービス包括型,3:Ⅲ型
社会福祉法人石巻祥心会,“十夢”　蛇田,“十夢”　蛇田,石巻市,宮城県石巻市蛇田字小斉２１－１,そら,提供中,0420210213,5,2020/4/1,変更,2015/7/1,2017/4/1,,,1:介護サービス包括型,3:Ⅲ型
社会福祉法人石巻祥心会,“十夢”　蛇田,“十夢”　蛇田,石巻市,宮城県石巻市蛇田字小斉２１－１,ころころ,提供中,0420210213,6,2020/4/1,変更,2015/7/1,2017/4/1,,,1:介護サービス包括型,3:Ⅲ型
社会福祉法人石巻祥心会,“十夢”　蛇田,“十夢”　蛇田,石巻市,宮城県石巻市蛇田字小斉２１－１,新埣寺ホーム,提供中,0420210213,7,2020/4/1,変更,2015/7/1,2017/4/1,,,1:介護サービス包括型,3:Ⅲ型
社会福祉法人石巻祥心会,“十夢”　蛇田,“十夢”　蛇田,石巻市,宮城県石巻市蛇田字小斉２１－１,向陽ホーム,提供中,0420210213,8,2020/4/1,変更,2015/7/1,2017/4/1,,,1:介護サービス包括型,3:Ⅲ型
社会福祉法人石巻祥心会,“十夢”　蛇田,“十夢”　蛇田,石巻市,宮城県石巻市蛇田字小斉２１－１,ふわり,提供中,0420210213,9,2020/4/1,変更,2015/7/1,2017/4/1,,,1:介護サービス包括型,3:Ⅲ型
社会福祉法人石巻祥心会,“十夢”湊,“十夢”湊,石巻市,宮城県石巻市湊字鳥井崎１－１０,フェイシス,提供中,0420210221,1,2019/10/1,変更,2015/7/1,2015/7/1,,,1:介護サービス包括型,1:Ⅰ型
社会福祉法人石巻祥心会,“十夢”湊,“十夢”湊,石巻市,宮城県石巻市湊字鳥井崎１－１０,第二祥光寮,提供中,0420210221,2,2019/10/1,変更,2015/7/1,2015/7/1,,,1:介護サービス包括型,2:Ⅱ型
社会福祉法人石巻祥心会,“十夢”湊,“十夢”湊,石巻市,宮城県石巻市湊字鳥井崎１－１０,祥心ホーム,提供中,0420210221,3,2020/6/27,変更,2015/7/1,2015/7/1,,,1:介護サービス包括型,2:Ⅱ型
社会福祉法人石巻祥心会,“十夢”湊,“十夢”湊,石巻市,宮城県石巻市湊字鳥井崎１－１０,千石町ホーム,提供中,0420210221,4,2019/10/1,変更,2015/7/1,2017/4/1,,,1:介護サービス包括型,3:Ⅲ型
社会福祉法人石巻祥心会,“十夢”湊,“十夢”湊,石巻市,宮城県石巻市湊字鳥井崎１－１０,おひさま,提供中,0420210221,5,2019/10/1,変更,2015/7/1,2017/4/1,,,1:介護サービス包括型,3:Ⅲ型
特定非営利活動法人ネットワークオレンジ,アットホームオレンジ,アットホームオレンジ,気仙沼市,宮城県気仙沼市大林１８番１,アットホームオレンジ,提供中,0420500480,1,2018/4/1,変更,2015/3/1,2015/3/1,,,1:介護サービス包括型,1:Ⅰ型
社会福祉法人　多賀城市社会福祉協議会,ホーム桜木,ホーム桜木,多賀城市,宮城県多賀城市桜木三丁目３番２８号,ホーム桜木,提供中,0420913048,1,2020/4/1,変更,2014/8/1,2014/8/1,,,1:介護サービス包括型,1:Ⅰ型
社会福祉法人　多賀城市社会福祉協議会,ホーム桜木,ホーム桜木,多賀城市,宮城県多賀城市桜木三丁目３番２８号,ホームさざんか,提供中,0420913048,2,2020/4/1,変更,2014/8/1,2020/1/1,,,1:介護サービス包括型,1:Ⅰ型
社会福祉法人白石陽光園,ながさか,ながさか,白石市,宮城県白石市福岡長袋字永坂１番地,ながさか,提供中,0420600157,1,2019/11/1,変更,2014/4/1,2014/4/1,,,1:介護サービス包括型,1:Ⅰ型
社会福祉法人槃特会,グループホームさくらおか,グループホームさくらおか,登米市,宮城県登米市米山町桜岡大又２３２番地２,グループホームさくらおか,提供中,0421200189,1,2020/4/1,変更,2014/4/1,2014/4/1,,,1:介護サービス包括型,1:Ⅰ型
社会福祉法人槃特会,グループホームさくらおか,グループホームさくらおか,登米市,宮城県登米市米山町桜岡大又２３２番地２,さくらんぼホーム,提供中,0421200189,2,2020/7/1,変更,2014/4/1,2014/4/1,,,1:介護サービス包括型,1:Ⅰ型
社会福祉法人槃特会,グループホームさくらおか,グループホームさくらおか,登米市,宮城県登米市米山町桜岡大又２３２番地２,みやたハウス,提供中,0421200189,3,2020/4/1,変更,2014/4/1,2014/4/1,,,1:介護サービス包括型,1:Ⅰ型
社会福祉法人宮城福祉会,グループホームうぐいすの里こもれびの家,グループホームうぐいすの里こもれびの家,栗原市,宮城県栗原市鴬沢南郷広面46,グループホームうぐいすの里こもれびの家,提供中,0421300161,1,2019/10/1,変更,2014/4/1,2014/4/1,,,1:介護サービス包括型,1:Ⅰ型
社会福祉法人栗原市社会福祉協議会,共同生活援助事業所ふきのとう,共同生活援助事業所ふきのとう,栗原市,宮城県栗原市築館源光94-5,共同生活援助事業所ふきのとう,提供中,0421300187,1,2019/10/1,変更,2014/4/1,2014/4/1,,,1:介護サービス包括型,1:Ⅰ型
社会福祉法人永楽会,グループホームなのはな,グループホームなのはな,大崎市,宮城県大崎市三本木蟻ケ袋字混内山１番地６,グループホームなのはな,提供中,0421500216,1,2020/4/1,変更,2014/4/1,2014/4/1,,,1:介護サービス包括型,1:Ⅰ型
特定非営利活動法人幸創,浜吉田僕の家私の家,浜吉田僕の家私の家,亘理郡亘理町,宮城県亘理郡亘理町吉田字流146-174,浜吉田僕の家私の家,提供中,0422400234,1,2020/4/1,変更,2014/4/1,2014/4/1,,,1:介護サービス包括型,1:Ⅰ型
社会福祉法人みんなの輪,わ・は・わ大郷,わ・は・わ大郷,黒川郡大郷町,宮城県黒川郡大郷町粕川字田中3-1,ひなげしホーム,提供中,0422700302,1,2019/10/1,変更,2014/4/1,2014/4/1,,,1:介護サービス包括型,1:Ⅰ型
社会福祉法人みんなの輪,わ・は・わ大郷,わ・は・わ大郷,黒川郡大郷町,宮城県黒川郡大郷町粕川字田中3-1,すみれホーム,提供中,0422700302,2,2019/10/1,変更,2014/4/1,2014/4/1,,,1:介護サービス包括型,1:Ⅰ型
社会福祉法人みんなの輪,わ・は・わ大郷,わ・は・わ大郷,黒川郡大郷町,宮城県黒川郡大郷町粕川字田中3-1,羽生ホーム,提供中,0422700302,3,2019/10/1,変更,2014/4/1,2014/8/1,,,1:介護サービス包括型,1:Ⅰ型
社会福祉法人永楽会,ホームおながわ浜,ホームおながわ浜,牡鹿郡女川町,宮城県牡鹿郡女川町浦宿浜字小屋ノ口１番地１,ケアホーム万石浦,提供中,0423500032,1,2019/12/1,変更,2014/4/1,2014/4/1,,,1:介護サービス包括型,1:Ⅰ型
社会福祉法人永楽会,ホームおながわ浜,ホームおながわ浜,牡鹿郡女川町,宮城県牡鹿郡女川町浦宿浜字小屋ノ口１番地１,ケアホーム　さくら,提供中,0423500032,2,2019/12/1,変更,2014/4/1,2014/4/1,,,1:介護サービス包括型,1:Ⅰ型
社会福祉法人つどいの家,ひこうき雲,ひこうき雲,仙台市若林区,宮城県仙台市若林区沖野三丁目１６－４８,ひこうき雲,提供中,0425300456,1,2020/4/1,変更,2014/4/1,2014/4/1,,,1:介護サービス包括型,1:Ⅰ型
社会福祉法人つどいの家,ひこうき雲,ひこうき雲,仙台市若林区,宮城県仙台市若林区沖野三丁目１６－４８,さくらはうす,提供中,0425300456,2,2020/4/1,変更,2014/4/1,2014/4/1,,,1:介護サービス包括型,1:Ⅰ型
社会福祉法人つどいの家,ひこうき雲,ひこうき雲,仙台市若林区,宮城県仙台市若林区沖野三丁目１６－４８,オキーノ,提供中,0425300456,3,2020/4/1,変更,2014/4/1,2014/4/1,,,1:介護サービス包括型,1:Ⅰ型
社会福祉法人つどいの家,ひこうき雲,ひこうき雲,仙台市若林区,宮城県仙台市若林区沖野三丁目１６－４８,ひかりはうす,提供中,0425300456,4,2020/4/1,変更,2014/4/1,2014/4/1,,,1:介護サービス包括型,1:Ⅰ型
社会福祉法人つどいの家,ひこうき雲,ひこうき雲,仙台市若林区,宮城県仙台市若林区沖野三丁目１６－４８,にじいろ,提供中,0425300456,5,2020/4/1,変更,2014/4/1,2016/10/1,,,1:介護サービス包括型,1:Ⅰ型
社会福祉法人わらしべ舎,グループホームわらしべ舎,グループホームわらしべ舎,仙台市太白区,宮城県仙台市太白区西多賀3丁目1-25,ハーモニー西の平Ａ,提供中,0425400074,1,2020/4/1,変更,2014/4/1,2014/4/1,,,1:介護サービス包括型,1:Ⅰ型
社会福祉法人わらしべ舎,グループホームわらしべ舎,グループホームわらしべ舎,仙台市太白区,宮城県仙台市太白区西多賀3丁目1-25,ハーモニー金剛沢,提供中,0425400074,2,2020/4/1,変更,2014/4/1,2014/4/1,,,1:介護サービス包括型,1:Ⅰ型
社会福祉法人わらしべ舎,グループホームわらしべ舎,グループホームわらしべ舎,仙台市太白区,宮城県仙台市太白区西多賀3丁目1-25,ハーモニー山田北前,提供中,0425400074,4,2020/4/1,変更,2014/4/1,2014/10/1,,,1:介護サービス包括型,1:Ⅰ型
社会福祉法人わらしべ舎,グループホームわらしべ舎,グループホームわらしべ舎,仙台市太白区,宮城県仙台市太白区西多賀3丁目1-25,ハーモニー西の平Ｂ,提供中,0425400074,5,2020/4/1,変更,2014/4/1,2017/11/1,,,1:介護サービス包括型,1:Ⅰ型
社会福祉法人共生福祉会,仙台ワークキャンパス,仙台ワークキャンパス,仙台市太白区,宮城県仙台市太白区袋原五丁目12番１号,仙台ワークキャンパス　さくらホーム,提供中,0425401288,1,2020/4/1,変更,2014/4/1,2014/4/1,,,1:介護サービス包括型,2:Ⅱ型
社会福祉法人宮城県社会福祉協議会,わがや,わがや,仙台市泉区,宮城県仙台市泉区長命ケ丘4丁目31-22,北中山ホーム,提供中,0425500329,1,2021/2/1,変更,2014/4/1,2014/4/1,,,1:介護サービス包括型,1:Ⅰ型
社会福祉法人宮城県社会福祉協議会,わがや,わがや,仙台市泉区,宮城県仙台市泉区長命ケ丘4丁目31-22,長命ヶ丘の家,提供中,0425500329,2,2021/2/1,変更,2014/4/1,2014/4/1,,,1:介護サービス包括型,1:Ⅰ型
社会福祉法人宮城県社会福祉協議会,わがや,わがや,仙台市泉区,宮城県仙台市泉区長命ケ丘4丁目31-22,南中山ホーム,提供中,0425500329,4,2021/2/1,変更,2014/4/1,2014/4/1,,,1:介護サービス包括型,1:Ⅰ型
社会福祉法人宮城県社会福祉協議会,わがや,わがや,仙台市泉区,宮城県仙台市泉区長命ケ丘4丁目31-22,クローバーホーム,提供中,0425500329,5,2021/2/1,変更,2014/4/1,2014/4/1,,,1:介護サービス包括型,1:Ⅰ型
社会福祉法人宮城県社会福祉協議会,わがや,わがや,仙台市泉区,宮城県仙台市泉区長命ケ丘4丁目31-22,なでしこホーム,提供中,0425500329,6,2021/2/1,変更,2014/4/1,2014/4/1,,,1:介護サービス包括型,1:Ⅰ型
社会福祉法人宮城県社会福祉協議会,わがや,わがや,仙台市泉区,宮城県仙台市泉区長命ケ丘4丁目31-22,からっとホーム,提供中,0425500329,7,2021/2/1,変更,2014/4/1,2014/4/1,,,1:介護サービス包括型,1:Ⅰ型
社会福祉法人宮城県社会福祉協議会,わがや,わがや,仙台市泉区,宮城県仙台市泉区長命ケ丘4丁目31-22,長命ケ丘二丁目の家,提供中,0425500329,8,2021/2/1,変更,2014/4/1,2018/11/9,,,1:介護サービス包括型,1:Ⅰ型
特定非営利活動法人煌の会,グループホームすばる,グループホームすばる,仙台市宮城野区,宮城県仙台市宮城野区新田三丁目20番25号,グループホームすばる,提供中,0425201027,1,2020/10/1,変更,2013/12/1,2013/12/1,,,1:介護サービス包括型,1:Ⅰ型
社会福祉法人登米市社会福祉協議会,登米市社協障害者ケアホーム「カーサにしき」,社会福祉法人登米市社会福祉協議会,登米市,宮城県登米市迫町佐沼字錦234番地1,登米市社協障害者ケアホーム「カーサにしき」,提供中,0421200437,1,2019/10/1,変更,2013/7/1,2013/7/1,,,1:介護サービス包括型,2:Ⅱ型
株式会社さくら,グループホームさくら,グループホームさくら,仙台市青葉区,宮城県仙台市青葉区山手町19番2号,さくら泉中央,提供中,0425101417,1,2020/4/1,変更,2013/4/1,2013/4/1,,,1:介護サービス包括型,1:Ⅰ型
株式会社さくら,グループホームさくら,グループホームさくら,仙台市青葉区,宮城県仙台市青葉区山手町19番2号,さくら荒巻Ａ棟,提供中,0425101417,3,2020/4/1,変更,2013/4/1,2013/9/1,,,1:介護サービス包括型,1:Ⅰ型
株式会社さくら,グループホームさくら,グループホームさくら,仙台市青葉区,宮城県仙台市青葉区山手町19番2号,さくら荒巻Ｂ棟,提供中,0425101417,4,2020/4/1,変更,2013/4/1,2014/6/1,,,1:介護サービス包括型,1:Ⅰ型
株式会社さくら,グループホームさくら,グループホームさくら,仙台市青葉区,宮城県仙台市青葉区山手町19番2号,さくら荒巻Ｃ棟,提供中,0425101417,5,2020/4/1,変更,2013/4/1,2017/9/1,,,1:介護サービス包括型,1:Ⅰ型
特定非営利活動法人あなたの街の｢三河や」さん,ぱんぷきん,ぱんぷきん,仙台市太白区,宮城県仙台市太白区人来田三丁目18番18号,ぱんぷきん青山Ａ,提供中,0425401189,1,2020/4/1,変更,2013/4/1,2013/4/1,,,1:介護サービス包括型,1:Ⅰ型
特定非営利活動法人あなたの街の｢三河や」さん,ぱんぷきん,ぱんぷきん,仙台市太白区,宮城県仙台市太白区人来田三丁目18番18号,ぱんぷきん八木山弥生町,提供中,0425401189,4,2020/4/1,変更,2013/4/1,2015/4/1,,,1:介護サービス包括型,1:Ⅰ型
特定非営利活動法人あなたの街の｢三河や」さん,ぱんぷきん,ぱんぷきん,仙台市太白区,宮城県仙台市太白区人来田三丁目18番18号,くれそん人来田Ⅰ,提供中,0425401189,5,2020/4/1,変更,2013/4/1,2017/5/1,,,1:介護サービス包括型,1:Ⅰ型
特定非営利活動法人あなたの街の｢三河や」さん,ぱんぷきん,ぱんぷきん,仙台市太白区,宮城県仙台市太白区人来田三丁目18番18号,くれそん人来田Ⅱ,提供中,0425401189,6,2020/4/1,変更,2013/4/1,2017/5/1,,,1:介護サービス包括型,1:Ⅰ型
特定非営利活動法人先進福祉推進協会,障がい者グループ・ケアホームつくしんぼの里,障がい者グループ・ケアホームつくしんぼの里,仙台市太白区,宮城県仙台市太白区桜木町３－１３,グループ・ケアホームつくしんぼ,提供中,0425401163,1,2020/4/1,変更,2013/3/1,2013/3/1,,,1:介護サービス包括型,1:Ⅰ型
特定非営利活動法人先進福祉推進協会,障がい者グループ・ケアホームつくしんぼの里,障がい者グループ・ケアホームつくしんぼの里,仙台市太白区,宮城県仙台市太白区桜木町３－１３,つくしんぼ　ほのぼの荘,提供中,0425401163,2,2020/4/1,変更,2013/3/1,2013/8/1,,,1:介護サービス包括型,1:Ⅰ型
特定非営利活動法人先進福祉推進協会,障がい者グループ・ケアホームつくしんぼの里,障がい者グループ・ケアホームつくしんぼの里,仙台市太白区,宮城県仙台市太白区桜木町３－１３,グループ・ケアホームつくしんぼ八木山東,提供中,0425401163,3,2020/4/1,変更,2013/3/1,2013/10/1,,,1:介護サービス包括型,1:Ⅰ型
特定非営利活動法人先進福祉推進協会,障がい者グループ・ケアホームつくしんぼの里,障がい者グループ・ケアホームつくしんぼの里,仙台市太白区,宮城県仙台市太白区桜木町３－１３,グループ・ケアホームつくしんぼ八木山香澄町,提供中,0425401163,4,2020/4/1,変更,2013/3/1,2014/11/1,,,1:介護サービス包括型,1:Ⅰ型
特定非営利活動法人先進福祉推進協会,障がい者グループ・ケアホームつくしんぼの里,障がい者グループ・ケアホームつくしんぼの里,仙台市太白区,宮城県仙台市太白区桜木町３－１３,障がい者グループ・ケアホームつくしんぼの里「すぎなハウス松波１」,提供中,0425401163,5,2021/1/11,新規,2013/3/1,2021/1/11,,,1:介護サービス包括型,1:Ⅰ型
特定非営利活動法人ソキウスせんだい,グループホーム・ソキウス,グループホーム・ソキウス,仙台市泉区,宮城県仙台市泉区黒松1-26-15-105,ホーム・ソキウスSUN,提供中,0425500915,1,2020/4/1,変更,2012/6/1,2012/6/1,,,1:介護サービス包括型,1:Ⅰ型
特定非営利活動法人ソキウスせんだい,グループホーム・ソキウス,グループホーム・ソキウス,仙台市泉区,宮城県仙台市泉区黒松1-26-15-105,ホーム・ソキウス黒松Ⅰ,提供中,0425500915,2,2020/4/1,変更,2012/6/1,2012/6/1,,,1:介護サービス包括型,1:Ⅰ型
特定非営利活動法人ソキウスせんだい,グループホーム・ソキウス,グループホーム・ソキウス,仙台市泉区,宮城県仙台市泉区黒松1-26-15-105,ホーム・ソキウス黒松Ⅱ,提供中,0425500915,3,2020/4/1,変更,2012/6/1,2012/6/1,,,1:介護サービス包括型,1:Ⅰ型
特定非営利活動法人ドリーム・グリーン・プロジェクト,NPOドリーム・グリーン・プロジェクト,ＮＰＯドリーム・グリーン・プロジェクト,大崎市,宮城県大崎市岩出山字二ノ構３－１,ドリーム・グリーン・ハウス１,提供中,0421500497,1,2020/1/1,変更,2012/4/1,2012/4/1,,2013/2/1,2:外部サービス利用型,1:Ⅰ型
特定非営利活動法人ドリーム・グリーン・プロジェクト,NPOドリーム・グリーン・プロジェクト,ＮＰＯドリーム・グリーン・プロジェクト,大崎市,宮城県大崎市岩出山字二ノ構３－１,ドリーム・グリーン・ハウス２,提供中,0421500497,2,2020/1/1,変更,2012/4/1,2012/4/1,,2013/2/1,2:外部サービス利用型,1:Ⅰ型
特定非営利活動法人ドリーム・グリーン・プロジェクト,NPOドリーム・グリーン・プロジェクト,ＮＰＯドリーム・グリーン・プロジェクト,大崎市,宮城県大崎市岩出山字二ノ構３－１,ドリーム・グリーン・ハウス３,提供中,0421500497,3,2020/1/1,変更,2012/4/1,2014/3/1,,,2:外部サービス利用型,1:Ⅰ型
特定非営利活動法人ドリーム・グリーン・プロジェクト,NPOドリーム・グリーン・プロジェクト,ＮＰＯドリーム・グリーン・プロジェクト,大崎市,宮城県大崎市岩出山字二ノ構３－１,ドリ－ム・グリーン・ハウス４,提供中,0421500497,4,2020/1/1,変更,2012/4/1,2014/3/1,,,2:外部サービス利用型,1:Ⅰ型
特定非営利活動法人ドリーム・グリーン・プロジェクト,NPOドリーム・グリーン・プロジェクト,ＮＰＯドリーム・グリーン・プロジェクト,大崎市,宮城県大崎市岩出山字二ノ構３－１,ドリーム・グリーン・ハウス５,提供中,0421500497,6,2020/1/1,変更,2012/4/1,2017/6/1,,,2:外部サービス利用型,1:Ⅰ型
特定非営利活動法人ドリーム・グリーン・プロジェクト,NPOドリーム・グリーン・プロジェクト,ＮＰＯドリーム・グリーン・プロジェクト,大崎市,宮城県大崎市岩出山字二ノ構３－１,ドリーム・グリーン・ハウス6,提供中,0421500497,7,2020/1/1,変更,2012/4/1,2017/9/1,,,2:外部サービス利用型,1:Ⅰ型
社会福祉法人共生の森,共生の森グループホーム１号館,共生の森グループホーム１号館,遠田郡涌谷町,宮城県遠田郡涌谷町小塚字桜清水２２番地,共生の森グループホーム１号館,提供中,0423100122,1,2018/4/1,変更,2012/4/1,2012/4/1,,,1:介護サービス包括型,2:Ⅱ型
社会福祉法人わたげ福祉会,フルハウス,フルハウス,仙台市若林区,宮城県仙台市若林区遠見塚１－１８－４８,うみ,提供中,0425300654,1,2020/4/1,変更,2012/4/1,2012/4/1,,,2:外部サービス利用型,2:Ⅱ型
社会福祉法人わたげ福祉会,フルハウス,フルハウス,仙台市若林区,宮城県仙台市若林区遠見塚１－１８－４８,そら,提供中,0425300654,2,2020/4/1,変更,2012/4/1,2012/4/1,,,2:外部サービス利用型,2:Ⅱ型
社会福祉法人ありのまま舎,自立ホーム仙台ありのまま舎リビングセンター,自立ホーム仙台ありのまま舎リビングセンター,仙台市太白区,宮城県仙台市太白区西多賀四丁目１９番１号,自立ホーム仙台ありのまま舎リビングセンター,提供中,0425401049,1,2020/4/1,変更,2012/4/1,2012/4/1,,,1:介護サービス包括型,1:Ⅰ型
合同会社FOR　SMILING,共同生活援助事業所　ポノポノ,共同生活援助事業所　ポノポノ,仙台市泉区,宮城県仙台市泉区長命ケ丘長命ケ丘五丁目1番8号佐藤コーポ101号室,グループホーム　ポノポノ,提供中,0425500865,1,2020/9/1,変更,2012/4/1,2012/4/1,,,1:介護サービス包括型,1:Ⅰ型
合同会社FOR　SMILING,共同生活援助事業所　ポノポノ,共同生活援助事業所　ポノポノ,仙台市泉区,宮城県仙台市泉区長命ケ丘長命ケ丘五丁目1番8号佐藤コーポ101号室,グループホーム　マルヒア,提供中,0425500865,2,2020/9/1,変更,2012/4/1,2012/12/1,,,1:介護サービス包括型,1:Ⅰ型
合同会社FOR　SMILING,共同生活援助事業所　ポノポノ,共同生活援助事業所　ポノポノ,仙台市泉区,宮城県仙台市泉区長命ケ丘長命ケ丘五丁目1番8号佐藤コーポ101号室,グループホームレイラニ,提供中,0425500865,3,2020/9/1,変更,2012/4/1,2020/7/17,,,1:介護サービス包括型,1:Ⅰ型
特定非営利活動法人シャロームの会,ハーモニー,ハーモニー,仙台市宮城野区,宮城県仙台市宮城野区西宮城野９－１６,ハーモニーⅠ,提供中,0425200813,1,2020/11/1,変更,2011/5/1,2011/5/1,,,1:介護サービス包括型,2:Ⅱ型
特定非営利活動法人シャロームの会,ハーモニー,ハーモニー,仙台市宮城野区,宮城県仙台市宮城野区西宮城野９－１６,ハーモニーⅡ,提供中,0425200813,2,2020/11/1,変更,2011/5/1,2017/8/10,,,1:介護サービス包括型,2:Ⅱ型
社会福祉法人しおかぜ福祉会,障害福祉サービス事業所しおかぜ,ケア・グループホーム　ピーガル,岩沼市,宮城県岩沼市押分字与奈３０番地の１２,ケアホーム　ピーガル,提供中,0421100157,1,2020/4/1,変更,2011/4/1,2011/4/1,,,1:介護サービス包括型,1:Ⅰ型
社会福祉法人しおかぜ福祉会,障害福祉サービス事業所しおかぜ,ケア・グループホーム　ピーガル,岩沼市,宮城県岩沼市押分字与奈３０番地の１２,グループホーム　ピーガル,提供中,0421100157,2,2020/4/1,変更,2011/4/1,2011/4/1,,,1:介護サービス包括型,1:Ⅰ型
株式会社　コスモス福祉企画,はるゆり荘,はるゆり荘,仙台市青葉区,宮城県仙台市青葉区葉山町８番２号,葉山はるゆり荘,提供中,0425101151,1,2020/4/1,変更,2010/12/15,2010/12/15,,,1:介護サービス包括型,1:Ⅰ型
株式会社　コスモス福祉企画,はるゆり荘,はるゆり荘,仙台市青葉区,宮城県仙台市青葉区葉山町８番２号,川平はるゆり荘,提供中,0425101151,2,2020/4/1,変更,2010/12/15,2011/4/13,,,1:介護サービス包括型,1:Ⅰ型
株式会社　コスモス福祉企画,はるゆり荘,はるゆり荘,仙台市青葉区,宮城県仙台市青葉区葉山町８番２号,川平はるゆり荘２,提供中,0425101151,3,2020/4/1,変更,2010/12/15,2012/3/1,,,1:介護サービス包括型,1:Ⅰ型
株式会社　コスモス福祉企画,はるゆり荘,はるゆり荘,仙台市青葉区,宮城県仙台市青葉区葉山町８番２号,安養寺はるゆり荘,提供中,0425101151,4,2020/4/1,変更,2010/12/15,2017/2/15,,,1:介護サービス包括型,1:Ⅰ型
一般社団法人日本福祉支援協会,すまいるハウス,すまいるハウス,仙台市青葉区,宮城県仙台市青葉区旭ケ丘三丁目16番21号,すまいるハウス桜ヶ丘Ⅱ,提供中,0425500774,11,2020/11/1,変更,2010/12/1,2012/5/1,,,1:介護サービス包括型,1:Ⅰ型
一般社団法人日本福祉支援協会,すまいるハウス,すまいるハウス,仙台市青葉区,宮城県仙台市青葉区旭ケ丘三丁目16番21号,すまいるハウス北山Ⅱ,提供中,0425500774,12,2020/11/1,変更,2010/12/1,2012/5/1,,,1:介護サービス包括型,1:Ⅰ型
一般社団法人日本福祉支援協会,すまいるハウス,すまいるハウス,仙台市青葉区,宮城県仙台市青葉区旭ケ丘三丁目16番21号,すまいるハウス子平町,提供中,0425500774,13,2020/11/1,変更,2010/12/1,2012/5/1,,,1:介護サービス包括型,1:Ⅰ型
一般社団法人日本福祉支援協会,すまいるハウス,すまいるハウス,仙台市青葉区,宮城県仙台市青葉区旭ケ丘三丁目16番21号,すまいるハウス長命ヶ丘Ⅰ,提供中,0425500774,14,2020/11/1,変更,2010/12/1,2012/12/1,,,1:介護サービス包括型,1:Ⅰ型
一般社団法人日本福祉支援協会,すまいるハウス,すまいるハウス,仙台市青葉区,宮城県仙台市青葉区旭ケ丘三丁目16番21号,すまいるハウス長命ヶ丘Ⅱ,提供中,0425500774,15,2020/11/1,変更,2010/12/1,2012/12/1,,,1:介護サービス包括型,1:Ⅰ型
一般社団法人日本福祉支援協会,すまいるハウス,すまいるハウス,仙台市青葉区,宮城県仙台市青葉区旭ケ丘三丁目16番21号,すまいるハウス国見,提供中,0425500774,16,2020/11/1,変更,2010/12/1,2017/10/1,,,1:介護サービス包括型,1:Ⅰ型
一般社団法人日本福祉支援協会,すまいるハウス,すまいるハウス,仙台市青葉区,宮城県仙台市青葉区旭ケ丘三丁目16番21号,すまいるハウス南光台,提供中,0425500774,2,2020/11/1,変更,2010/12/1,2011/2/1,,,1:介護サービス包括型,1:Ⅰ型
一般社団法人日本福祉支援協会,すまいるハウス,すまいるハウス,仙台市青葉区,宮城県仙台市青葉区旭ケ丘三丁目16番21号,すまいるハウス桜ヶ丘,提供中,0425500774,4,2020/11/1,変更,2010/12/1,2011/3/1,,,1:介護サービス包括型,1:Ⅰ型
一般社団法人日本福祉支援協会,すまいるハウス,すまいるハウス,仙台市青葉区,宮城県仙台市青葉区旭ケ丘三丁目16番21号,すまいるハウス西中田,提供中,0425500774,5,2020/11/1,変更,2010/12/1,2011/5/1,,,1:介護サービス包括型,1:Ⅰ型
一般社団法人日本福祉支援協会,すまいるハウス,すまいるハウス,仙台市青葉区,宮城県仙台市青葉区旭ケ丘三丁目16番21号,すまいるハウス八軒小路,提供中,0425500774,7,2020/11/1,変更,2010/12/1,2011/6/1,,,1:介護サービス包括型,1:Ⅰ型
一般社団法人日本福祉支援協会,すまいるハウス,すまいるハウス,仙台市青葉区,宮城県仙台市青葉区旭ケ丘三丁目16番21号,すまいるハウス北山,提供中,0425500774,8,2020/11/1,変更,2010/12/1,2011/6/1,,,1:介護サービス包括型,1:Ⅰ型
一般社団法人日本福祉支援協会,すまいるハウス,すまいるハウス,仙台市青葉区,宮城県仙台市青葉区旭ケ丘三丁目16番21号,すまいるハウス中山,提供中,0425500774,9,2020/11/1,変更,2010/12/1,2011/8/1,,,1:介護サービス包括型,1:Ⅰ型
社会福祉法人石巻祥心会,くじらのしっぽ,くじらのしっぽ,石巻市,宮城県石巻市鮎川浜清崎山７－２４,ひまわり,提供中,0420200628,1,2019/10/1,変更,2010/6/1,2010/6/1,,,1:介護サービス包括型,3:Ⅲ型
社会福祉法人仙台つるがや福祉会,らく壱番館,らく壱番館,仙台市宮城野区,宮城県仙台市宮城野区鶴ケ谷五丁目15番地の17,らく壱番館,提供中,0425200722,1,2021/1/1,変更,2010/6/1,2010/6/1,,,1:介護サービス包括型,2:Ⅱ型
社会福祉法人仙台つるがや福祉会,らく壱番館,らく壱番館,仙台市宮城野区,宮城県仙台市宮城野区鶴ケ谷五丁目15番地の17,らく弐番館,提供中,0425200722,2,2021/1/1,変更,2010/6/1,2011/6/1,,,1:介護サービス包括型,2:Ⅱ型
社会福祉法人仙台つるがや福祉会,らく壱番館,らく壱番館,仙台市宮城野区,宮城県仙台市宮城野区鶴ケ谷五丁目15番地の17,らく参番館,提供中,0425200722,3,2021/1/1,変更,2010/6/1,2013/7/1,,,1:介護サービス包括型,2:Ⅱ型
社会福祉法人仙台つるがや福祉会,らく壱番館,らく壱番館,仙台市宮城野区,宮城県仙台市宮城野区鶴ケ谷五丁目15番地の17,らく四番館,提供中,0425200722,4,2021/1/1,変更,2010/6/1,2017/11/1,,,1:介護サービス包括型,2:Ⅱ型
社会福祉法人矢本愛育会,矢本愛育会ケアホーム,矢本愛育会ケアホーム,東松島市,宮城県東松島市矢本字太子前３２４－３,山ゆり,提供中,0421400110,1,2020/4/1,変更,2010/5/1,2010/5/1,,,1:介護サービス包括型,3:Ⅲ型
社会福祉法人矢本愛育会,矢本愛育会ケアホーム,矢本愛育会ケアホーム,東松島市,宮城県東松島市矢本字太子前３２４－３,さくら,提供中,0421400110,3,2020/4/1,変更,2010/5/1,2010/5/1,,,1:介護サービス包括型,3:Ⅲ型
社会福祉法人矢本愛育会,矢本愛育会ケアホーム,矢本愛育会ケアホーム,東松島市,宮城県東松島市矢本字太子前３２４－３,ふじ,提供中,0421400110,4,2020/4/1,変更,2010/5/1,2010/5/1,,,1:介護サービス包括型,3:Ⅲ型
社会福祉法人矢本愛育会,矢本愛育会ケアホーム,矢本愛育会ケアホーム,東松島市,宮城県東松島市矢本字太子前３２４－３,あさぎり,提供中,0421400110,5,2020/4/1,変更,2010/5/1,2010/5/1,,,1:介護サービス包括型,3:Ⅲ型
社会福祉法人矢本愛育会,矢本愛育会ケアホーム,矢本愛育会ケアホーム,東松島市,宮城県東松島市矢本字太子前３２４－３,きずな,提供中,0421400110,8,2020/4/1,変更,2010/5/1,2016/6/1,,,1:介護サービス包括型,3:Ⅲ型
社会福祉法人　夢みの里,夢みの里　こもれび,夢みの里　こもれび,石巻市,宮城県石巻市和渕字笈入１３番２,夢みの里　こもれび,提供中,0420200586,1,2020/4/1,変更,2010/4/1,2010/4/1,,,1:介護サービス包括型,3:Ⅲ型
社会福祉法人　夢みの里,夢みの里　こもれび,夢みの里　こもれび,石巻市,宮城県石巻市和渕字笈入１３番２,合歓の里　ひだまり,提供中,0420200586,11,2020/4/1,変更,2010/4/1,2012/11/1,,,1:介護サービス包括型,3:Ⅲ型
社会福祉法人　夢みの里,夢みの里　こもれび,夢みの里　こもれび,石巻市,宮城県石巻市和渕字笈入１３番２,グループホーム紫苑,提供中,0420200586,12,2020/4/1,変更,2010/4/1,2013/5/1,,,1:介護サービス包括型,3:Ⅲ型
社会福祉法人　夢みの里,夢みの里　こもれび,夢みの里　こもれび,石巻市,宮城県石巻市和渕字笈入１３番２,スイートホーム・スイートひまわりの詩壱号館,提供中,0420200586,13,2020/4/1,変更,2010/4/1,2013/6/1,,,1:介護サービス包括型,3:Ⅲ型
社会福祉法人　夢みの里,夢みの里　こもれび,夢みの里　こもれび,石巻市,宮城県石巻市和渕字笈入１３番２,モルガンハウス川畔の詩,提供中,0420200586,14,2020/4/1,変更,2010/4/1,2014/2/1,,,1:介護サービス包括型,3:Ⅲ型
社会福祉法人　夢みの里,夢みの里　こもれび,夢みの里　こもれび,石巻市,宮城県石巻市和渕字笈入１３番２,スイートホーム・スイートひまわりの詩弐号館,提供中,0420200586,15,2020/4/1,変更,2010/4/1,2015/4/1,,,1:介護サービス包括型,3:Ⅲ型
社会福祉法人　夢みの里,夢みの里　こもれび,夢みの里　こもれび,石巻市,宮城県石巻市和渕字笈入１３番２,スイートホーム・スイートさくら,提供中,0420200586,16,2020/4/1,変更,2010/4/1,2015/4/1,,,1:介護サービス包括型,3:Ⅲ型
社会福祉法人　夢みの里,夢みの里　こもれび,夢みの里　こもれび,石巻市,宮城県石巻市和渕字笈入１３番２,グループホーム青の家松涛,提供中,0420200586,17,2020/4/1,変更,2010/4/1,2015/9/7,,,1:介護サービス包括型,3:Ⅲ型
社会福祉法人　夢みの里,夢みの里　こもれび,夢みの里　こもれび,石巻市,宮城県石巻市和渕字笈入１３番２,グループホーム　アンズハウス,提供中,0420200586,18,2020/4/1,変更,2010/4/1,2016/5/1,,,1:介護サービス包括型,3:Ⅲ型
社会福祉法人　夢みの里,夢みの里　こもれび,夢みの里　こもれび,石巻市,宮城県石巻市和渕字笈入１３番２,グループホーム　四季の詩,提供中,0420200586,19,2020/4/1,変更,2010/4/1,2016/10/25,,,1:介護サービス包括型,3:Ⅲ型
社会福祉法人　夢みの里,夢みの里　こもれび,夢みの里　こもれび,石巻市,宮城県石巻市和渕字笈入１３番２,グループホーム恵み野ヴィレッジ菜の花,提供中,0420200586,20,2020/4/1,変更,2010/4/1,2017/9/1,,,1:介護サービス包括型,3:Ⅲ型
社会福祉法人　夢みの里,夢みの里　こもれび,夢みの里　こもれび,石巻市,宮城県石巻市和渕字笈入１３番２,スイートホーム・スイート愛の詩,提供中,0420200586,21,2020/4/1,変更,2010/4/1,2017/9/1,,,1:介護サービス包括型,3:Ⅲ型
社会福祉法人　夢みの里,夢みの里　こもれび,夢みの里　こもれび,石巻市,宮城県石巻市和渕字笈入１３番２,グループホーム　ゆずり葉,提供中,0420200586,22,2020/4/1,変更,2010/4/1,2018/7/1,,,1:介護サービス包括型,3:Ⅲ型
社会福祉法人　夢みの里,夢みの里　こもれび,夢みの里　こもれび,石巻市,宮城県石巻市和渕字笈入１３番２,グループホーム春の陽きらら,提供中,0420200586,23,2020/4/1,変更,2010/4/1,2019/7/1,,,1:介護サービス包括型,3:Ⅲ型
社会福祉法人　夢みの里,夢みの里　こもれび,夢みの里　こもれび,石巻市,宮城県石巻市和渕字笈入１３番２,グループホーム夕凪,提供中,0420200586,24,2020/9/1,変更,2010/4/1,2020/7/1,,,1:介護サービス包括型,3:Ⅲ型
社会福祉法人　夢みの里,夢みの里　こもれび,夢みの里　こもれび,石巻市,宮城県石巻市和渕字笈入１３番２,グループホームあじさい館,提供中,0420200586,25,2020/9/1,新規,2010/4/1,2020/9/1,,,1:介護サービス包括型,3:Ⅲ型
社会福祉法人　夢みの里,夢みの里　こもれび,夢みの里　こもれび,石巻市,宮城県石巻市和渕字笈入１３番２,地域生活援護ホームスイートホーム・スイート風の詩,提供中,0420200586,3,2020/4/1,変更,2010/4/1,2010/4/1,,,1:介護サービス包括型,3:Ⅲ型
社会福祉法人　夢みの里,夢みの里　こもれび,夢みの里　こもれび,石巻市,宮城県石巻市和渕字笈入１３番２,スイートホーム・スイート潮騒の詩,提供中,0420200586,4,2020/4/1,変更,2010/4/1,2010/4/1,,,1:介護サービス包括型,3:Ⅲ型
社会福祉法人　夢みの里,夢みの里　こもれび,夢みの里　こもれび,石巻市,宮城県石巻市和渕字笈入１３番２,スイートホーム・スイート浜辺の詩,提供中,0420200586,6,2020/4/1,変更,2010/4/1,2010/11/1,,,1:介護サービス包括型,3:Ⅲ型
特定非営利活動法人幸創,僕の家　私の家,僕の家　私の家,富谷市,宮城県富谷市太子堂一丁目１４番２号,僕の家　私の家,提供中,0422700385,1,2019/2/1,変更,2010/4/1,2010/4/1,,,1:介護サービス包括型,1:Ⅰ型
社会福祉法人国見会,くにみの杜,くにみの杜,仙台市青葉区,宮城県仙台市青葉区国見六丁目39番１号,ハイツ小松島,提供中,0425101037,1,2020/4/1,変更,2010/4/1,2010/2/1,,,1:介護サービス包括型,1:Ⅰ型
社会福祉法人国見会,くにみの杜,くにみの杜,仙台市青葉区,宮城県仙台市青葉区国見六丁目39番１号,すずかけ,提供中,0425101037,2,2020/4/1,変更,2010/4/1,2010/5/1,,,1:介護サービス包括型,1:Ⅰ型
社会福祉法人国見会,くにみの杜,くにみの杜,仙台市青葉区,宮城県仙台市青葉区国見六丁目39番１号,ハイツ国見,提供中,0425101037,3,2020/4/1,変更,2010/4/1,2010/9/1,,,1:介護サービス包括型,1:Ⅰ型
社会福祉法人国見会,くにみの杜,くにみの杜,仙台市青葉区,宮城県仙台市青葉区国見六丁目39番１号,ハイツベルトピア,提供中,0425101037,4,2020/4/1,変更,2010/4/1,2010/11/1,,,1:介護サービス包括型,1:Ⅰ型
社会福祉法人国見会,くにみの杜,くにみの杜,仙台市青葉区,宮城県仙台市青葉区国見六丁目39番１号,ブランドール八幡Ⅰ,提供中,0425101037,6,2020/4/1,変更,2010/4/1,2013/11/1,,,1:介護サービス包括型,1:Ⅰ型
社会福祉法人国見会,くにみの杜,くにみの杜,仙台市青葉区,宮城県仙台市青葉区国見六丁目39番１号,景明コーポ,提供中,0425101037,7,2020/4/1,変更,2010/4/1,2015/5/1,,,1:介護サービス包括型,1:Ⅰ型
医療法人社団清山会,ケアホームいちいの杜,ケアホームいちいの杜,富谷市,宮城県富谷市富ケ丘二丁目１０番１５号,ケアホームいちいの杜,提供中,0422700369,1,2018/4/1,変更,2010/2/1,2010/2/1,,,1:介護サービス包括型,1:Ⅰ型
特定非営利活動法人泉里会,ケアホーム　めぐみ,ケアホーム　めぐみ,気仙沼市,宮城県気仙沼市本吉町津谷舘岡148番地の10,ケアホーム　めぐみ,提供中,0423600097,1,2019/10/1,変更,2008/7/1,2008/7/1,,,1:介護サービス包括型,1:Ⅰ型
特定非営利活動法人泉里会,ケアホーム　めぐみ,ケアホーム　めぐみ,気仙沼市,宮城県気仙沼市本吉町津谷舘岡148番地の10,ケアホームめぐみ猪の鼻,提供中,0423600097,2,2019/10/1,変更,2008/7/1,2013/5/18,,,1:介護サービス包括型,1:Ⅰ型
特定非営利活動法人自閉症ピアリンクセンターここねっと,ここねっとホーム,ここねっとホーム,仙台市若林区,宮城県仙台市若林区南小泉字八軒小路17番地の１,ここねっとホーム八軒,提供中,0425300464,1,2020/4/1,変更,2008/6/10,2008/6/10,,,1:介護サービス包括型,1:Ⅰ型
社会福祉法人気仙沼市社会福祉協議会,つばさ,つばさ,気仙沼市,宮城県気仙沼市松崎五駄鱈112-5,つばさ,提供中,0420500258,1,2020/4/1,変更,2008/4/1,2008/4/1,,2014/3/31,1:介護サービス包括型,1:Ⅰ型
社会福祉法人仙台市手をつなぐ育成会,仙台ふきのとう,仙台ふきのとう,仙台市青葉区,宮城県仙台市青葉区高松二丁目２４－３２ニューライフ高嶺３１２号,仙台ふきのとう,提供中,0425100898,1,2020/4/1,変更,2008/4/1,2008/4/1,,,1:介護サービス包括型,1:Ⅰ型
社会福祉法人仙台市手をつなぐ育成会,仙台ふきのとう,仙台ふきのとう,仙台市青葉区,宮城県仙台市青葉区高松二丁目２４－３２ニューライフ高嶺３１２号,グループホームたもの木,提供中,0425100898,10,2020/4/1,変更,2008/4/1,2016/4/1,,,1:介護サービス包括型,1:Ⅰ型
社会福祉法人仙台市手をつなぐ育成会,仙台ふきのとう,仙台ふきのとう,仙台市青葉区,宮城県仙台市青葉区高松二丁目２４－３２ニューライフ高嶺３１２号,グループホームもちの木,提供中,0425100898,11,2020/4/1,変更,2008/4/1,2016/4/1,,,1:介護サービス包括型,1:Ⅰ型
社会福祉法人仙台市手をつなぐ育成会,仙台ふきのとう,仙台ふきのとう,仙台市青葉区,宮城県仙台市青葉区高松二丁目２４－３２ニューライフ高嶺３１２号,やまぼうし,提供中,0425100898,2,2020/4/1,変更,2008/4/1,2008/4/1,,,1:介護サービス包括型,1:Ⅰ型
社会福祉法人仙台市手をつなぐ育成会,仙台ふきのとう,仙台ふきのとう,仙台市青葉区,宮城県仙台市青葉区高松二丁目２４－３２ニューライフ高嶺３１２号,ケアホーム樫の木,提供中,0425100898,3,2020/4/1,変更,2008/4/1,2009/2/1,,,1:介護サービス包括型,1:Ⅰ型
社会福祉法人仙台市手をつなぐ育成会,仙台ふきのとう,仙台ふきのとう,仙台市青葉区,宮城県仙台市青葉区高松二丁目２４－３２ニューライフ高嶺３１２号,ケアホーム松の木,提供中,0425100898,4,2020/4/1,変更,2008/4/1,2009/2/1,,,1:介護サービス包括型,1:Ⅰ型
社会福祉法人仙台市手をつなぐ育成会,仙台ふきのとう,仙台ふきのとう,仙台市青葉区,宮城県仙台市青葉区高松二丁目２４－３２ニューライフ高嶺３１２号,ケアホーム楓,提供中,0425100898,5,2020/4/1,変更,2008/4/1,2009/4/1,,,1:介護サービス包括型,1:Ⅰ型
社会福祉法人仙台市手をつなぐ育成会,仙台ふきのとう,仙台ふきのとう,仙台市青葉区,宮城県仙台市青葉区高松二丁目２４－３２ニューライフ高嶺３１２号,ケアホームコナラ,提供中,0425100898,6,2020/4/1,変更,2008/4/1,2009/8/1,,,1:介護サービス包括型,1:Ⅰ型
社会福祉法人仙台市手をつなぐ育成会,仙台ふきのとう,仙台ふきのとう,仙台市青葉区,宮城県仙台市青葉区高松二丁目２４－３２ニューライフ高嶺３１２号,ケアホーム緑,提供中,0425100898,7,2020/4/1,変更,2008/4/1,2010/7/1,,,1:介護サービス包括型,1:Ⅰ型
社会福祉法人仙台市手をつなぐ育成会,仙台ふきのとう,仙台ふきのとう,仙台市青葉区,宮城県仙台市青葉区高松二丁目２４－３２ニューライフ高嶺３１２号,ケアホームゆずの木,提供中,0425100898,8,2020/4/1,変更,2008/4/1,2013/11/1,,,1:介護サービス包括型,1:Ⅰ型
社会福祉法人仙台市手をつなぐ育成会,仙台ふきのとう,仙台ふきのとう,仙台市青葉区,宮城県仙台市青葉区高松二丁目２４－３２ニューライフ高嶺３１２号,ケアホームくりの木,提供中,0425100898,9,2020/4/1,変更,2008/4/1,2014/1/1,,,1:介護サービス包括型,1:Ⅰ型
社会福祉法人家庭福祉会,のぞみホーム,のぞみホーム,仙台市宮城野区,宮城県仙台市宮城野区二の森14番3号,高松ホーム,提供中,0425200615,1,2020/4/1,変更,2008/4/1,2008/4/1,,,1:介護サービス包括型,3:Ⅲ型
社会福祉法人家庭福祉会,のぞみホーム,のぞみホーム,仙台市宮城野区,宮城県仙台市宮城野区二の森14番3号,鶴ヶ谷住宅ホーム,提供中,0425200615,10,2020/4/1,変更,2008/4/1,2008/4/1,,,1:介護サービス包括型,3:Ⅲ型
社会福祉法人家庭福祉会,のぞみホーム,のぞみホーム,仙台市宮城野区,宮城県仙台市宮城野区二の森14番3号,南光台ホーム,提供中,0425200615,11,2020/4/1,変更,2008/4/1,2008/4/1,,,1:介護サービス包括型,3:Ⅲ型
社会福祉法人家庭福祉会,のぞみホーム,のぞみホーム,仙台市宮城野区,宮城県仙台市宮城野区二の森14番3号,すみれホーム,提供中,0425200615,12,2020/4/1,変更,2008/4/1,2009/4/1,,,1:介護サービス包括型,3:Ⅲ型
社会福祉法人家庭福祉会,のぞみホーム,のぞみホーム,仙台市宮城野区,宮城県仙台市宮城野区二の森14番3号,ひばりホーム,提供中,0425200615,13,2020/4/1,変更,2008/4/1,2009/4/1,,,1:介護サービス包括型,3:Ⅲ型
社会福祉法人家庭福祉会,のぞみホーム,のぞみホーム,仙台市宮城野区,宮城県仙台市宮城野区二の森14番3号,あさひホーム,提供中,0425200615,14,2020/4/1,変更,2008/4/1,2012/4/1,,,1:介護サービス包括型,3:Ⅲ型
社会福祉法人家庭福祉会,のぞみホーム,のぞみホーム,仙台市宮城野区,宮城県仙台市宮城野区二の森14番3号,さつきホーム,提供中,0425200615,16,2020/4/1,変更,2008/4/1,2014/4/1,,,1:介護サービス包括型,3:Ⅲ型
社会福祉法人家庭福祉会,のぞみホーム,のぞみホーム,仙台市宮城野区,宮城県仙台市宮城野区二の森14番3号,かえでホーム,提供中,0425200615,2,2020/4/1,変更,2008/4/1,2008/4/1,,,1:介護サービス包括型,3:Ⅲ型
社会福祉法人家庭福祉会,のぞみホーム,のぞみホーム,仙台市宮城野区,宮城県仙台市宮城野区二の森14番3号,泉ホーム,提供中,0425200615,3,2020/4/1,変更,2008/4/1,2008/4/1,,,1:介護サービス包括型,3:Ⅲ型
社会福祉法人家庭福祉会,のぞみホーム,のぞみホーム,仙台市宮城野区,宮城県仙台市宮城野区二の森14番3号,さくらホーム,提供中,0425200615,5,2020/4/1,変更,2008/4/1,2008/4/1,,,1:介護サービス包括型,3:Ⅲ型
社会福祉法人家庭福祉会,のぞみホーム,のぞみホーム,仙台市宮城野区,宮城県仙台市宮城野区二の森14番3号,つばきホーム,提供中,0425200615,6,2020/4/1,変更,2008/4/1,2008/4/1,,,1:介護サービス包括型,3:Ⅲ型
社会福祉法人家庭福祉会,のぞみホーム,のぞみホーム,仙台市宮城野区,宮城県仙台市宮城野区二の森14番3号,さいわいホーム,提供中,0425200615,7,2020/4/1,変更,2008/4/1,2008/4/1,,,1:介護サービス包括型,3:Ⅲ型
社会福祉法人家庭福祉会,のぞみホーム,のぞみホーム,仙台市宮城野区,宮城県仙台市宮城野区二の森14番3号,わかばホーム,提供中,0425200615,9,2020/4/1,変更,2008/4/1,2008/4/1,,,1:介護サービス包括型,3:Ⅲ型
社会福祉法人みずほ,グループホームうらやす,グループホームうらやす,名取市,宮城県名取市下余田字鹿島８６番地５,グループホームうらやす,提供中,0420700189,1,2020/3/2,変更,2008/3/1,2008/3/1,,,1:介護サービス包括型,1:Ⅰ型
特定非営利活動法人みやぎこうでねいと,みやぎこうでねいとファミリアハウス,みやぎこうでねいとファミリアハウス,仙台市青葉区,宮城県仙台市青葉区一番町二丁目５－２２,ファミリアハウス旭ヶ丘,提供中,0425100849,11,2020/7/1,変更,2007/11/1,2014/12/1,,,1:介護サービス包括型,1:Ⅰ型
特定非営利活動法人みやぎこうでねいと,みやぎこうでねいとファミリアハウス,みやぎこうでねいとファミリアハウス,仙台市青葉区,宮城県仙台市青葉区一番町二丁目５－２２,ファミリアハウス西多賀,提供中,0425100849,15,2020/7/1,変更,2007/11/1,2014/12/1,,,1:介護サービス包括型,1:Ⅰ型
特定非営利活動法人みやぎこうでねいと,みやぎこうでねいとファミリアハウス,みやぎこうでねいとファミリアハウス,仙台市青葉区,宮城県仙台市青葉区一番町二丁目５－２２,ファミリアハウス北山,提供中,0425100849,17,2020/7/1,変更,2007/11/1,2017/12/28,,,1:介護サービス包括型,1:Ⅰ型
特定非営利活動法人みやぎこうでねいと,みやぎこうでねいとファミリアハウス,みやぎこうでねいとファミリアハウス,仙台市青葉区,宮城県仙台市青葉区一番町二丁目５－２２,ファミリアハウス貝ヶ森,提供中,0425100849,18,2020/7/1,変更,2007/11/1,2018/1/12,,,1:介護サービス包括型,1:Ⅰ型
特定非営利活動法人みやぎこうでねいと,みやぎこうでねいとファミリアハウス,みやぎこうでねいとファミリアハウス,仙台市青葉区,宮城県仙台市青葉区一番町二丁目５－２２,ファミリアハウス八木山南,提供中,0425100849,3,2020/7/1,変更,2007/11/1,2008/3/1,,,1:介護サービス包括型,1:Ⅰ型
特定非営利活動法人みやぎこうでねいと,みやぎこうでねいとファミリアハウス,みやぎこうでねいとファミリアハウス,仙台市青葉区,宮城県仙台市青葉区一番町二丁目５－２２,ファミリアハウス新田,提供中,0425100849,5,2020/7/1,変更,2007/11/1,2008/7/1,,,1:介護サービス包括型,1:Ⅰ型
特定非営利活動法人みやぎこうでねいと,みやぎこうでねいとファミリアハウス,みやぎこうでねいとファミリアハウス,仙台市青葉区,宮城県仙台市青葉区一番町二丁目５－２２,ファミリアハウス八乙女,提供中,0425100849,6,2020/7/1,変更,2007/11/1,2008/7/1,,,1:介護サービス包括型,1:Ⅰ型
特定非営利活動法人みやぎこうでねいと,みやぎこうでねいとファミリアハウス,みやぎこうでねいとファミリアハウス,仙台市青葉区,宮城県仙台市青葉区一番町二丁目５－２２,ファミリアハウス幸町,提供中,0425100849,7,2020/7/1,変更,2007/11/1,2008/12/1,,,1:介護サービス包括型,1:Ⅰ型
特定非営利活動法人みやぎこうでねいと,みやぎこうでねいとファミリアハウス,みやぎこうでねいとファミリアハウス,仙台市青葉区,宮城県仙台市青葉区一番町二丁目５－２２,ファミリアハウス香澄町,提供中,0425100849,8,2020/7/1,変更,2007/11/1,2008/12/1,,,1:介護サービス包括型,1:Ⅰ型
社会福祉法人宮城県社会福祉協議会,たいはくホーム,たいはくホーム,仙台市太白区,宮城県仙台市太白区旗立2丁目3-1,そらまめホーム,提供中,0425400546,1,2021/2/1,変更,2007/11/1,2007/11/1,,,1:介護サービス包括型,1:Ⅰ型
社会福祉法人宮城県社会福祉協議会,たいはくホーム,たいはくホーム,仙台市太白区,宮城県仙台市太白区旗立2丁目3-1,日本平どんぐりの家,提供中,0425400546,3,2021/2/1,変更,2007/11/1,2007/12/1,,,1:介護サービス包括型,1:Ⅰ型
特定非営利活動法人生活支援きょうどう舎,きょうどう舎グループホーム,きょうどう舎グループホーム,仙台市宮城野区,宮城県仙台市宮城野区幸町三丁目４番15号サンライフ高嶺T105号室,るりびたき,提供中,0425200516,1,2020/7/1,変更,2007/10/15,2007/10/15,,,1:介護サービス包括型,3:Ⅲ型
特定非営利活動法人生活支援きょうどう舎,きょうどう舎グループホーム,きょうどう舎グループホーム,仙台市宮城野区,宮城県仙台市宮城野区幸町三丁目４番15号サンライフ高嶺T105号室,せきれい,提供中,0425200516,2,2020/7/1,変更,2007/10/15,2008/4/1,,,1:介護サービス包括型,3:Ⅲ型
特定非営利活動法人生活支援きょうどう舎,きょうどう舎グループホーム,きょうどう舎グループホーム,仙台市宮城野区,宮城県仙台市宮城野区幸町三丁目４番15号サンライフ高嶺T105号室,もず,提供中,0425200516,3,2020/7/1,変更,2007/10/15,2008/4/1,,,1:介護サービス包括型,3:Ⅲ型
特定非営利活動法人生活支援きょうどう舎,きょうどう舎グループホーム,きょうどう舎グループホーム,仙台市宮城野区,宮城県仙台市宮城野区幸町三丁目４番15号サンライフ高嶺T105号室,ゆりかもめ,提供中,0425200516,4,2020/7/1,変更,2007/10/15,2008/4/1,,,1:介護サービス包括型,3:Ⅲ型
特定非営利活動法人生活支援きょうどう舎,きょうどう舎グループホーム,きょうどう舎グループホーム,仙台市宮城野区,宮城県仙台市宮城野区幸町三丁目４番15号サンライフ高嶺T105号室,つぐみ,提供中,0425200516,5,2020/7/1,変更,2007/10/15,2008/4/1,,,1:介護サービス包括型,3:Ⅲ型
特定非営利活動法人生活支援きょうどう舎,きょうどう舎グループホーム,きょうどう舎グループホーム,仙台市宮城野区,宮城県仙台市宮城野区幸町三丁目４番15号サンライフ高嶺T105号室,はやぶさ,提供中,0425200516,6,2020/7/1,変更,2007/10/15,2011/4/1,,,1:介護サービス包括型,3:Ⅲ型
特定非営利活動法人生活支援きょうどう舎,きょうどう舎グループホーム,きょうどう舎グループホーム,仙台市宮城野区,宮城県仙台市宮城野区幸町三丁目４番15号サンライフ高嶺T105号室,ほおじろ,提供中,0425200516,7,2020/7/1,変更,2007/10/15,2014/4/1,,,1:介護サービス包括型,3:Ⅲ型
特定非営利活動法人生活支援きょうどう舎,きょうどう舎グループホーム,きょうどう舎グループホーム,仙台市宮城野区,宮城県仙台市宮城野区幸町三丁目４番15号サンライフ高嶺T105号室,めじろ,提供中,0425200516,8,2020/7/1,変更,2007/10/15,2015/4/1,,,1:介護サービス包括型,3:Ⅲ型
社会福祉法人宮城福祉会,グループホームあいやま　こもれびの家,グループホームあいやま　こもれびの家,柴田郡村田町,宮城県柴田郡村田町村田字相山１００番地５,グループホームあいやまこもれびの家,提供中,0422200279,1,2020/5/1,変更,2007/9/1,2007/9/1,,,1:介護サービス包括型,1:Ⅰ型
社会福祉法人チャレンジドらいふ,グループホームやまてまち,グループホームやまてまち,仙台市青葉区,宮城県仙台市青葉区山手町28番32号,グループホームやまてまち,提供中,0425100757,1,2020/4/1,変更,2007/5/1,2007/5/1,,,1:介護サービス包括型,1:Ⅰ型
社会福祉法人チャレンジドらいふ,グループホームやまてまち,グループホームやまてまち,仙台市青葉区,宮城県仙台市青葉区山手町28番32号,グループホーム　かみやがり,提供中,0425100757,3,2020/4/1,変更,2007/5/1,2015/4/1,,,1:介護サービス包括型,1:Ⅰ型
社会福祉法人チャレンジドらいふ,グループホームやまてまち,グループホームやまてまち,仙台市青葉区,宮城県仙台市青葉区山手町28番32号,グループホームきくたまち,提供中,0425100757,4,2020/4/1,変更,2007/5/1,2018/2/1,,,1:介護サービス包括型,1:Ⅰ型
社会福祉法人チャレンジドらいふ,グループホームやまてまち,グループホームやまてまち,仙台市青葉区,宮城県仙台市青葉区山手町28番32号,グループホームやまてまちⅡ,提供中,0425100757,5,2020/4/1,変更,2007/5/1,2018/6/1,,,1:介護サービス包括型,1:Ⅰ型
社会福祉法人チャレンジドらいふ,グループホームやまてまち,グループホームやまてまち,仙台市青葉区,宮城県仙台市青葉区山手町28番32号,グループホームさくらがおか,提供中,0425100757,6,2020/4/1,変更,2007/5/1,2018/6/1,,,1:介護サービス包括型,1:Ⅰ型
社会福祉法人チャレンジドらいふ,グループホームやまてまち,グループホームやまてまち,仙台市青葉区,宮城県仙台市青葉区山手町28番32号,グループホームかわだいら,提供中,0425100757,7,2020/4/1,変更,2007/5/1,2018/6/1,,,1:介護サービス包括型,1:Ⅰ型
特定非営利活動法人あゆみ,グループホームあゆみ,グループホームあゆみ,仙台市泉区,宮城県仙台市泉区南光台南三丁目35番10号,あゆみ本館,提供中,0425500303,1,2020/4/1,変更,2007/5/1,2007/5/1,,,1:介護サービス包括型,1:Ⅰ型
特定非営利活動法人あゆみ,グループホームあゆみ,グループホームあゆみ,仙台市泉区,宮城県仙台市泉区南光台南三丁目35番10号,あゆみ一号館,提供中,0425500303,2,2020/4/1,変更,2007/5/1,2007/5/1,,,1:介護サービス包括型,1:Ⅰ型
特定非営利活動法人あゆみ,グループホームあゆみ,グループホームあゆみ,仙台市泉区,宮城県仙台市泉区南光台南三丁目35番10号,あゆみ二号館,提供中,0425500303,3,2020/4/1,変更,2007/5/1,2007/5/1,,,1:介護サービス包括型,1:Ⅰ型
特定非営利活動法人あゆみ,グループホームあゆみ,グループホームあゆみ,仙台市泉区,宮城県仙台市泉区南光台南三丁目35番10号,あゆみ三号館,提供中,0425500303,4,2020/4/1,変更,2007/5/1,2007/5/1,,,1:介護サービス包括型,1:Ⅰ型
特定非営利活動法人あゆみ,グループホームあゆみ,グループホームあゆみ,仙台市泉区,宮城県仙台市泉区南光台南三丁目35番10号,あゆみ5号館,提供中,0425500303,6,2020/4/1,変更,2007/5/1,2009/9/1,,,1:介護サービス包括型,1:Ⅰ型
特定非営利活動法人あゆみ,グループホームあゆみ,グループホームあゆみ,仙台市泉区,宮城県仙台市泉区南光台南三丁目35番10号,あゆみＡＰ,提供中,0425500303,7,2020/4/1,変更,2007/5/1,2015/10/1,,,1:介護サービス包括型,1:Ⅰ型
有限会社ナチュラルプランニングサービス,Ｔたいむ,Ｔたいむ,仙台市泉区,宮城県仙台市泉区南光台東二丁目２１－１１,Ｔたいむ,提供中,0425500485,1,2020/4/1,変更,2007/4/1,2007/4/1,,,1:介護サービス包括型,1:Ⅰ型
有限会社ナチュラルプランニングサービス,Ｔたいむ,Ｔたいむ,仙台市泉区,宮城県仙台市泉区南光台東二丁目２１－１１,Tたいむ黒松Ⅰ,提供中,0425500485,2,2020/4/1,変更,2007/4/1,2012/7/1,,,1:介護サービス包括型,1:Ⅰ型
有限会社ナチュラルプランニングサービス,Ｔたいむ,Ｔたいむ,仙台市泉区,宮城県仙台市泉区南光台東二丁目２１－１１,Tたいむ黒松Ⅱ,提供中,0425500485,3,2020/4/1,変更,2007/4/1,2012/7/1,,,1:介護サービス包括型,1:Ⅰ型
有限会社ナチュラルプランニングサービス,Ｔたいむ,Ｔたいむ,仙台市泉区,宮城県仙台市泉区南光台東二丁目２１－１１,Ｔタイム市名坂,提供中,0425500485,4,2020/4/17,新規,2007/4/1,2020/4/17,,,1:介護サービス包括型,2:Ⅱ型
社会福祉法人鶴寿会,知的障碍者グループホームはぐくみ,グループホームはぐくみ,柴田郡川崎町,宮城県柴田郡川崎町川内字河原前5-5,グループホームはぐくみ,提供中,0422200253,1,2019/10/1,変更,2007/3/15,2007/3/15,,,1:介護サービス包括型,3:Ⅲ型
医療法人菅野愛生会,グループホームひだまり,グループホームひだまり,塩竈市,宮城県塩竈市母子沢町１９－２,グループホームひだまり,提供中,0420300121,1,2018/11/1,変更,2006/10/1,2006/10/1,,,1:介護サービス包括型,1:Ⅰ型
医療法人菅野愛生会,グループホームひだまり,グループホームひだまり,塩竈市,宮城県塩竈市母子沢町１９－２,グループホームひまわり,提供中,0420300121,2,2018/11/1,変更,2006/10/1,2006/10/1,,,1:介護サービス包括型,1:Ⅰ型
社会福祉法人　嶋福祉会,さくらの家,さくらの家,塩竈市,宮城県塩竈市杉の入四丁目３－８,グループホームふないり,提供中,0420300139,3,2020/4/1,変更,2006/10/1,2006/10/1,,,1:介護サービス包括型,1:Ⅰ型
社会福祉法人　嶋福祉会,さくらの家,さくらの家,塩竈市,宮城県塩竈市杉の入四丁目３－８,グループホームしょうようだい,提供中,0420300139,4,2020/4/1,変更,2006/10/1,2006/10/1,,,1:介護サービス包括型,1:Ⅰ型
社会福祉法人　嶋福祉会,さくらの家,さくらの家,塩竈市,宮城県塩竈市杉の入四丁目３－８,グループホームたがじょう,提供中,0420300139,5,2020/4/1,変更,2006/10/1,2008/2/18,,,1:介護サービス包括型,1:Ⅰ型
社会福祉法人　嶋福祉会,さくらの家,さくらの家,塩竈市,宮城県塩竈市杉の入四丁目３－８,グループホームなでしこ,提供中,0420300139,8,2020/4/1,変更,2006/10/1,2011/12/3,,,1:介護サービス包括型,1:Ⅰ型
社会福祉法人　嶋福祉会,さくらの家,さくらの家,塩竈市,宮城県塩竈市杉の入四丁目３－８,グループホームこしのうら,提供中,0420300139,9,2020/4/1,変更,2006/10/1,2015/1/14,,,1:介護サービス包括型,1:Ⅰ型
社会福祉法人洗心会,白浜荘,白浜荘,気仙沼市,宮城県気仙沼市唐桑町馬場70-2,白浜荘,提供中,0420500142,1,2021/2/1,変更,2006/10/1,2006/10/1,,,1:介護サービス包括型,2:Ⅱ型
社会福祉法人洗心会,白浜荘,白浜荘,気仙沼市,宮城県気仙沼市唐桑町馬場70-2,つばき荘,提供中,0420500142,2,2021/2/1,変更,2006/10/1,2006/10/1,,,1:介護サービス包括型,2:Ⅱ型
社会福祉法人洗心会,白浜荘,白浜荘,気仙沼市,宮城県気仙沼市唐桑町馬場70-2,しゃくなげ,提供中,0420500142,3,2021/2/1,変更,2006/10/1,2006/10/1,,,1:介護サービス包括型,2:Ⅱ型
社会福祉法人洗心会,白浜荘,白浜荘,気仙沼市,宮城県気仙沼市唐桑町馬場70-2,宿浦荘,提供中,0420500142,4,2021/2/1,変更,2006/10/1,2006/10/1,,,1:介護サービス包括型,2:Ⅱ型
社会福祉法人洗心会,白浜荘,白浜荘,気仙沼市,宮城県気仙沼市唐桑町馬場70-2,サンポート,提供中,0420500142,5,2021/2/1,変更,2006/10/1,2006/10/1,,,1:介護サービス包括型,2:Ⅱ型
医療法人移川哲仁会,グループホーム　ラ・マンチャ,グループホーム　ラ・マンチャ,気仙沼市,宮城県気仙沼市上田中1-1-21,グループホーム　ラ・マンチャ,提供中,0420500159,1,2018/10/1,変更,2006/10/1,2006/10/1,,,2:外部サービス利用型,1:Ⅰ型
医療法人社団蔵王会,グルッペ,グルッペ,白石市,宮城県白石市大鷹沢三沢字中山７４番地の１４,グルッペ,提供中,0420600017,1,2018/10/1,変更,2006/10/1,2006/10/1,,,2:外部サービス利用型,1:Ⅰ型
医療法人社団蔵王会,グルッペ,グルッペ,白石市,宮城県白石市大鷹沢三沢字中山７４番地の１４,グルッペ　W,提供中,0420600017,2,2018/10/1,変更,2006/10/1,2013/4/1,,,2:外部サービス利用型,1:Ⅰ型
社会福祉法人白石陽光園,東町ホーム,東町ホーム,白石市,宮城県白石市東町三丁目３番２５号,東町ホーム,提供中,0420600140,1,2019/11/1,変更,2006/10/1,2006/10/1,,,1:介護サービス包括型,2:Ⅱ型
社会福祉法人白石陽光園,東町ホーム,東町ホーム,白石市,宮城県白石市東町三丁目３番２５号,あい友ホーム,提供中,0420600140,10,2019/11/1,変更,2006/10/1,2006/10/1,,,1:介護サービス包括型,2:Ⅱ型
社会福祉法人白石陽光園,東町ホーム,東町ホーム,白石市,宮城県白石市東町三丁目３番２５号,寿山ホーム,提供中,0420600140,12,2019/11/1,変更,2006/10/1,2006/10/1,,,1:介護サービス包括型,2:Ⅱ型
社会福祉法人白石陽光園,東町ホーム,東町ホーム,白石市,宮城県白石市東町三丁目３番２５号,深谷ホーム,提供中,0420600140,14,2019/11/1,変更,2006/10/1,2006/10/1,,,1:介護サービス包括型,2:Ⅱ型
社会福祉法人白石陽光園,東町ホーム,東町ホーム,白石市,宮城県白石市東町三丁目３番２５号,半沢屋敷ホーム,提供中,0420600140,15,2019/11/1,変更,2006/10/1,2006/10/1,,,1:介護サービス包括型,2:Ⅱ型
社会福祉法人白石陽光園,東町ホーム,東町ホーム,白石市,宮城県白石市東町三丁目３番２５号,観音崎ホーム,提供中,0420600140,16,2019/11/1,変更,2006/10/1,2006/10/1,,,1:介護サービス包括型,2:Ⅱ型
社会福祉法人白石陽光園,東町ホーム,東町ホーム,白石市,宮城県白石市東町三丁目３番２５号,鷹巣ホーム,提供中,0420600140,18,2019/11/1,変更,2006/10/1,2006/10/1,,,1:介護サービス包括型,2:Ⅱ型
社会福祉法人白石陽光園,東町ホーム,東町ホーム,白石市,宮城県白石市東町三丁目３番２５号,陣場が丘ホーム,提供中,0420600140,19,2019/11/1,変更,2006/10/1,2006/10/1,,,1:介護サービス包括型,2:Ⅱ型
社会福祉法人白石陽光園,東町ホーム,東町ホーム,白石市,宮城県白石市東町三丁目３番２５号,森合ホーム,提供中,0420600140,20,2019/11/1,変更,2006/10/1,2006/10/1,,,1:介護サービス包括型,2:Ⅱ型
社会福祉法人白石陽光園,東町ホーム,東町ホーム,白石市,宮城県白石市東町三丁目３番２５号,西益岡ホーム,提供中,0420600140,21,2019/11/1,変更,2006/10/1,2006/10/1,,,1:介護サービス包括型,2:Ⅱ型
社会福祉法人白石陽光園,東町ホーム,東町ホーム,白石市,宮城県白石市東町三丁目３番２５号,旭町ホーム,提供中,0420600140,22,2019/11/1,変更,2006/10/1,2006/10/1,,,1:介護サービス包括型,2:Ⅱ型
社会福祉法人白石陽光園,東町ホーム,東町ホーム,白石市,宮城県白石市東町三丁目３番２５号,八反町ホーム,提供中,0420600140,23,2019/11/1,変更,2006/10/1,2006/10/1,,,1:介護サービス包括型,2:Ⅱ型
社会福祉法人白石陽光園,東町ホーム,東町ホーム,白石市,宮城県白石市東町三丁目３番２５号,末広ホーム,提供中,0420600140,24,2019/11/1,変更,2006/10/1,2006/10/1,,,1:介護サービス包括型,2:Ⅱ型
社会福祉法人白石陽光園,東町ホーム,東町ホーム,白石市,宮城県白石市東町三丁目３番２５号,保料ホーム,提供中,0420600140,25,2019/11/1,変更,2006/10/1,2006/10/1,,,1:介護サービス包括型,2:Ⅱ型
社会福祉法人白石陽光園,東町ホーム,東町ホーム,白石市,宮城県白石市東町三丁目３番２５号,新館ホーム,提供中,0420600140,27,2019/11/1,変更,2006/10/1,2006/10/1,,,1:介護サービス包括型,2:Ⅱ型
社会福祉法人白石陽光園,東町ホーム,東町ホーム,白石市,宮城県白石市東町三丁目３番２５号,山ノ下ホーム,提供中,0420600140,30,2019/11/1,変更,2006/10/1,2006/10/1,,,1:介護サービス包括型,2:Ⅱ型
社会福祉法人白石陽光園,東町ホーム,東町ホーム,白石市,宮城県白石市東町三丁目３番２５号,東八幡ホーム,提供中,0420600140,31,2019/11/1,変更,2006/10/1,2011/4/1,,,1:介護サービス包括型,2:Ⅱ型
社会福祉法人白石陽光園,東町ホーム,東町ホーム,白石市,宮城県白石市東町三丁目３番２５号,田町ホーム,提供中,0420600140,32,2019/11/1,変更,2006/10/1,2011/4/1,,,1:介護サービス包括型,2:Ⅱ型
社会福祉法人白石陽光園,東町ホーム,東町ホーム,白石市,宮城県白石市東町三丁目３番２５号,八ツ森ホーム,提供中,0420600140,33,2019/11/1,変更,2006/10/1,2011/4/1,,,1:介護サービス包括型,2:Ⅱ型
社会福祉法人白石陽光園,東町ホーム,東町ホーム,白石市,宮城県白石市東町三丁目３番２５号,大平ホーム,提供中,0420600140,34,2019/11/1,変更,2006/10/1,2012/4/1,,,1:介護サービス包括型,2:Ⅱ型
社会福祉法人白石陽光園,東町ホーム,東町ホーム,白石市,宮城県白石市東町三丁目３番２５号,城南ホーム,提供中,0420600140,35,2019/11/1,変更,2006/10/1,2012/4/1,,,1:介護サービス包括型,2:Ⅱ型
社会福祉法人白石陽光園,東町ホーム,東町ホーム,白石市,宮城県白石市東町三丁目３番２５号,西堀ホーム,提供中,0420600140,36,2019/11/1,変更,2006/10/1,2019/4/1,,,1:介護サービス包括型,2:Ⅱ型
社会福祉法人白石陽光園,東町ホーム,東町ホーム,白石市,宮城県白石市東町三丁目３番２５号,グループホームえがお,提供中,0420600140,37,2019/11/1,変更,2006/10/1,2019/4/1,,,1:介護サービス包括型,2:Ⅱ型
社会福祉法人白石陽光園,東町ホーム,東町ホーム,白石市,宮城県白石市東町三丁目３番２５号,グループホームほほえみ,提供中,0420600140,38,2019/11/1,変更,2006/10/1,2019/4/1,,,1:介護サービス包括型,2:Ⅱ型
社会福祉法人白石陽光園,東町ホーム,東町ホーム,白石市,宮城県白石市東町三丁目３番２５号,延命寺北ホーム,提供中,0420600140,4,2019/11/1,変更,2006/10/1,2006/10/1,,,1:介護サービス包括型,2:Ⅱ型
社会福祉法人白石陽光園,東町ホーム,東町ホーム,白石市,宮城県白石市東町三丁目３番２５号,本郷ホーム,提供中,0420600140,5,2019/11/1,変更,2006/10/1,2006/10/1,,,1:介護サービス包括型,2:Ⅱ型
社会福祉法人白石陽光園,東町ホーム,東町ホーム,白石市,宮城県白石市東町三丁目３番２５号,大川ホーム,提供中,0420600140,6,2019/11/1,変更,2006/10/1,2006/10/1,,,1:介護サービス包括型,2:Ⅱ型
社会福祉法人白石陽光園,東町ホーム,東町ホーム,白石市,宮城県白石市東町三丁目３番２５号,柴田ホーム,提供中,0420600140,7,2019/11/1,変更,2006/10/1,2006/10/1,,,1:介護サービス包括型,2:Ⅱ型
社会福祉法人白石陽光園,東町ホーム,東町ホーム,白石市,宮城県白石市東町三丁目３番２５号,本町ホーム,提供中,0420600140,8,2019/11/1,変更,2006/10/1,2006/10/1,,,1:介護サービス包括型,2:Ⅱ型
社会福祉法人白石陽光園,東町ホーム,東町ホーム,白石市,宮城県白石市東町三丁目３番２５号,大畑ホーム,提供中,0420600140,9,2019/11/1,変更,2006/10/1,2006/10/1,,,1:介護サービス包括型,2:Ⅱ型
特定非営利活動法人名取メンタルヘルス協会,名取メンタルヘルス,名取メンタルヘルス,名取市,宮城県名取市名取が丘二丁目１０－１齋藤荘,齋藤荘,提供中,0420700148,1,2019/11/1,変更,2006/10/1,2006/10/1,,,1:介護サービス包括型,1:Ⅰ型
特定非営利活動法人名取メンタルヘルス協会,名取メンタルヘルス,名取メンタルヘルス,名取市,宮城県名取市名取が丘二丁目１０－１齋藤荘,土屋荘,提供中,0420700148,2,2019/11/1,変更,2006/10/1,2006/10/1,,,1:介護サービス包括型,1:Ⅰ型
特定非営利活動法人名取メンタルヘルス協会,名取メンタルヘルス,名取メンタルヘルス,名取市,宮城県名取市名取が丘二丁目１０－１齋藤荘,大内荘,提供中,0420700148,3,2019/11/1,変更,2006/10/1,2006/10/1,,,1:介護サービス包括型,1:Ⅰ型
特定非営利活動法人名取メンタルヘルス協会,名取メンタルヘルス,名取メンタルヘルス,名取市,宮城県名取市名取が丘二丁目１０－１齋藤荘,高橋荘,提供中,0420700148,4,2020/1/1,変更,2006/10/1,2006/10/1,,,1:介護サービス包括型,1:Ⅰ型
特定非営利活動法人名取メンタルヘルス協会,名取メンタルヘルス,名取メンタルヘルス,名取市,宮城県名取市名取が丘二丁目１０－１齋藤荘,小泉荘,提供中,0420700148,5,2020/11/1,変更,2006/10/1,2006/10/1,,,1:介護サービス包括型,1:Ⅰ型
社会福祉法人臥牛三敬会,レインボー角田,レインボー角田,角田市,宮城県角田市角田字田町54-1,レインボー緑町,提供中,0420800062,2,2018/10/1,変更,2006/10/1,2006/10/1,,,1:介護サービス包括型,1:Ⅰ型
社会福祉法人臥牛三敬会,レインボー角田,レインボー角田,角田市,宮城県角田市角田字田町54-1,レインボー柴田,提供中,0420800062,4,2018/10/1,変更,2006/10/1,2007/12/17,,,1:介護サービス包括型,3:Ⅲ型
社会福祉法人臥牛三敬会,レインボー角田,レインボー角田,角田市,宮城県角田市角田字田町54-1,レインボー西田町,提供中,0420800062,5,2018/10/1,変更,2006/10/1,2009/6/28,,,1:介護サービス包括型,1:Ⅰ型
医療法人財団姉歯松風会,すけっとホーム,すけっとホーム,登米市,宮城県登米市石越町南郷字小谷地前１－１,のぞみハイツ,提供中,0421200171,1,2020/5/1,変更,2006/10/1,2006/10/1,,,1:介護サービス包括型,1:Ⅰ型
医療法人財団姉歯松風会,すけっとホーム,すけっとホーム,登米市,宮城県登米市石越町南郷字小谷地前１－１,小谷地ハイツ,提供中,0421200171,3,2020/5/1,変更,2006/10/1,2006/10/1,,,1:介護サービス包括型,1:Ⅰ型
医療法人財団姉歯松風会,すけっとホーム,すけっとホーム,登米市,宮城県登米市石越町南郷字小谷地前１－１,めざめハイツ,提供中,0421200171,4,2020/5/1,変更,2006/10/1,2009/4/1,,,1:介護サービス包括型,1:Ⅰ型
医療法人財団姉歯松風会,すけっとホーム,すけっとホーム,登米市,宮城県登米市石越町南郷字小谷地前１－１,てんまり,提供中,0421200171,5,2020/5/1,変更,2006/10/1,2009/4/1,,,1:介護サービス包括型,1:Ⅰ型
医療法人財団姉歯松風会,すけっとホーム,すけっとホーム,登米市,宮城県登米市石越町南郷字小谷地前１－１,なごみハイツ　　,提供中,0421200171,6,2020/5/1,変更,2006/10/1,2012/5/1,,,1:介護サービス包括型,1:Ⅰ型
社会福祉法人　恵泉会,恵泉会グループホーム,恵泉会グループホーム,登米市,宮城県登米市中田町浅水字長谷山３５２－２,みなみホーム,提供中,0421200197,1,2019/10/1,変更,2006/10/1,2006/10/1,,,1:介護サービス包括型,1:Ⅰ型
社会福祉法人　恵泉会,恵泉会グループホーム,恵泉会グループホーム,登米市,宮城県登米市中田町浅水字長谷山３５２－２,こまひきホーム,提供中,0421200197,10,2019/10/1,変更,2006/10/1,2006/10/1,,,1:介護サービス包括型,1:Ⅰ型
社会福祉法人　恵泉会,恵泉会グループホーム,恵泉会グループホーム,登米市,宮城県登米市中田町浅水字長谷山３５２－２,こだまホーム,提供中,0421200197,11,2019/10/1,変更,2006/10/1,2006/10/1,,,1:介護サービス包括型,1:Ⅰ型
社会福祉法人　恵泉会,恵泉会グループホーム,恵泉会グループホーム,登米市,宮城県登米市中田町浅水字長谷山３５２－２,にしきホーム,提供中,0421200197,12,2019/10/1,変更,2006/10/1,2006/10/1,,,1:介護サービス包括型,1:Ⅰ型
社会福祉法人　恵泉会,恵泉会グループホーム,恵泉会グループホーム,登米市,宮城県登米市中田町浅水字長谷山３５２－２,さつきホーム,提供中,0421200197,13,2019/10/1,変更,2006/10/1,2006/10/1,,,1:介護サービス包括型,1:Ⅰ型
社会福祉法人　恵泉会,恵泉会グループホーム,恵泉会グループホーム,登米市,宮城県登米市中田町浅水字長谷山３５２－２,はさまホームⅠ,提供中,0421200197,14,2019/10/1,変更,2006/10/1,2006/10/1,,,1:介護サービス包括型,1:Ⅰ型
社会福祉法人　恵泉会,恵泉会グループホーム,恵泉会グループホーム,登米市,宮城県登米市中田町浅水字長谷山３５２－２,はさまホームⅡ,提供中,0421200197,15,2019/10/1,変更,2006/10/1,2006/10/1,,,1:介護サービス包括型,1:Ⅰ型
社会福祉法人　恵泉会,恵泉会グループホーム,恵泉会グループホーム,登米市,宮城県登米市中田町浅水字長谷山３５２－２,石森ホーム,提供中,0421200197,16,2019/10/1,変更,2006/10/1,2008/7/1,,,1:介護サービス包括型,1:Ⅰ型
社会福祉法人　恵泉会,恵泉会グループホーム,恵泉会グループホーム,登米市,宮城県登米市中田町浅水字長谷山３５２－２,梨の木ホーム,提供中,0421200197,17,2019/10/1,変更,2006/10/1,2011/4/1,,,1:介護サービス包括型,1:Ⅰ型
社会福祉法人　恵泉会,恵泉会グループホーム,恵泉会グループホーム,登米市,宮城県登米市中田町浅水字長谷山３５２－２,わたの実ホームⅡ,提供中,0421200197,18,2019/10/1,変更,2006/10/1,2011/4/1,,,1:介護サービス包括型,1:Ⅰ型
社会福祉法人　恵泉会,恵泉会グループホーム,恵泉会グループホーム,登米市,宮城県登米市中田町浅水字長谷山３５２－２,くりの実ホーム,提供中,0421200197,19,2019/10/1,変更,2006/10/1,2011/4/1,,,1:介護サービス包括型,1:Ⅰ型
社会福祉法人　恵泉会,恵泉会グループホーム,恵泉会グループホーム,登米市,宮城県登米市中田町浅水字長谷山３５２－２,わかばホーム,提供中,0421200197,2,2019/10/1,変更,2006/10/1,2006/10/1,,,1:介護サービス包括型,1:Ⅰ型
社会福祉法人　恵泉会,恵泉会グループホーム,恵泉会グループホーム,登米市,宮城県登米市中田町浅水字長谷山３５２－２,かきの実ホーム,提供中,0421200197,20,2019/10/1,変更,2006/10/1,2011/4/1,,,1:介護サービス包括型,1:Ⅰ型
社会福祉法人　恵泉会,恵泉会グループホーム,恵泉会グループホーム,登米市,宮城県登米市中田町浅水字長谷山３５２－２,かりんホームⅠ,提供中,0421200197,21,2019/10/1,変更,2006/10/1,2011/4/1,,,1:介護サービス包括型,1:Ⅰ型
社会福祉法人　恵泉会,恵泉会グループホーム,恵泉会グループホーム,登米市,宮城県登米市中田町浅水字長谷山３５２－２,かごだんホームⅠ,提供中,0421200197,22,2019/10/1,変更,2006/10/1,2011/4/1,,,1:介護サービス包括型,1:Ⅰ型
社会福祉法人　恵泉会,恵泉会グループホーム,恵泉会グループホーム,登米市,宮城県登米市中田町浅水字長谷山３５２－２,かごだんホームⅡ,提供中,0421200197,23,2019/10/1,変更,2006/10/1,2011/4/1,,,1:介護サービス包括型,1:Ⅰ型
社会福祉法人　恵泉会,恵泉会グループホーム,恵泉会グループホーム,登米市,宮城県登米市中田町浅水字長谷山３５２－２,すみれホーム,提供中,0421200197,24,2019/10/1,変更,2006/10/1,2011/4/1,,,1:介護サービス包括型,1:Ⅰ型
社会福祉法人　恵泉会,恵泉会グループホーム,恵泉会グループホーム,登米市,宮城県登米市中田町浅水字長谷山３５２－２,ラベンダーホームⅠ,提供中,0421200197,25,2019/10/1,変更,2006/10/1,2014/4/1,,,1:介護サービス包括型,1:Ⅰ型
社会福祉法人　恵泉会,恵泉会グループホーム,恵泉会グループホーム,登米市,宮城県登米市中田町浅水字長谷山３５２－２,ラベンダーホームⅡ,提供中,0421200197,26,2019/10/1,変更,2006/10/1,2017/6/22,,,1:介護サービス包括型,1:Ⅰ型
社会福祉法人　恵泉会,恵泉会グループホーム,恵泉会グループホーム,登米市,宮城県登米市中田町浅水字長谷山３５２－２,やまびこホームⅠ,提供中,0421200197,3,2019/10/1,変更,2006/10/1,2006/10/1,,,1:介護サービス包括型,1:Ⅰ型
社会福祉法人　恵泉会,恵泉会グループホーム,恵泉会グループホーム,登米市,宮城県登米市中田町浅水字長谷山３５２－２,やまびこホームⅡ,提供中,0421200197,4,2019/10/1,変更,2006/10/1,2006/10/1,,,1:介護サービス包括型,1:Ⅰ型
社会福祉法人　恵泉会,恵泉会グループホーム,恵泉会グループホーム,登米市,宮城県登米市中田町浅水字長谷山３５２－２,ももの木ホームⅠ,提供中,0421200197,5,2019/10/1,変更,2006/10/1,2006/10/1,,,1:介護サービス包括型,1:Ⅰ型
社会福祉法人　恵泉会,恵泉会グループホーム,恵泉会グループホーム,登米市,宮城県登米市中田町浅水字長谷山３５２－２,ももの木ホームⅡ,提供中,0421200197,6,2019/10/1,変更,2006/10/1,2006/10/1,,,1:介護サービス包括型,1:Ⅰ型
社会福祉法人　恵泉会,恵泉会グループホーム,恵泉会グループホーム,登米市,宮城県登米市中田町浅水字長谷山３５２－２,とよまホーム,提供中,0421200197,8,2019/10/1,変更,2006/10/1,2006/10/1,,,1:介護サービス包括型,1:Ⅰ型
社会福祉法人　栗原秀峰会,レガート,レガート,栗原市,宮城県栗原市一迫真坂字真坂町東９７番地の１,さわべホーム,提供中,0421300179,1,2019/11/1,変更,2006/10/1,2006/10/1,,,1:介護サービス包括型,2:Ⅱ型
社会福祉法人　栗原秀峰会,レガート,レガート,栗原市,宮城県栗原市一迫真坂字真坂町東９７番地の１,青空,提供中,0421300179,2,2019/11/1,変更,2006/10/1,2006/10/1,,,1:介護サービス包括型,2:Ⅱ型
社会福祉法人　栗原秀峰会,レガート,レガート,栗原市,宮城県栗原市一迫真坂字真坂町東９７番地の１,アンダンテ,提供中,0421300179,3,2019/11/1,変更,2006/10/1,2006/10/1,,,1:介護サービス包括型,2:Ⅱ型
社会福祉法人　栗原秀峰会,レガート,レガート,栗原市,宮城県栗原市一迫真坂字真坂町東９７番地の１,ビリーブ,提供中,0421300179,4,2019/11/1,変更,2006/10/1,2006/10/1,,,1:介護サービス包括型,2:Ⅱ型
社会福祉法人　栗原秀峰会,レガート,レガート,栗原市,宮城県栗原市一迫真坂字真坂町東９７番地の１,あらまっち,提供中,0421300179,5,2019/11/1,変更,2006/10/1,2019/4/1,,,1:介護サービス包括型,2:Ⅱ型
社会福祉法人　栗原秀峰会,レガート,レガート,栗原市,宮城県栗原市一迫真坂字真坂町東９７番地の１,なかまっち,提供中,0421300179,6,2019/11/1,変更,2006/10/1,2019/4/1,,,1:介護サービス包括型,2:Ⅱ型
社会福祉法人　栗原秀峰会,レガート,レガート,栗原市,宮城県栗原市一迫真坂字真坂町東９７番地の１,もとまっち,提供中,0421300179,7,2019/11/1,変更,2006/10/1,2019/4/1,,,1:介護サービス包括型,2:Ⅱ型
社会福祉法人宮城県社会福祉協議会,さくら,さくら,大崎市,宮城県大崎市古川旭4丁目3-7,さくら,提供中,0421500224,1,2021/2/1,変更,2006/10/1,2006/10/1,,,1:介護サービス包括型,1:Ⅰ型
社会福祉法人宮城県社会福祉協議会,さくら,さくら,大崎市,宮城県大崎市古川旭4丁目3-7,くじら,提供中,0421500224,2,2021/2/1,変更,2006/10/1,2006/10/1,,,1:介護サービス包括型,1:Ⅰ型
社会福祉法人宮城県社会福祉協議会,さくら,さくら,大崎市,宮城県大崎市古川旭4丁目3-7,こはる,提供中,0421500224,3,2021/2/1,変更,2006/10/1,2012/10/2,,,1:介護サービス包括型,1:Ⅰ型
社会福祉法人宮城県社会福祉協議会,さくら,さくら,大崎市,宮城県大崎市古川旭4丁目3-7,あじさい,提供中,0421500224,4,2021/2/1,変更,2006/10/1,2018/1/1,,,1:介護サービス包括型,1:Ⅰ型
社会福祉法人大崎市社会福祉協議会,共同生活援助事業所ケアホーム「あじさい」,共同生活援助事業所ケアホーム「あじさい」,大崎市,宮城県大崎市鹿島台大迫字石竹８１－２４,いちょうホーム,提供中,0421500232,11,2020/8/1,変更,2006/10/1,2006/10/1,,,1:介護サービス包括型,1:Ⅰ型
社会福祉法人大崎市社会福祉協議会,共同生活援助事業所ケアホーム「あじさい」,共同生活援助事業所ケアホーム「あじさい」,大崎市,宮城県大崎市鹿島台大迫字石竹８１－２４,あじさいホーム,提供中,0421500232,12,2020/8/1,変更,2006/10/1,2006/10/1,,,1:介護サービス包括型,1:Ⅰ型
社会福祉法人大崎市社会福祉協議会,共同生活援助事業所ケアホーム「あじさい」,共同生活援助事業所ケアホーム「あじさい」,大崎市,宮城県大崎市鹿島台大迫字石竹８１－２４,すいせんホーム,提供中,0421500232,13,2020/8/1,変更,2006/10/1,2012/8/1,,,1:介護サービス包括型,1:Ⅰ型
社会福祉法人大崎市社会福祉協議会,共同生活援助事業所ケアホーム「あじさい」,共同生活援助事業所ケアホーム「あじさい」,大崎市,宮城県大崎市鹿島台大迫字石竹８１－２４,みちのくホーム,提供中,0421500232,2,2020/8/1,変更,2006/10/1,2006/10/1,,,1:介護サービス包括型,1:Ⅰ型
社会福祉法人大崎市社会福祉協議会,共同生活援助事業所ケアホーム「あじさい」,共同生活援助事業所ケアホーム「あじさい」,大崎市,宮城県大崎市鹿島台大迫字石竹８１－２４,なんてんホーム,提供中,0421500232,4,2020/4/1,変更,2006/10/1,2006/10/1,,,1:介護サービス包括型,1:Ⅰ型
社会福祉法人大崎市社会福祉協議会,共同生活援助事業所ケアホーム「あじさい」,共同生活援助事業所ケアホーム「あじさい」,大崎市,宮城県大崎市鹿島台大迫字石竹８１－２４,なでしこホーム,提供中,0421500232,6,2020/8/1,変更,2006/10/1,2006/10/1,,,1:介護サービス包括型,1:Ⅰ型
社会福祉法人大崎市社会福祉協議会,共同生活援助事業所ケアホーム「あじさい」,共同生活援助事業所ケアホーム「あじさい」,大崎市,宮城県大崎市鹿島台大迫字石竹８１－２４,もみじホーム,提供中,0421500232,7,2020/8/1,変更,2006/10/1,2006/10/1,,,1:介護サービス包括型,1:Ⅰ型
社会福祉法人大崎市社会福祉協議会,共同生活援助事業所ケアホーム「あじさい」,共同生活援助事業所ケアホーム「あじさい」,大崎市,宮城県大崎市鹿島台大迫字石竹８１－２４,こぶしホーム,提供中,0421500232,8,2020/8/1,変更,2006/10/1,2006/10/1,,,1:介護サービス包括型,1:Ⅰ型
社会福祉法人大崎市社会福祉協議会,共同生活援助事業所ケアホーム「あじさい」,共同生活援助事業所ケアホーム「あじさい」,大崎市,宮城県大崎市鹿島台大迫字石竹８１－２４,ききょうホーム,提供中,0421500232,9,2020/8/1,変更,2006/10/1,2006/10/1,,,1:介護サービス包括型,1:Ⅰ型
社会福祉法人大崎誠心会,グループホーム支援センターふわり,グループホーム支援センターふわり,大崎市,宮城県大崎市古川駅前大通六丁目２－１１,しろにしホーム,提供中,0421500240,1,2019/10/1,変更,2006/10/1,2006/10/1,,,1:介護サービス包括型,1:Ⅰ型
社会福祉法人大崎誠心会,グループホーム支援センターふわり,グループホーム支援センターふわり,大崎市,宮城県大崎市古川駅前大通六丁目２－１１,リーベえあい,提供中,0421500240,10,2019/10/1,変更,2006/10/1,2019/2/1,,,1:介護サービス包括型,1:Ⅰ型
社会福祉法人大崎誠心会,グループホーム支援センターふわり,グループホーム支援センターふわり,大崎市,宮城県大崎市古川駅前大通六丁目２－１１,ぎんなんホーム,提供中,0421500240,2,2019/10/1,変更,2006/10/1,2006/10/1,,,1:介護サービス包括型,1:Ⅰ型
社会福祉法人大崎誠心会,グループホーム支援センターふわり,グループホーム支援センターふわり,大崎市,宮城県大崎市古川駅前大通六丁目２－１１,さくらホーム,提供中,0421500240,3,2019/10/1,変更,2006/10/1,2006/10/1,,,1:介護サービス包括型,1:Ⅰ型
社会福祉法人大崎誠心会,グループホーム支援センターふわり,グループホーム支援センターふわり,大崎市,宮城県大崎市古川駅前大通六丁目２－１１,ふるかわホーム,提供中,0421500240,4,2019/10/1,変更,2006/10/1,2006/10/1,,,1:介護サービス包括型,1:Ⅰ型
社会福祉法人大崎誠心会,グループホーム支援センターふわり,グループホーム支援センターふわり,大崎市,宮城県大崎市古川駅前大通六丁目２－１１,たてやまホーム,提供中,0421500240,5,2019/10/1,変更,2006/10/1,2006/10/1,,,1:介護サービス包括型,1:Ⅰ型
社会福祉法人大崎誠心会,グループホーム支援センターふわり,グループホーム支援センターふわり,大崎市,宮城県大崎市古川駅前大通六丁目２－１１,さかえホーム,提供中,0421500240,6,2019/10/1,変更,2006/10/1,2006/10/1,,,1:介護サービス包括型,1:Ⅰ型
社会福祉法人大崎誠心会,グループホーム支援センターふわり,グループホーム支援センターふわり,大崎市,宮城県大崎市古川駅前大通六丁目２－１１,さんぼんぎホーム,提供中,0421500240,7,2019/10/1,変更,2006/10/1,2006/10/1,,,1:介護サービス包括型,1:Ⅰ型
社会福祉法人大崎誠心会,グループホーム支援センターふわり,グループホーム支援センターふわり,大崎市,宮城県大崎市古川駅前大通六丁目２－１１,ルートえあい,提供中,0421500240,8,2019/10/1,変更,2006/10/1,2006/10/1,,,1:介護サービス包括型,1:Ⅰ型
社会福祉法人大崎誠心会,グループホーム支援センターふわり,グループホーム支援センターふわり,大崎市,宮城県大崎市古川駅前大通六丁目２－１１,えきみなみホーム,提供中,0421500240,9,2019/10/1,変更,2006/10/1,2012/4/1,,,1:介護サービス包括型,1:Ⅰ型
医療法人菅野愛生会,グループホームあざみ,グループホームあざみ,大崎市,宮城県大崎市古川稲葉大江向７４－１,グループホームあざみ,提供中,0421500265,1,2018/10/1,変更,2006/10/1,2006/10/1,,,1:介護サービス包括型,2:Ⅱ型
医療法人菅野愛生会,グループホームあざみ,グループホームあざみ,大崎市,宮城県大崎市古川稲葉大江向７４－１,グループホームむくげ,提供中,0421500265,2,2018/10/1,変更,2006/10/1,2008/11/1,,,1:介護サービス包括型,2:Ⅱ型
社会福祉法人宮城福祉会,グループホーム七ヶ宿こもれびの家,グループホーム七ヶ宿こもれびの家,刈田郡七ケ宿町,宮城県刈田郡七ケ宿町字猯２３番地１,グループホーム七ヶ宿こもれびの家,提供中,0422100032,1,2020/4/1,変更,2006/10/1,2006/10/1,,,1:介護サービス包括型,1:Ⅰ型
社会福祉法人はらから福祉会,遠刈田ホーム,遠刈田ホーム,刈田郡蔵王町,宮城県刈田郡蔵王町遠刈田温泉字新地東裏山１５－１０９,遠刈田はらからの家,提供中,0422100040,1,2020/4/1,変更,2006/10/1,2006/10/1,,,1:介護サービス包括型,2:Ⅱ型
社会福祉法人はらから福祉会,遠刈田ホーム,遠刈田ホーム,刈田郡蔵王町,宮城県刈田郡蔵王町遠刈田温泉字新地東裏山１５－１０９,えぼしはらからの家,提供中,0422100040,2,2020/4/1,変更,2006/10/1,2006/10/1,,,1:介護サービス包括型,1:Ⅰ型
社会福祉法人はらから福祉会,蔵王ホーム,蔵王ホーム,刈田郡蔵王町,宮城県刈田郡蔵王町円田字南境１６－６,蔵王ホーム,提供中,0422100057,1,2020/4/1,変更,2006/10/1,2006/10/1,,,1:介護サービス包括型,1:Ⅰ型
社会福祉法人はらから福祉会,蔵王ホーム,蔵王ホーム,刈田郡蔵王町,宮城県刈田郡蔵王町円田字南境１６－６,永野はらからの家,提供中,0422100057,2,2020/4/1,変更,2006/10/1,2006/10/1,,,1:介護サービス包括型,1:Ⅰ型
社会福祉法人はらから福祉会,蔵王ホーム,蔵王ホーム,刈田郡蔵王町,宮城県刈田郡蔵王町円田字南境１６－６,八山はらからの家,提供中,0422100057,3,2020/4/1,変更,2006/10/1,2016/4/1,,,1:介護サービス包括型,1:Ⅰ型
社会福祉法人福寿会,たてやまホーム,たてやまホーム,柴田郡柴田町,宮城県柴田郡柴田町船岡西二丁目11-6,たてやまホーム,提供中,0422200147,1,2020/4/1,変更,2006/10/1,2006/10/1,,2014/3/31,1:介護サービス包括型,3:Ⅲ型
社会福祉法人福寿会,たてやまホーム,たてやまホーム,柴田郡柴田町,宮城県柴田郡柴田町船岡西二丁目11-6,新小路ホーム,提供中,0422200147,2,2020/4/1,変更,2006/10/1,2008/4/1,,2014/3/31,1:介護サービス包括型,3:Ⅲ型
社会福祉法人常盤福祉会,グループホーム多機能型地域ケアホームつきのき,グループホーム多機能型地域ケアホームつきのき,柴田郡柴田町,宮城県柴田郡柴田町槻木上町１丁目１番３２,グループホーム多機能型地域ケアホームつきのき,提供中,0422200154,1,2019/10/1,変更,2006/10/1,2006/10/1,,,1:介護サービス包括型,1:Ⅰ型
社会福祉法人常盤福祉会,グループホーム多機能型地域ケアホームつきのき,グループホーム多機能型地域ケアホームつきのき,柴田郡柴田町,宮城県柴田郡柴田町槻木上町１丁目１番３２,グループホームふなおか,提供中,0422200154,2,2019/10/1,変更,2006/10/1,2006/10/1,,,1:介護サービス包括型,1:Ⅰ型
医療法人社団清山会,ケアホームさくらの杜,ケアホームさくらの杜,柴田郡大河原町,宮城県柴田郡大河原町字広表33番地6,ケアホームさくらの杜,提供中,0422200162,1,2018/10/1,変更,2006/10/1,2006/10/1,,,1:介護サービス包括型,1:Ⅰ型
社会福祉法人はらから福祉会,村田ホーム,村田ホーム,柴田郡村田町,宮城県柴田郡村田町村田字西田７３－２,村田はらからの家,提供中,0422200170,1,2018/10/1,変更,2006/10/1,2006/10/1,,,1:介護サービス包括型,1:Ⅰ型
社会福祉法人はらから福祉会,柴田ホーム,柴田ホーム,柴田郡柴田町,宮城県柴田郡柴田町東船迫２丁目４番地１５,柴田はらからの家,提供中,0422200188,1,2020/4/1,変更,2006/10/1,2006/10/1,,,1:介護サービス包括型,2:Ⅱ型
社会福祉法人はらから福祉会,柴田ホーム,柴田ホーム,柴田郡柴田町,宮城県柴田郡柴田町東船迫２丁目４番地１５,新栄はらからの家,提供中,0422200188,2,2020/4/1,変更,2006/10/1,2006/10/1,,,1:介護サービス包括型,2:Ⅱ型
社会福祉法人はらから福祉会,槻木ホーム,槻木ホーム,柴田郡柴田町,宮城県柴田郡柴田町槻木駅西２丁目６－２０,槻木ホーム,提供中,0422200196,1,2019/4/1,変更,2006/10/1,2006/10/1,,,1:介護サービス包括型,1:Ⅰ型
医療法人本多友愛会,精神障害者グループホーム　さくら荘,精神障害者グループホーム　さくら荘,柴田郡柴田町,宮城県柴田郡柴田町北船岡一丁目７番１４号,さくら荘,提供中,0422200204,1,2018/10/1,変更,2006/10/1,2006/10/1,,,2:外部サービス利用型,3:Ⅲ型
医療法人本多友愛会,精神障害者グループホーム　さくら荘,精神障害者グループホーム　さくら荘,柴田郡柴田町,宮城県柴田郡柴田町北船岡一丁目７番１４号,第二さくら荘,提供中,0422200204,2,2018/10/1,変更,2006/10/1,2011/6/1,,,2:外部サービス利用型,3:Ⅲ型
特定非営利活動法人ガンバ・ペッチャー,あったか荘,あったか荘,柴田郡川崎町,宮城県柴田郡川崎町大字前川字堀切１３番地１３,あったか荘,提供中,0422200212,1,2018/10/1,変更,2006/10/1,2006/10/1,,,2:外部サービス利用型,2:Ⅱ型
社会福祉法人　松の実福祉会,グループホームみのり,グループホームみのり,宮城郡松島町,宮城県宮城郡松島町高城字町東二１番地の３,グループホームみのり,提供中,0422600098,1,2020/4/1,変更,2006/10/1,2006/10/1,,,1:介護サービス包括型,1:Ⅰ型
社会福祉法人　松の実福祉会,グループホームみのり,グループホームみのり,宮城郡松島町,宮城県宮城郡松島町高城字町東二１番地の３,グループホームみのる,提供中,0422600098,2,2020/4/1,変更,2006/10/1,2006/10/1,,,1:介護サービス包括型,1:Ⅰ型
社会福祉法人永楽会,ホーム輝,ホーム輝,黒川郡大和町,宮城県黒川郡大和町吉岡字中町32-2,ホーム輝,提供中,0422700161,1,2020/11/1,変更,2006/10/1,2006/10/1,,,1:介護サービス包括型,1:Ⅰ型
社会福祉法人永楽会,ホーム輝,ホーム輝,黒川郡大和町,宮城県黒川郡大和町吉岡字中町32-2,ホーム茶々,提供中,0422700161,2,2019/10/1,変更,2006/10/1,2006/10/1,,,1:介護サービス包括型,1:Ⅰ型
社会福祉法人永楽会,ホーム輝,ホーム輝,黒川郡大和町,宮城県黒川郡大和町吉岡字中町32-2,ホームフラット,提供中,0422700161,3,2019/10/1,変更,2006/10/1,2006/10/1,,,1:介護サービス包括型,1:Ⅰ型
社会福祉法人永楽会,ホーム輝,ホーム輝,黒川郡大和町,宮城県黒川郡大和町吉岡字中町32-2,ホームリバー,提供中,0422700161,7,2019/10/1,変更,2006/10/1,2008/4/1,,,1:介護サービス包括型,1:Ⅰ型
社会福祉法人永楽会,ホーム輝,ホーム輝,黒川郡大和町,宮城県黒川郡大和町吉岡字中町32-2,ホームつむぎ,提供中,0422700161,8,2019/10/1,変更,2006/10/1,2012/2/1,,,1:介護サービス包括型,1:Ⅰ型
社会福祉法人永楽会,ホーム輝,ホーム輝,黒川郡大和町,宮城県黒川郡大和町吉岡字中町32-2,ホームなごみ,提供中,0422700161,9,2019/10/1,変更,2006/10/1,2012/9/1,,,1:介護サービス包括型,1:Ⅰ型
社会福祉法人宮城県社会福祉協議会,ひなた,ひなた,黒川郡大和町,宮城県黒川郡大和町吉岡字館下４６－１,上町ホーム,提供中,0422700187,1,2021/2/1,変更,2006/10/1,2006/10/1,,,1:介護サービス包括型,1:Ⅰ型
社会福祉法人宮城県社会福祉協議会,ひなた,ひなた,黒川郡大和町,宮城県黒川郡大和町吉岡字館下４６－１,つるすホーム,提供中,0422700187,11,2021/2/1,変更,2006/10/1,2008/4/1,,,1:介護サービス包括型,1:Ⅰ型
社会福祉法人宮城県社会福祉協議会,ひなた,ひなた,黒川郡大和町,宮城県黒川郡大和町吉岡字館下４６－１,まんようホーム,提供中,0422700187,13,2021/2/1,変更,2006/10/1,2008/12/1,,,1:介護サービス包括型,1:Ⅰ型
社会福祉法人宮城県社会福祉協議会,ひなた,ひなた,黒川郡大和町,宮城県黒川郡大和町吉岡字館下４６－１,第2大柳ホーム,提供中,0422700187,15,2021/2/1,変更,2006/10/1,2010/6/1,,,1:介護サービス包括型,1:Ⅰ型
社会福祉法人宮城県社会福祉協議会,ひなた,ひなた,黒川郡大和町,宮城県黒川郡大和町吉岡字館下４６－１,だいちホーム,提供中,0422700187,16,2021/2/1,変更,2006/10/1,2019/4/1,,,1:介護サービス包括型,1:Ⅰ型
社会福祉法人宮城県社会福祉協議会,ひなた,ひなた,黒川郡大和町,宮城県黒川郡大和町吉岡字館下４６－１,あゆみホーム,提供中,0422700187,17,2021/2/1,変更,2006/10/1,2019/4/1,,,1:介護サービス包括型,1:Ⅰ型
社会福祉法人宮城県社会福祉協議会,ひなた,ひなた,黒川郡大和町,宮城県黒川郡大和町吉岡字館下４６－１,ふもとホーム,提供中,0422700187,2,2021/2/1,変更,2006/10/1,2006/10/1,,,1:介護サービス包括型,1:Ⅰ型
社会福祉法人宮城県社会福祉協議会,ひなた,ひなた,黒川郡大和町,宮城県黒川郡大和町吉岡字館下４６－１,べんてんホーム,提供中,0422700187,4,2021/2/1,変更,2006/10/1,2006/10/1,,,1:介護サービス包括型,1:Ⅰ型
社会福祉法人宮城県社会福祉協議会,ひなた,ひなた,黒川郡大和町,宮城県黒川郡大和町吉岡字館下４６－１,まつの木ホーム,提供中,0422700187,5,2021/2/1,変更,2006/10/1,2006/10/1,,,1:介護サービス包括型,1:Ⅰ型
社会福祉法人宮城県社会福祉協議会,ひなた,ひなた,黒川郡大和町,宮城県黒川郡大和町吉岡字館下４６－１,吉岡ホーム,提供中,0422700187,6,2021/2/1,変更,2006/10/1,2006/10/1,,,1:介護サービス包括型,1:Ⅰ型
社会福祉法人宮城県社会福祉協議会,ひなた,ひなた,黒川郡大和町,宮城県黒川郡大和町吉岡字館下４６－１,大瓜ホーム,提供中,0422700187,7,2021/2/1,変更,2006/10/1,2007/10/1,,,1:介護サービス包括型,1:Ⅰ型
社会福祉法人宮城県社会福祉協議会,ひなた,ひなた,黒川郡大和町,宮城県黒川郡大和町吉岡字館下４６－１,翼ホーム,提供中,0422700187,8,2021/2/1,変更,2006/10/1,2008/4/1,,,1:介護サービス包括型,1:Ⅰ型
社会福祉法人宮城県社会福祉協議会,ひなた,ひなた,黒川郡大和町,宮城県黒川郡大和町吉岡字館下４６－１,おおひらホーム,提供中,0422700187,9,2021/2/1,変更,2006/10/1,2008/4/1,,,1:介護サービス包括型,1:Ⅰ型
特定非営利活動法人黒川こころの応援団,街喫茶寮ともさん,街喫茶寮ともさん,黒川郡大和町,宮城県黒川郡大和町吉岡字館下47,街喫茶寮ともさん,提供中,0422700203,1,2020/6/8,変更,2006/10/1,2006/10/1,,,1:介護サービス包括型,1:Ⅰ型
特定非営利活動法人黒川こころの応援団,街喫茶寮ともさん,街喫茶寮ともさん,黒川郡大和町,宮城県黒川郡大和町吉岡字館下47,街喫茶寮ひめ,提供中,0422700203,3,2020/5/1,変更,2006/10/1,2010/11/1,,,1:介護サービス包括型,1:Ⅰ型
特定非営利活動法人黒川こころの応援団,街喫茶寮ともさん,街喫茶寮ともさん,黒川郡大和町,宮城県黒川郡大和町吉岡字館下47,大友ハウス,提供中,0422700203,4,2019/10/1,変更,2006/10/1,2012/7/1,,,1:介護サービス包括型,1:Ⅰ型
特定非営利活動法人黒川こころの応援団,街喫茶寮ともさん,街喫茶寮ともさん,黒川郡大和町,宮城県黒川郡大和町吉岡字館下47,街喫茶寮はる,提供中,0422700203,6,2020/3/1,変更,2006/10/1,2014/5/1,,,1:介護サービス包括型,1:Ⅰ型
特定非営利活動法人ハーモニーうたつ,希望が丘,希望が丘,本吉郡南三陸町,宮城県本吉郡南三陸町歌津字管の浜８０番地４,希望が丘,提供中,0423600048,1,2020/4/1,変更,2006/10/1,2006/10/1,,,2:外部サービス利用型,1:Ⅰ型
社会福祉法人　みんなの広場,くにみ荘,くにみ荘,仙台市青葉区,宮城県仙台市青葉区三条町17-9,くにみ荘,提供中,0425100534,1,2020/4/1,変更,2006/10/1,2006/10/1,,,1:介護サービス包括型,1:Ⅰ型
社会福祉法人　みんなの広場,くにみ荘,くにみ荘,仙台市青葉区,宮城県仙台市青葉区三条町17-9,はちまん荘,提供中,0425100534,2,2020/4/1,変更,2006/10/1,2006/10/1,,,1:介護サービス包括型,1:Ⅰ型
社会福祉法人　みんなの広場,くにみ荘,くにみ荘,仙台市青葉区,宮城県仙台市青葉区三条町17-9,レディース貝ヶ森,提供中,0425100534,3,2020/4/1,変更,2006/10/1,2006/10/1,,,1:介護サービス包括型,1:Ⅰ型
社会福祉法人　みんなの広場,くにみ荘,くにみ荘,仙台市青葉区,宮城県仙台市青葉区三条町17-9,ばうむ１号館,提供中,0425100534,4,2020/4/1,変更,2006/10/1,2006/10/1,,,1:介護サービス包括型,1:Ⅰ型
社会福祉法人　みんなの広場,くにみ荘,くにみ荘,仙台市青葉区,宮城県仙台市青葉区三条町17-9,ばうむ２号館,提供中,0425100534,5,2020/4/1,変更,2006/10/1,2006/10/1,,,1:介護サービス包括型,1:Ⅰ型
社会福祉法人　みんなの広場,くにみ荘,くにみ荘,仙台市青葉区,宮城県仙台市青葉区三条町17-9,ばうむ３号館,提供中,0425100534,6,2020/4/1,変更,2006/10/1,2006/10/1,,,1:介護サービス包括型,1:Ⅰ型
特定非営利活動法人仙台ダルク・グループ,仙台ダルク,仙台ダルク,仙台市青葉区,宮城県仙台市青葉区上杉二丁目１番２６号,仙台ダルク,提供中,0425100542,1,2020/4/1,変更,2006/10/1,2006/10/1,,,2:外部サービス利用型,1:Ⅰ型
社会福祉法人千代福祉会,わーぷ,わーぷ,仙台市青葉区,宮城県仙台市青葉区芋沢字畑前北62番地,ミント,提供中,0425100575,1,2020/4/1,変更,2006/10/1,2006/10/1,,,1:介護サービス包括型,1:Ⅰ型
社会福祉法人千代福祉会,わーぷ,わーぷ,仙台市青葉区,宮城県仙台市青葉区芋沢字畑前北62番地,つくしホーム,提供中,0425100575,12,2020/4/1,変更,2006/10/1,2006/10/1,,,1:介護サービス包括型,1:Ⅰ型
社会福祉法人千代福祉会,わーぷ,わーぷ,仙台市青葉区,宮城県仙台市青葉区芋沢字畑前北62番地,開成ホーム,提供中,0425100575,13,2020/4/1,変更,2006/10/1,2006/10/1,,,1:介護サービス包括型,1:Ⅰ型
社会福祉法人千代福祉会,わーぷ,わーぷ,仙台市青葉区,宮城県仙台市青葉区芋沢字畑前北62番地,メロディ,提供中,0425100575,15,2020/10/9,変更,2006/10/1,2006/10/1,,,1:介護サービス包括型,1:Ⅰ型
社会福祉法人千代福祉会,わーぷ,わーぷ,仙台市青葉区,宮城県仙台市青葉区芋沢字畑前北62番地,コメット,提供中,0425100575,16,2020/4/1,変更,2006/10/1,2006/10/1,,,1:介護サービス包括型,1:Ⅰ型
社会福祉法人千代福祉会,わーぷ,わーぷ,仙台市青葉区,宮城県仙台市青葉区芋沢字畑前北62番地,ホーム「ばんざん」,提供中,0425100575,17,2020/4/1,変更,2006/10/1,2006/10/1,,,1:介護サービス包括型,1:Ⅰ型
社会福祉法人千代福祉会,わーぷ,わーぷ,仙台市青葉区,宮城県仙台市青葉区芋沢字畑前北62番地,マロン,提供中,0425100575,18,2020/4/1,変更,2006/10/1,2006/10/1,,,1:介護サービス包括型,1:Ⅰ型
社会福祉法人千代福祉会,わーぷ,わーぷ,仙台市青葉区,宮城県仙台市青葉区芋沢字畑前北62番地,おちあいホーム,提供中,0425100575,19,2020/4/1,変更,2006/10/1,2006/10/1,,,1:介護サービス包括型,1:Ⅰ型
社会福祉法人千代福祉会,わーぷ,わーぷ,仙台市青葉区,宮城県仙台市青葉区芋沢字畑前北62番地,ひまわりホーム,提供中,0425100575,20,2020/4/1,変更,2006/10/1,2006/10/1,,,1:介護サービス包括型,1:Ⅰ型
社会福祉法人千代福祉会,わーぷ,わーぷ,仙台市青葉区,宮城県仙台市青葉区芋沢字畑前北62番地,カインド,提供中,0425100575,21,2020/4/1,変更,2006/10/1,2007/6/1,,,1:介護サービス包括型,1:Ⅰ型
社会福祉法人千代福祉会,わーぷ,わーぷ,仙台市青葉区,宮城県仙台市青葉区芋沢字畑前北62番地,サンサン,提供中,0425100575,22,2020/4/1,変更,2006/10/1,2006/10/1,,,1:介護サービス包括型,1:Ⅰ型
社会福祉法人千代福祉会,わーぷ,わーぷ,仙台市青葉区,宮城県仙台市青葉区芋沢字畑前北62番地,やまとホーム,提供中,0425100575,23,2020/4/1,変更,2006/10/1,2006/10/1,,,1:介護サービス包括型,1:Ⅰ型
社会福祉法人千代福祉会,わーぷ,わーぷ,仙台市青葉区,宮城県仙台市青葉区芋沢字畑前北62番地,グレープ,提供中,0425100575,24,2020/4/1,変更,2006/10/1,2006/10/1,,,1:介護サービス包括型,1:Ⅰ型
社会福祉法人千代福祉会,わーぷ,わーぷ,仙台市青葉区,宮城県仙台市青葉区芋沢字畑前北62番地,メイプル,提供中,0425100575,25,2020/4/1,変更,2006/10/1,2008/4/1,,,1:介護サービス包括型,1:Ⅰ型
社会福祉法人千代福祉会,わーぷ,わーぷ,仙台市青葉区,宮城県仙台市青葉区芋沢字畑前北62番地,おれんじ,提供中,0425100575,26,2020/4/1,変更,2006/10/1,2008/4/1,,,1:介護サービス包括型,1:Ⅰ型
社会福祉法人千代福祉会,わーぷ,わーぷ,仙台市青葉区,宮城県仙台市青葉区芋沢字畑前北62番地,ひろせホーム,提供中,0425100575,3,2020/4/1,変更,2006/10/1,2006/10/1,,,1:介護サービス包括型,1:Ⅰ型
社会福祉法人千代福祉会,わーぷ,わーぷ,仙台市青葉区,宮城県仙台市青葉区芋沢字畑前北62番地,ラビットホーム,提供中,0425100575,4,2020/4/1,変更,2006/10/1,2006/10/1,,,1:介護サービス包括型,1:Ⅰ型
社会福祉法人千代福祉会,わーぷ,わーぷ,仙台市青葉区,宮城県仙台市青葉区芋沢字畑前北62番地,ふたいわホーム,提供中,0425100575,6,2020/4/1,変更,2006/10/1,2006/10/1,,,1:介護サービス包括型,1:Ⅰ型
社会福祉法人千代福祉会,わーぷ,わーぷ,仙台市青葉区,宮城県仙台市青葉区芋沢字畑前北62番地,すいめいホーム,提供中,0425100575,8,2020/4/1,変更,2006/10/1,2006/10/1,,,1:介護サービス包括型,1:Ⅰ型
社会福祉法人千代福祉会,わーぷ,わーぷ,仙台市青葉区,宮城県仙台市青葉区芋沢字畑前北62番地,きたはらホーム,提供中,0425100575,9,2020/4/1,変更,2006/10/1,2006/10/1,,,1:介護サービス包括型,1:Ⅰ型
社会福祉法人なのはな会,グループホーム・なのはな,グループホーム・なのはな,仙台市青葉区,宮城県仙台市青葉区双葉ケ丘一丁目34番１号,スピカ,提供中,0425100591,1,2020/4/1,変更,2006/10/1,2006/10/1,,,1:介護サービス包括型,1:Ⅰ型
社会福祉法人なのはな会,グループホーム・なのはな,グループホーム・なのはな,仙台市青葉区,宮城県仙台市青葉区双葉ケ丘一丁目34番１号,ライラ,提供中,0425100591,2,2020/4/1,変更,2006/10/1,2007/3/12,,,1:介護サービス包括型,1:Ⅰ型
社会福祉法人なのはな会,グループホーム・なのはな,グループホーム・なのはな,仙台市青葉区,宮城県仙台市青葉区双葉ケ丘一丁目34番１号,スターシップ,提供中,0425100591,3,2020/4/14,変更,2006/10/1,2010/5/1,,,1:介護サービス包括型,1:Ⅰ型
社会福祉法人なのはな会,グループホーム・なのはな,グループホーム・なのはな,仙台市青葉区,宮城県仙台市青葉区双葉ケ丘一丁目34番１号,スターシップ東黒松,提供中,0425100591,4,2020/4/1,変更,2006/10/1,2010/7/1,,,1:介護サービス包括型,1:Ⅰ型
社会福祉法人なのはな会,グループホーム・なのはな,グループホーム・なのはな,仙台市青葉区,宮城県仙台市青葉区双葉ケ丘一丁目34番１号,プレア,提供中,0425100591,5,2020/4/14,新規,2006/10/1,2020/4/14,,,1:介護サービス包括型,1:Ⅰ型
社会福祉法人愛子福祉会,いずみの家,いずみの家,仙台市宮城野区,宮城県仙台市宮城野区鶴ケ谷四丁目１９－８,いずみの家,提供中,0425200318,1,2020/4/1,変更,2006/10/1,2006/10/1,,,1:介護サービス包括型,1:Ⅰ型
特定非営利活動法人わたげの会,わたげ寮,わたげ寮,仙台市宮城野区,宮城県仙台市宮城野区枡江9-22,わたげ寮,提供中,0425200409,1,2020/6/1,変更,2006/10/1,2006/10/1,,2011/7/1,2:外部サービス利用型,3:Ⅲ型
医療法人吉田報恩会,春日療養園グループホーム,春日療養園グループホーム,仙台市太白区,宮城県仙台市太白区中田五丁目５番１号,陽だまり荘,提供中,0425400504,1,2020/4/1,変更,2006/10/1,2006/10/1,,,1:介護サービス包括型,1:Ⅰ型
医療法人吉田報恩会,春日療養園グループホーム,春日療養園グループホーム,仙台市太白区,宮城県仙台市太白区中田五丁目５番１号,やわらぎ荘,提供中,0425400504,2,2020/4/1,変更,2006/10/1,2007/12/1,,,1:介護サービス包括型,1:Ⅰ型
社会福祉法人ふれあいの森,グループホームふくろばら,グループホームふくろばら,仙台市太白区,宮城県仙台市太白区袋原六丁目21-19,ふくろばら（すずらん）,提供中,0425400512,1,2020/4/1,変更,2006/10/1,2006/10/1,,,1:介護サービス包括型,1:Ⅰ型
社会福祉法人ふれあいの森,グループホームふくろばら,グループホームふくろばら,仙台市太白区,宮城県仙台市太白区袋原六丁目21-19,ふくろばら（あざみ）,提供中,0425400512,2,2020/4/1,変更,2006/10/1,2006/10/1,,,1:介護サービス包括型,1:Ⅰ型
社会福祉法人ふれあいの森,グループホームふくろばら,グループホームふくろばら,仙台市太白区,宮城県仙台市太白区袋原六丁目21-19,ふくろばら（かたくり）,提供中,0425400512,3,2020/4/1,変更,2006/10/1,2012/4/1,,,1:介護サービス包括型,1:Ⅰ型
社会福祉法人ふれあいの森,グループホームふくろばら,グループホームふくろばら,仙台市太白区,宮城県仙台市太白区袋原六丁目21-19,ハイム上杉,提供中,0425400512,4,2020/4/1,変更,2006/10/1,2015/10/1,,,1:介護サービス包括型,1:Ⅰ型
社会福祉法人ふれあいの森,グループホームふくろばら,グループホームふくろばら,仙台市太白区,宮城県仙台市太白区袋原六丁目21-19,グループホームふくろばら・コスモス,提供中,0425400512,5,2020/4/1,変更,2006/10/1,2017/9/20,,,1:介護サービス包括型,1:Ⅰ型
特定非営利活動法人　宮城県断酒会,アルコール・リハビリホーム（ＡＲＨ）,アルコール・リハビリホーム（ＡＲＨ）,仙台市太白区,宮城県仙台市太白区向山二丁目１２－３,アルコール・リハビリホーム（ARH),提供中,0425400520,1,2020/4/1,変更,2006/10/1,2006/10/1,,,1:介護サービス包括型,2:Ⅱ型
特定非営利活動法人だんでらいおん,グループホームだんでらいおん,グループホームだんでらいおん,仙台市太白区,宮城県仙台市太白区四郎丸字前89-1,グループホームだんでらいおんⅠ,提供中,0425400538,1,2020/4/1,変更,2006/10/1,2006/10/1,,,2:外部サービス利用型,1:Ⅰ型
特定非営利活動法人だんでらいおん,グループホームだんでらいおん,グループホームだんでらいおん,仙台市太白区,宮城県仙台市太白区四郎丸字前89-1,グループホームだんでらいおんⅡ,提供中,0425400538,2,2020/4/1,変更,2006/10/1,2007/10/31,,,2:外部サービス利用型,1:Ⅰ型
特定非営利活動法人だんでらいおん,グループホームだんでらいおん,グループホームだんでらいおん,仙台市太白区,宮城県仙台市太白区四郎丸字前89-1,グループホームだんでらいおんⅢ号館,提供中,0425400538,4,2020/4/1,変更,2006/10/1,2012/7/1,,,2:外部サービス利用型,1:Ⅰ型
特定非営利活動法人だんでらいおん,グループホームだんでらいおん,グループホームだんでらいおん,仙台市太白区,宮城県仙台市太白区四郎丸字前89-1,グループホームだんでいらいおんⅣ号館,提供中,0425400538,5,2020/4/1,変更,2006/10/1,2012/7/1,,,2:外部サービス利用型,1:Ⅰ型
特定非営利活動法人だんでらいおん,グループホームだんでらいおん,グループホームだんでらいおん,仙台市太白区,宮城県仙台市太白区四郎丸字前89-1,グループホームだんでらいおんⅤ号館,提供中,0425400538,6,2020/4/1,変更,2006/10/1,2017/12/1,,,2:外部サービス利用型,1:Ⅰ型
特定非営利活動法人ハンス・バーガー協会,リヴィール,リヴィール,仙台市太白区,宮城県仙台市太白区柳生七丁目２番地の12,リヴィール,提供中,0425400553,1,2020/4/1,変更,2006/10/1,2006/10/1,,,1:介護サービス包括型,1:Ⅰ型
特定非営利活動法人ハンス・バーガー協会,リヴィール,リヴィール,仙台市太白区,宮城県仙台市太白区柳生七丁目２番地の12,ポールト,提供中,0425400553,2,2020/4/1,変更,2006/10/1,2006/10/1,,,1:介護サービス包括型,1:Ⅰ型
特定非営利活動法人ハンス・バーガー協会,リヴィール,リヴィール,仙台市太白区,宮城県仙台市太白区柳生七丁目２番地の12,アールト,提供中,0425400553,3,2020/12/1,変更,2006/10/1,2006/10/1,,,1:介護サービス包括型,1:Ⅰ型
特定非営利活動法人ハンス・バーガー協会,リヴィール,リヴィール,仙台市太白区,宮城県仙台市太白区柳生七丁目２番地の12,カナール,提供中,0425400553,4,2020/6/1,変更,2006/10/1,2009/12/1,,,1:介護サービス包括型,1:Ⅰ型
特定非営利活動法人ハンス・バーガー協会,リヴィール,リヴィール,仙台市太白区,宮城県仙台市太白区柳生七丁目２番地の12,スキップ,提供中,0425400553,5,2020/12/1,変更,2006/10/1,2012/5/1,,,1:介護サービス包括型,1:Ⅰ型
特定非営利活動法人ハンス・バーガー協会,リヴィール,リヴィール,仙台市太白区,宮城県仙台市太白区柳生七丁目２番地の12,ハーヴェン,提供中,0425400553,6,2020/12/1,変更,2006/10/1,2013/1/1,,,1:介護サービス包括型,1:Ⅰ型
特定非営利活動法人ハンス・バーガー協会,リヴィール,リヴィール,仙台市太白区,宮城県仙台市太白区柳生七丁目２番地の12,ヘーメル,提供中,0425400553,7,2020/6/1,変更,2006/10/1,2017/9/26,,,1:介護サービス包括型,1:Ⅰ型
特定非営利活動法人ハンス・バーガー協会,リヴィール,リヴィール,仙台市太白区,宮城県仙台市太白区柳生七丁目２番地の12,カールスⅡ,提供中,0425400553,8,2020/4/1,変更,2006/10/1,2017/11/20,,,1:介護サービス包括型,1:Ⅰ型
特定非営利活動法人ハンス・バーガー協会,リヴィール,リヴィール,仙台市太白区,宮城県仙台市太白区柳生七丁目２番地の12,カールスⅠ,提供中,0425400553,9,2020/4/1,変更,2006/10/1,2018/9/1,,,1:介護サービス包括型,1:Ⅰ型
社会福祉法人宮城県社会福祉協議会,富ヶ丘ホーム,富ヶ丘ホーム,仙台市泉区,宮城県仙台市泉区泉ケ丘五丁目２６－１７,富ヶ丘ホーム,提供中,0425500311,1,2021/2/1,変更,2006/10/1,2006/10/1,,,1:介護サービス包括型,1:Ⅰ型
社会福祉法人宮城県社会福祉協議会,富ヶ丘ホーム,富ヶ丘ホーム,仙台市泉区,宮城県仙台市泉区泉ケ丘五丁目２６－１７,ラビットホーム,提供中,0425500311,2,2021/2/1,変更,2006/10/1,2006/10/1,,,1:介護サービス包括型,1:Ⅰ型
社会福祉法人宮城県社会福祉協議会,富ヶ丘ホーム,富ヶ丘ホーム,仙台市泉区,宮城県仙台市泉区泉ケ丘五丁目２６－１７,ぽてとホーム,提供中,0425500311,3,2021/2/1,変更,2006/10/1,2006/10/1,,,1:介護サービス包括型,1:Ⅰ型
社会福祉法人愛泉会,障害者共同生活援助　萩,障害者共同生活援助　萩,仙台市泉区,宮城県仙台市泉区七北田字道２９－１,第一萩,提供中,0425500337,1,2020/4/1,変更,2006/10/1,2006/10/1,,,1:介護サービス包括型,1:Ⅰ型
社会福祉法人愛泉会,障害者共同生活援助　萩,障害者共同生活援助　萩,仙台市泉区,宮城県仙台市泉区七北田字道２９－１,グループホーム野ばら,提供中,0425500337,3,2020/4/1,変更,2006/10/1,2006/10/1,,,1:介護サービス包括型,1:Ⅰ型
社会福祉法人愛泉会,障害者共同生活援助　萩,障害者共同生活援助　萩,仙台市泉区,宮城県仙台市泉区七北田字道２９－１,天神沢ホーム,提供中,0425500337,4,2020/4/1,変更,2006/10/1,2006/10/1,,,1:介護サービス包括型,1:Ⅰ型
社会福祉法人愛泉会,障害者共同生活援助　萩,障害者共同生活援助　萩,仙台市泉区,宮城県仙台市泉区七北田字道２９－１,第二萩,提供中,0425500337,5,2020/4/1,変更,2006/10/1,2006/10/1,,,1:介護サービス包括型,1:Ⅰ型
社会福祉法人愛泉会,障害者共同生活援助　萩,障害者共同生活援助　萩,仙台市泉区,宮城県仙台市泉区七北田字道２９－１,長命ヶ丘ホーム,提供中,0425500337,6,2020/4/1,変更,2006/10/1,2006/10/1,,,1:介護サービス包括型,1:Ⅰ型
社会福祉法人愛泉会,障害者共同生活援助　萩,障害者共同生活援助　萩,仙台市泉区,宮城県仙台市泉区七北田字道２９－１,つくしホーム,提供中,0425500337,7,2020/4/1,変更,2006/10/1,2006/10/1,,,1:介護サービス包括型,1:Ⅰ型
社会福祉法人愛泉会,障害者共同生活援助　萩,障害者共同生活援助　萩,仙台市泉区,宮城県仙台市泉区七北田字道２９－１,銀河,提供中,0425500337,8,2020/4/1,変更,2006/10/1,2013/4/1,,,1:介護サービス包括型,1:Ⅰ型